text,filename,,,
"æ, ø, å. Et æble, en ø, et år.",d0-l01-a.mp3,,,
"A B C D E F G H I J K L M N O P Q R S T U V W X Y Z Æ Ø Å et æble · en ø · et år · mad · en gade · tak Her er en kat og en hund. En kat er i et hus. En hund er på en gade. Her er en bil og en bog. En bil er på en gade, og en bog er i en skole. Her er mad: et æble. Et æble er mad. Æ, ø og å er tre nye bogstaver. Et æble, en ø og et år har de nye bogstaver. Æ er i æble. Ø er i ø. Å er i år. Vi staver: K-A-T er en kat. H-U-S er et hus. B-I-L er en bil. B-O-G er en bog. Et navn har også bogstaver: S-A-R-A er et navn. Hør bogstaverne: A, B, C, D, E, F, G. H, I, J, K, L, M, N. O, P, Q, R, S, T, U. V, W, X, Y, Z — og Æ, Ø, Å. Nu har du alfabetet! Mad og gade har et blødt d. Hej, ja, nej, og og tak er små ord. Hej! Jeg er Sara, og du er Omar. Et æble til dig? — Ja tak! Hej hej! Et år, to år. En gade, et hus. En kat, en hund. Du og jeg — jeg og du. Ja, ja, ja! Nej, nej, nej! Æ, ø, å. Æ, ø, å. Æ, ø, å! Og tak for i dag! Dialog: Navne og bogstaver — Hej! Jeg hedder Sara. Hvad er dit navn? — Mit navn er Omar. Jeg staver: O-M-A-R. — Tak! Kan du stave mit navn? — Ja. S-A-R-A. Det er et godt navn. — Her er en dreng og en pige. En dreng hedder Åge. Å-G-E. Et navn med å! — Og en pige hedder Søs. S-Ø-S. Et navn med ø! — Æ, ø og å er tre bogstaver. Et bogstav, to bogstaver. — Er en kat et bogstav? — Nej! En kat er ikke et bogstav. K-A-T er tre bogstaver: k, a og t. — Og et æble? — Æ-B-L-E. Fire bogstaver — og et æble er mad! — Tak for i dag! Hej hej!",d0-l01-t.mp3,,,
æ — et æble,d0-l01-c1.mp3,,,
ø — en ø,d0-l01-c2.mp3,,,
å — et år,d0-l01-c3.mp3,,,
mad,d0-l01-c4.mp3,,,
en kat og en hund,d0-l01-c5.mp3,,,
K-A-T — kat,d0-l01-c6.mp3,,,
et æble,d0-l01-v01.mp3,,,
en ø,d0-l01-v02.mp3,,,
et år,d0-l01-v03.mp3,,,
en gade,d0-l01-v05.mp3,,,
tak,d0-l01-v06.mp3,,,
ja,d0-l01-v07.mp3,,,
nej,d0-l01-v08.mp3,,,
og,d0-l01-v09.mp3,,,
jeg,d0-l01-v10.mp3,,,
du,d0-l01-v11.mp3,,,
hej,d0-l01-v12.mp3,,,
en kat,d0-l01-v13.mp3,,,
en hund,d0-l01-v14.mp3,,,
et hus,d0-l01-v15.mp3,,,
en bil,d0-l01-v16.mp3,,,
en bog,d0-l01-v17.mp3,,,
en skole,d0-l01-v18.mp3,,,
et navn,d0-l01-v19.mp3,,,
at stave (staver),d0-l01-v20.mp3,,,
en dreng,d0-l01-v21.mp3,,,
en pige,d0-l01-v22.mp3,,,
et bogstav,d0-l01-v23.mp3,,,
A B C D E F G H I J K L M N O P Q R S T U V W X Y Z Æ Ø Å et æble · en ø · et år · mad · en gade · tak,d0-l01-r9.mp3,,,
Her er en kat og en hund. En kat er i et hus. En hund er på en gade.,d0-l01-r12.mp3,,,
En dreng hedder Åge. Å-G-E. Et navn med å!,d0-l01-r16.mp3,,,
Hej! Jeg hedder Sara. Hvad hedder du?,d0-l02-a.mp3,,,
"— Hej! Hvad hedder du? — Jeg hedder Sara. Og du? — Jeg hedder Omar. Jeg er fra Iran. — Hvordan går det? — Det går godt, tak! — Velkommen, Omar! Taler du dansk? — Ja, jeg taler lidt dansk. Jeg taler også persisk. — Godt! Vi ses! — Farvel! Sara er fra Iran. Hun taler persisk, og hun taler lidt dansk. Omar er også fra Iran. Han taler persisk og dansk. Sara og Omar taler dansk i en skole. Godmorgen! Jeg hedder Lena, og jeg er fra Danmark. Goddag! Jeg hedder Ali, og jeg er fra Iran. Godaften! Jeg hedder Sara. Hvordan går det? Det går godt, tak. Og du? Det går godt! Dansk er et sprog. Persisk er også et sprog. Lena taler dansk. Ali og Sara taler persisk og lidt dansk. De taler dansk i en skole, og det går godt. Hvad taler du? — Godaften! Hvad hedder du? — Jeg hedder Mina, og jeg er fra Iran. Og du? — Jeg hedder Lars. Jeg er fra Danmark. Velkommen! — Tak! Hvordan går det? — Det går godt, tak! Vi ses! Sara og Lena Sara er i en skole i Danmark. Lena er også i skolen. Lena siger godmorgen, og Sara siger hej. De taler dansk. Sara taler lidt dansk, og hun taler også persisk. Lena er fra Danmark, og hun taler dansk. Sara siger: «Jeg hedder Sara. Hvad hedder du?» Lena siger: «Jeg hedder Lena. Velkommen!» Det går godt. Sara og Lena er venner. En ven er god. Om aftenen siger Sara godaften. Lena siger farvel og vi ses. I morgen taler de dansk igen. Sara siger tak for i dag. Det er en god dag i skolen.",d0-l02-t.mp3,,,
Hej! Jeg hedder Omar.,d0-l02-c1.mp3,,,
Hvad hedder du?,d0-l02-c2.mp3,,,
Jeg er fra Iran.,d0-l02-c3.mp3,,,
"Hvordan går det? — Det går godt, tak.",d0-l02-c4.mp3,,,
Jeg taler lidt dansk.,d0-l02-c5.mp3,,,
Velkommen!,d0-l02-c6.mp3,,,
godmorgen,d0-l02-v02.mp3,,,
goddag,d0-l02-v03.mp3,,,
godaften,d0-l02-v04.mp3,,,
farvel,d0-l02-v05.mp3,,,
vi ses,d0-l02-v06.mp3,,,
at hedde,d0-l02-v07.mp3,,,
at være (er),d0-l02-v08.mp3,,,
fra,d0-l02-v09.mp3,,,
hvordan går det?,d0-l02-v10.mp3,,,
det går godt,d0-l02-v11.mp3,,,
undskyld,d0-l02-v12.mp3,,,
hun,d0-l02-v13.mp3,,,
han,d0-l02-v14.mp3,,,
at tale (taler),d0-l02-v15.mp3,,,
et sprog,d0-l02-v16.mp3,,,
dansk,d0-l02-v17.mp3,,,
persisk,d0-l02-v18.mp3,,,
lidt,d0-l02-v19.mp3,,,
velkommen,d0-l02-v20.mp3,,,
en ven,d0-l02-v21.mp3,,,
at sige (siger),d0-l02-v22.mp3,,,
igen,d0-l02-v23.mp3,,,
jeg hedder Omar,d0-l02-l6.mp3,,,
"— Hej! Hvad hedder du? — Jeg hedder Sara. Og du? — Jeg hedder Omar. Jeg er fra Iran. — Hvordan går det? — Det går godt, tak!",d0-l02-r9.mp3,,,
"Sara er fra Iran. Hun taler persisk, og hun taler lidt dansk. Omar er også fra Iran. Han taler persisk og dansk.",d0-l02-r12.mp3,,,
jeg taler lidt dansk,d0-l02-l13.mp3,,,
"Sara taler lidt dansk, og hun taler også persisk.",d0-l02-r16.mp3,,,
"En, to, tre, fire, fem. Hvad er klokken? Klokken er fem.",d0-l03-a.mp3,,,
"nul · en · to · tre · fire · fem · seks · syv · otte · ni · ti mandag · tirsdag · onsdag · torsdag · fredag · lørdag · søndag — Hvad er klokken? — Klokken er ni. Vi ses i morgen! En uge har syv dage: mandag, tirsdag, onsdag, torsdag, fredag, lørdag og søndag. Lørdag og søndag er weekend. I dag er det tirsdag. I morgen er det onsdag. — Hej! Hvad er klokken? — Klokken er elleve. — Nej, nej! Klokken er tolv! — Okay! Vi ses om en time! — Ja, vi ses! En, to, tre — fire, fem, seks — syv, otte, ni — ti, elleve, tolv! Tolv er et tal, og ti er også et tal. Hvad er klokken i Iran i dag? Og hvad er klokken i Danmark? En god dag har ti gode timer! — Hej! Hvad er klokken nu? — Klokken er fire. — Tak! Vi ses mandag klokken otte! — Ja, vi ses mandag. Farvel! En dag, to dage, syv dage — en uge! I dag er det fredag. I morgen er det lørdag — weekend! En time, to timer, tolv timer. Et tal, to tal. Og tak for i dag! Min uge Jeg går i skole fire dage. Mandag klokken ni, tirsdag klokken ti, onsdag klokken ni og torsdag klokken otte. Fredag er jeg hjemme. Lørdag og søndag er weekend. I dag er det mandag. Klokken er syv nu. Klokken ni er jeg i skolen. Jeg tæller: en, to, tre, fire, fem, seks, syv, otte, ni, ti. Ti dage er en uge og tre dage. I morgen er det tirsdag. Om en time er klokken otte. Vi ses klokken ti! En god uge har syv gode dage.",d0-l03-t.mp3,,,
Hvad er klokken?,d0-l03-c1.mp3,,,
Klokken er syv.,d0-l03-c2.mp3,,,
I dag er det mandag.,d0-l03-c3.mp3,,,
Vi ses i morgen!,d0-l03-c4.mp3,,,
Klokken er tolv.,d0-l03-c5.mp3,,,
Lørdag og søndag er weekend.,d0-l03-c6.mp3,,,
en,d0-l03-v01.mp3,,,
to,d0-l03-v02.mp3,,,
tre,d0-l03-v03.mp3,,,
fire,d0-l03-v04.mp3,,,
fem,d0-l03-v05.mp3,,,
seks,d0-l03-v06.mp3,,,
syv,d0-l03-v07.mp3,,,
otte,d0-l03-v08.mp3,,,
ni,d0-l03-v09.mp3,,,
ti,d0-l03-v10.mp3,,,
klokken,d0-l03-v11.mp3,,,
i dag,d0-l03-v12.mp3,,,
i morgen,d0-l03-v13.mp3,,,
en uge,d0-l03-v14.mp3,,,
elleve,d0-l03-v15.mp3,,,
tolv,d0-l03-v16.mp3,,,
en time,d0-l03-v17.mp3,,,
en dag,d0-l03-v18.mp3,,,
en weekend,d0-l03-v19.mp3,,,
et tal,d0-l03-v20.mp3,,,
at tælle (tæller),d0-l03-v21.mp3,,,
nu,d0-l03-v22.mp3,,,
hjemme,d0-l03-v23.mp3,,,
nul · en · to · tre · fire · fem · seks · syv · otte · ni · ti mandag · tirsdag · onsdag · torsdag · fredag · lørdag · søndag — Hvad er klokken? — Klokken er ni. Vi ses i morgen!,d0-l03-r9.mp3,,,
klokken er ni,d0-l03-l11.mp3,,,
"En uge har syv dage: mandag, tirsdag, onsdag, torsdag, fredag, lørdag og søndag. Lørdag og søndag er weekend.",d0-l03-r12.mp3,,,
en uge har syv dage,d0-l03-l13.mp3,,,
Fredag er jeg hjemme. Lørdag og søndag er weekend.,d0-l03-r16.mp3,,,
"Jeg har en mor, en far og en søster.",d0-l04-a.mp3,,,
"Min familie Jeg hedder Sara. Jeg har en mor, en far og to brødre. Min mor hedder Mina, og min far hedder Ali. Vi er fem i familien. Har du en stor familie? Min bedstemor hedder Ziba. Hun er gammel. Min bedstefar hedder Reza. Han er også gammel. De bor i Iran, og de har et lille hus. Min far er gift med min mor. Mine brødre er unge, og jeg er også ung. Vi bor i Danmark. Jeg taler persisk med min mor og min far, og jeg taler dansk med mine brødre. Og du? Har du en stor familie? Har du brødre? Har du børn? Min familie er stor. Er din familie stor? Omar er gift. Han har en kone og et barn. Har du en kone? Har du en mand? Har du et barn — har du to børn? Jeg har også en bedstemor i Danmark. Hun hedder Karen. Karen har en datter og en søn. Hun har et lille hus og en stor have. Min familie og min bedstemor Karen — vi er en stor familie! Min mor har også en søster. Hun er ung, og hun har to børn. Dialog: Har du en stor familie? — Hej Omar! Har du en stor familie? — Ja! Jeg har en kone og to børn — en datter og en søn. — Hvad hedder din kone? — Hun hedder Aisha. Og du, Sara? Har du børn? — Nej, jeg har ikke børn. Men jeg har to brødre og en søster. — Er din søster gammel? — Nej, hun er ung! Hun går i skole. — Bor din familie i Danmark? — Min mor og min far bor i Iran. Mine brødre bor i Danmark. — Min familie bor her. Min mor er gammel, og hun har et lille hus. — Bor din familie i et hus? — Ja, et lille hus. Og din familie? — Vi bor i Danmark nu. — Din familie er stor og god! — Ja, tak! Vi ses!",d0-l04-t.mp3,,,
Jeg har en bror og en søster.,d0-l04-c1.mp3,,,
Min mor hedder Mina.,d0-l04-c2.mp3,,,
Har du børn?,d0-l04-c3.mp3,,,
Mit barn er tre år.,d0-l04-c4.mp3,,,
Min bedstemor er gammel.,d0-l04-c5.mp3,,,
Min far er gift med min mor.,d0-l04-c6.mp3,,,
en familie,d0-l04-v01.mp3,,,
en mor,d0-l04-v02.mp3,,,
en far,d0-l04-v03.mp3,,,
en søster,d0-l04-v04.mp3,,,
en bror,d0-l04-v05.mp3,,,
en datter,d0-l04-v06.mp3,,,
en søn,d0-l04-v07.mp3,,,
et barn,d0-l04-v08.mp3,,,
børn,d0-l04-v09.mp3,,,
en mand,d0-l04-v10.mp3,,,
en kone,d0-l04-v11.mp3,,,
forældre,d0-l04-v12.mp3,,,
at have (har),d0-l04-v13.mp3,,,
stor,d0-l04-v14.mp3,,,
en bedstemor,d0-l04-v15.mp3,,,
en bedstefar,d0-l04-v16.mp3,,,
gift,d0-l04-v17.mp3,,,
ung,d0-l04-v18.mp3,,,
gammel,d0-l04-v19.mp3,,,
lille,d0-l04-v20.mp3,,,
din / dit / dine,d0-l04-v21.mp3,,,
ikke,d0-l04-v22.mp3,,,
her,d0-l04-v23.mp3,,,
min familie,d0-l04-l7.mp3,,,
"Min familie Jeg hedder Sara. Jeg har en mor, en far og to brødre. Min mor hedder Mina, og min far hedder Ali. Vi er fem i familien. Har du en stor familie?",d0-l04-r9.mp3,,,
har du en stor familie,d0-l04-l11.mp3,,,
"Min bedstemor hedder Ziba. Hun er gammel. Min bedstefar hedder Reza. Han er også gammel. De bor i Iran, og de har et lille hus.",d0-l04-r12.mp3,,,
min bedstemor er gammel,d0-l04-l13.mp3,,,
"Nej, jeg har ikke børn. Men jeg har to brødre og en søster.",d0-l04-r16.mp3,,,
Jeg vil gerne have en kaffe. Hvad koster det?,d0-l05-a.mp3,,,
"I bageriet — Goddag! Jeg vil gerne have et brød og to kager. — Ja tak. Andet? — Nej tak. Hvad koster det? — Det koster femogtyve kroner. — Værsgo! — Tak. Hav en god dag! Jeg køber mad i dag. Jeg køber frugt: et æble og en banan. Jeg køber også fisk og kød. Kød er dyrt, og frugt er billigt. — Godmorgen! Jeg vil gerne have kaffe med mælk og sukker. — Ja tak. Andet? — Ja, et æble og en banan, tak. Hvad koster det? — Det koster tyve kroner. — Værsgo! — Tak. Hav en god dag! I et bageri køber jeg brød og kager. Brød er billigt, og kager er dyre. Jeg drikker kaffe med mælk, og jeg drikker te med sukker. — Goddag! Jeg vil gerne have to æg, en ost og mælk. — Ja tak. Andet? — Ja, fisk og frugt, tak. Hvad koster det? — Det koster femogtyve kroner. — Værsgo! — Tak. Hav en god dag! Te er billigt, og vand er billigt. Kød er dyrt, og fisk er også dyrt. Jeg køber frugt og brød i dag — og en kage til min mor! I butikken I dag køber jeg mad i en butik. Jeg tager en liter mælk, et brød og seks æg. En liter mælk koster ti kroner. Et brød koster tolv kroner, og æg er billige. Jeg tager også en ost. En ost er dyr. Min mor køber frugt: fire æbler og to bananer. Frugt er billig. Vi køber ikke kød i dag. Kød er dyrt! Jeg har penge: tyve kroner. «Hvad koster det?» — «Det koster tyve kroner.» Jeg drikker kaffe med mælk hjemme, og min mor drikker te med sukker. Det er en god dag i butikken!",d0-l05-t.mp3,,,
Jeg vil gerne have et brød.,d0-l05-c1.mp3,,,
Hvad koster det?,d0-l05-c2.mp3,,,
Det koster ti kroner.,d0-l05-c3.mp3,,,
Det er billigt!,d0-l05-c4.mp3,,,
Jeg køber frugt: et æble og en banan.,d0-l05-c5.mp3,,,
"Kød er dyrt, og frugt er billigt.",d0-l05-c6.mp3,,,
et brød,d0-l05-v01.mp3,,,
mælk,d0-l05-v02.mp3,,,
en ost,d0-l05-v03.mp3,,,
et æg,d0-l05-v04.mp3,,,
kaffe,d0-l05-v05.mp3,,,
te,d0-l05-v06.mp3,,,
vand,d0-l05-v07.mp3,,,
en kage,d0-l05-v08.mp3,,,
at købe,d0-l05-v09.mp3,,,
det koster,d0-l05-v10.mp3,,,
penge,d0-l05-v11.mp3,,,
en krone,d0-l05-v12.mp3,,,
billig,d0-l05-v13.mp3,,,
dyr,d0-l05-v14.mp3,,,
et bageri,d0-l05-v15.mp3,,,
frugt,d0-l05-v16.mp3,,,
en banan,d0-l05-v17.mp3,,,
fisk,d0-l05-v18.mp3,,,
kød,d0-l05-v19.mp3,,,
sukker,d0-l05-v20.mp3,,,
en butik,d0-l05-v21.mp3,,,
en liter,d0-l05-v22.mp3,,,
at tage (tager),d0-l05-v23.mp3,,,
I bageriet — Goddag! Jeg vil gerne have et brød og to kager. — Ja tak. Andet? — Nej tak. Hvad koster det? — Det koster femogtyve kroner. — Værsgo! — Tak. Hav en god dag!,d0-l05-r9.mp3,,,
hvad koster det,d0-l05-l11.mp3,,,
Jeg køber mad i dag. Jeg køber frugt: et æble og en banan. Jeg køber også fisk og kød.,d0-l05-r12.mp3,,,
kaffe med mælk og sukker,d0-l05-l13.mp3,,,
En liter mælk koster ti kroner. Et brød koster tolv kroner.,d0-l05-r16.mp3,,,
en liter mælk,d0-l05-l19.mp3,,,
Jeg bor i en lejlighed. Der er tre værelser.,d0-l06-a.mp3,,,
"Min lejlighed Jeg bor i en lejlighed i Aarhus. Der er tre værelser, et køkken og et badeværelse. Stuen er stor, og der er to vinduer. Jeg har et bord, fire stole og en seng. I stuen er der en sofa og en lampe. I køkkenet er der et køleskab, et bord og fire stole. Jeg lejer min lejlighed. Min lejlighed er billig. Min bror bor i et hus med to etager. Der er en have, og haven er stor. Hvor bor du? Bor du i et hus? Har du en have? I mit værelse er der en seng, et bord og en lampe. Der er også to vinduer, og der er en dør. Mit køkken er lille, og min stue er stor. I stuen er der to vinduer og en dør. Der er også et bord og en lampe. — Hvor bor du? — Jeg bor i et hus i København. Der er fem værelser og to etager. Og du? — Jeg bor i en lejlighed i Aarhus. Der er to værelser og en stor stue. — Har du en have? — Ja! Haven er lille. Et hus, en lejlighed, et værelse — hvor bor du? Min seng er stor, og mit værelse er godt. Jeg bor godt — og du? Bor du godt? Dialog: Min nye lejlighed — Hej Sara! Hvor bor du nu? — Jeg bor i en ny lejlighed i Aarhus! — Er den stor? — Der er to værelser, en stue og et lille køkken. — Er der et badeværelse? — Ja, et lille badeværelse med et vindue. — Har du en seng og et bord? — Ja! I mit værelse er der en seng, et bord og en lampe. — Er der en sofa i stuen? — Ja, en stor sofa. Og der er to vinduer. Jeg lejer min lejlighed. — Er den dyr? — Nej, den er billig! — Har du en have? — Nej, der er ikke en have. — Har du en god nabo? — Ja, min nabo hedder Karen. Hun er god! — Godt! Velkommen til Aarhus!",d0-l06-t.mp3,,,
Jeg bor i en lejlighed.,d0-l06-c1.mp3,,,
Hvor bor du?,d0-l06-c2.mp3,,,
Der er to værelser.,d0-l06-c3.mp3,,,
Køkkenet er stort.,d0-l06-c4.mp3,,,
Der er en sofa i stuen.,d0-l06-c5.mp3,,,
Jeg lejer min lejlighed.,d0-l06-c6.mp3,,,
at bo,d0-l06-v01.mp3,,,
en lejlighed,d0-l06-v03.mp3,,,
et værelse,d0-l06-v04.mp3,,,
et køkken,d0-l06-v05.mp3,,,
et badeværelse,d0-l06-v06.mp3,,,
en stue,d0-l06-v07.mp3,,,
en dør,d0-l06-v08.mp3,,,
et vindue,d0-l06-v09.mp3,,,
et bord,d0-l06-v10.mp3,,,
en stol,d0-l06-v11.mp3,,,
en seng,d0-l06-v12.mp3,,,
der er,d0-l06-v13.mp3,,,
hvor,d0-l06-v14.mp3,,,
en sofa,d0-l06-v15.mp3,,,
en lampe,d0-l06-v16.mp3,,,
et køleskab,d0-l06-v17.mp3,,,
en have,d0-l06-v18.mp3,,,
en etage,d0-l06-v19.mp3,,,
at leje (lejer),d0-l06-v20.mp3,,,
ny,d0-l06-v21.mp3,,,
den / det,d0-l06-v22.mp3,,,
en nabo,d0-l06-v23.mp3,,,
"Min lejlighed Jeg bor i en lejlighed i Aarhus. Der er tre værelser, et køkken og et badeværelse. Stuen er stor, og der er to vinduer. Jeg har et bord, fire stole og en seng.",d0-l06-r9.mp3,,,
der er tre værelser,d0-l06-l11.mp3,,,
"I stuen er der en sofa og en lampe. I køkkenet er der et køleskab, et bord og fire stole.",d0-l06-r12.mp3,,,
der er en sofa i stuen,d0-l06-l13.mp3,,,
"Der er to værelser, en stue og et lille køkken.",d0-l06-r16.mp3,,,
"Gå ligeud, og så til højre.",d0-l07-a.mp3,,,
"På gaden — Undskyld! Hvor er biblioteket? — Gå ligeud, og så til venstre ved banken. — Er det langt? — Nej, fem minutter. — Mange tak! — Det var så lidt. Byen har et torv og en park. Ved torvet ligger et hotel og en kirke. Kirken er gammel, og parken er stor. Bussen kører til stationen. Toget kører til København. Supermarkedet ligger på vejen til stationen, og apoteket ligger ved torvet. — Undskyld, hvor ligger parken? — Gå ligeud til torvet, og så til højre. — Er det langt? — Nej, to minutter. — Mange tak! — Selv tak! — Undskyld, hvor er supermarkedet? — Gå til venstre ved kirken, og så ligeud. — Er det langt? — Nej, det ligger ved parken. — Mange tak! Jeg har en cykel. Jeg kører til torvet på min cykel. Ved torvet er der også et bibliotek og en bank. Banken ligger til højre, og biblioteket ligger til venstre. Toget til København kører klokken ti, og bussen kører klokken ni. Min by har en god park og et stort torv. Vejen til stationen Amir bor i en lille by. Byen har et torv, en park og en gammel kirke. I dag går Amir til stationen. Han går ligeud til torvet. Ved torvet ligger banken og apoteket. Han går til højre ved banken. Nu ligger stationen ved parken. Det er ikke langt — ti minutter. Ved stationen er der en bus og et tog. Bussen kører til biblioteket, og toget kører til København. Amir tager toget. Toget kører klokken ni. Amir er der klokken otte. Han har en bog og et æble. En god tur til København!",d0-l07-t.mp3,,,
"Undskyld, hvor er stationen?",d0-l07-c1.mp3,,,
Gå ligeud.,d0-l07-c2.mp3,,,
Det er til højre.,d0-l07-c3.mp3,,,
Banken ligger til venstre.,d0-l07-c4.mp3,,,
Bussen kører til stationen.,d0-l07-c5.mp3,,,
Ved torvet ligger en kirke.,d0-l07-c6.mp3,,,
en by,d0-l07-v01.mp3,,,
en station,d0-l07-v02.mp3,,,
en bus,d0-l07-v03.mp3,,,
et tog,d0-l07-v04.mp3,,,
en cykel,d0-l07-v05.mp3,,,
en bank,d0-l07-v06.mp3,,,
et apotek,d0-l07-v07.mp3,,,
et bibliotek,d0-l07-v08.mp3,,,
et supermarked,d0-l07-v09.mp3,,,
til højre,d0-l07-v10.mp3,,,
til venstre,d0-l07-v11.mp3,,,
ligeud,d0-l07-v12.mp3,,,
at ligge (ligger),d0-l07-v13.mp3,,,
langt,d0-l07-v14.mp3,,,
et torv,d0-l07-v15.mp3,,,
en park,d0-l07-v16.mp3,,,
et hotel,d0-l07-v17.mp3,,,
en kirke,d0-l07-v18.mp3,,,
en vej,d0-l07-v19.mp3,,,
at køre (kører),d0-l07-v20.mp3,,,
ved,d0-l07-v21.mp3,,,
et minut (minutter),d0-l07-v22.mp3,,,
en tur,d0-l07-v23.mp3,,,
"På gaden — Undskyld! Hvor er biblioteket? — Gå ligeud, og så til venstre ved banken. — Er det langt? — Nej, fem minutter. — Mange tak! — Det var så lidt.",d0-l07-r9.mp3,,,
gå ligeud,d0-l07-l11.mp3,,,
"Byen har et torv og en park. Ved torvet ligger et hotel og en kirke. Kirken er gammel, og parken er stor.",d0-l07-r12.mp3,,,
bussen kører til stationen,d0-l07-l13.mp3,,,
Han går til højre ved banken. Nu ligger stationen ved parken.,d0-l07-r16.mp3,,,
Jeg har ondt i hovedet. Jeg er syg.,d0-l08-a.mp3,,,
"Hos lægen — Goddag. Hvad fejler du? — Jeg har ondt i hovedet og i maven. — Har du feber? — Ja, lidt. — Du skal drikke vand og sove. God bedring! — Tak! Jeg har også ondt i halsen og i en tand. Jeg er træt, og jeg har feber. Jeg køber medicin på apoteket. Kroppen har et hoved, to arme og to ben. Et øje — to øjne. Et øre — to ører. En hånd — to hænder. En fod — to fødder. I dag er jeg rask igen. Jeg drikker vand og te, og jeg sover. Det er godt! — Goddag! Hvad fejler du? — Jeg har ondt i ryggen og i en fod. — Har du feber? — Nej. — Godt. Du skal sove og drikke te. God bedring! — Tak! Min bror er syg i dag. Han har ondt i hovedet, og han er træt. Han sover i dag. I morgen er han rask igen. Et hoved, en mave, en ryg, en arm, et ben, en hånd, en fod, en tand, en hals, et øje, et øre — det er kroppen! Har du ondt? Nej? Godt — du er rask! Jeg sover godt, og i morgen er jeg rask igen. God bedring! Dialog: På apoteket — Goddag! Hvad fejler du? — Jeg har ondt i halsen. — Har du feber? — Ja, lidt. Jeg er også træt. — Her er medicin. Du skal drikke vand og te. — Hvad koster medicinen? — Tyve kroner. — Tak! Og min søn har ondt i et øre. — Et øre? Han skal se en læge. — Er det langt til lægen? — Nej, lægen ligger ved torvet. Fem minutter ligeud. — Sover du godt? — Nej, jeg sover ikke godt. Jeg har ondt i ryggen. Og jeg har ondt i næsen! — En næse, et øre, et øje — hele hovedet! Du skal have en god seng. — Ja! En god seng og god medicin — og i morgen er jeg rask! — God bedring! — Mange tak!",d0-l08-t.mp3,,,
Jeg har ondt i hovedet.,d0-l08-c1.mp3,,,
Jeg er syg.,d0-l08-c2.mp3,,,
Hun er rask igen.,d0-l08-c3.mp3,,,
Jeg skal til lægen.,d0-l08-c4.mp3,,,
Jeg har ondt i halsen.,d0-l08-c5.mp3,,,
Jeg er træt.,d0-l08-c6.mp3,,,
en krop,d0-l08-v01.mp3,,,
et hoved,d0-l08-v02.mp3,,,
en mave,d0-l08-v03.mp3,,,
en ryg,d0-l08-v04.mp3,,,
et ben,d0-l08-v05.mp3,,,
en arm,d0-l08-v06.mp3,,,
en hånd,d0-l08-v07.mp3,,,
en fod,d0-l08-v08.mp3,,,
syg,d0-l08-v09.mp3,,,
rask,d0-l08-v10.mp3,,,
ondt,d0-l08-v11.mp3,,,
en læge,d0-l08-v12.mp3,,,
feber,d0-l08-v13.mp3,,,
god bedring,d0-l08-v14.mp3,,,
en tand,d0-l08-v15.mp3,,,
en hals,d0-l08-v16.mp3,,,
et øje,d0-l08-v17.mp3,,,
et øre,d0-l08-v18.mp3,,,
træt,d0-l08-v19.mp3,,,
medicin,d0-l08-v20.mp3,,,
en næse,d0-l08-v21.mp3,,,
at se (ser),d0-l08-v22.mp3,,,
Hvad fejler du?,d0-l08-v23.mp3,,,
"Hos lægen — Goddag. Hvad fejler du? — Jeg har ondt i hovedet og i maven. — Har du feber? — Ja, lidt. — Du skal drikke vand og sove. God bedring! — Tak!",d0-l08-r9.mp3,,,
jeg har ondt i hovedet,d0-l08-l11.mp3,,,
"Jeg har også ondt i halsen og i en tand. Jeg er træt, og jeg har feber. Jeg køber medicin på apoteket.",d0-l08-r12.mp3,,,
jeg er træt,d0-l08-l13.mp3,,,
"— Goddag! Jeg har ondt i halsen. — Har du feber? — Ja, lidt.",d0-l08-r16.mp3,,,
Om morgenen drikker jeg kaffe.,d0-l09-a.mp3,,,
"Min hverdag Jeg står op klokken syv og spiser morgenmad. Om morgenen drikker jeg kaffe. Jeg arbejder fra otte til fire. Om aftenen læser jeg en bog, og jeg sover klokken elleve. Jeg cykler til mit arbejde klokken syv. Klokken tolv spiser jeg frokost og har en pause. Klokken fire cykler jeg hjem. Om morgenen står jeg tidligt op. Jeg drikker altid te om aftenen, og jeg drikker aldrig kaffe om aftenen. Om aftenen læser jeg en bog. Jeg sover klokken ti — det er tidligt! Min bror sover sent. Han læser og arbejder om aftenen. Om morgenen spiser jeg morgenmad, og jeg drikker kaffe med mælk. Klokken otte arbejder jeg. Klokken ti har jeg en pause, og jeg drikker te. — Står du tidligt op? — Ja, jeg står op klokken seks. Det er tidligt! — Og hvad spiser du om morgenen? — Jeg spiser brød og et æg. Om aftenen spiser vi aftensmad klokken seks. Om aftenen læser jeg, og klokken ti sover jeg. En god dag! Dialog: Din hverdag — Står du tidligt op? — Ja, jeg står op klokken seks. Og du? — Jeg står op klokken otte. Om morgenen drikker jeg kaffe. — Spiser du morgenmad? — Ja, jeg spiser brød og et æg. — Hvad spiser du klokken tolv? — Jeg spiser frokost og har en pause. — Arbejder du om aftenen? — Nej, om aftenen læser jeg en bog. Jeg drikker te, og jeg sover klokken ti. — Sover du altid klokken ti? — Ja, altid! Jeg drikker aldrig kaffe om aftenen. — Jeg cykler hjem klokken fire. Om aftenen spiser vi aftensmad klokken seks. Vi læser sammen om aftenen. — En god hverdag!",d0-l09-t.mp3,,,
at stå op,d0-l09-v01.mp3,,,
at spise,d0-l09-v02.mp3,,,
at drikke,d0-l09-v03.mp3,,,
morgenmad,d0-l09-v04.mp3,,,
frokost,d0-l09-v05.mp3,,,
aftensmad,d0-l09-v06.mp3,,,
at arbejde,d0-l09-v07.mp3,,,
at læse,d0-l09-v08.mp3,,,
at sove,d0-l09-v09.mp3,,,
at gå,d0-l09-v10.mp3,,,
om morgenen,d0-l09-v11.mp3,,,
om aftenen,d0-l09-v12.mp3,,,
altid,d0-l09-v13.mp3,,,
aldrig,d0-l09-v14.mp3,,,
at cykle (cykler),d0-l09-v15.mp3,,,
et arbejde,d0-l09-v16.mp3,,,
en pause,d0-l09-v17.mp3,,,
hjem,d0-l09-v18.mp3,,,
tidligt,d0-l09-v19.mp3,,,
sent,d0-l09-v20.mp3,,,
en hverdag,d0-l09-v21.mp3,,,
en aften,d0-l09-v22.mp3,,,
sammen,d0-l09-v23.mp3,,,
jeg arbejder,d0-l09-l7.mp3,,,
"Min hverdag Jeg står op klokken syv og spiser morgenmad. Om morgenen drikker jeg kaffe. Jeg arbejder fra otte til fire. Om aftenen læser jeg en bog, og jeg sover klokken elleve.",d0-l09-r9.mp3,,,
jeg står op klokken syv,d0-l09-l11.mp3,,,
Jeg cykler til mit arbejde klokken syv. Klokken tolv spiser jeg frokost og har en pause. Klokken fire cykler jeg hjem.,d0-l09-r12.mp3,,,
jeg cykler hjem,d0-l09-l13.mp3,,,
"Nej, om aftenen læser jeg en bog. Jeg drikker te, og jeg sover klokken ti.",d0-l09-r16.mp3,,,
I går var jeg hjemme. Jeg lavede mad.,d0-l10-a.mp3,,,
"I går I går var det søndag. Jeg stod op klokken ni og lavede kaffe. Om eftermiddagen gik jeg en tur i byen. Jeg købte brød og mælk. Om aftenen så jeg en film. Det var en god dag! I går drak jeg te om aftenen. Jeg læste en bog, og jeg sov klokken elleve. I sidste uge arbejdede jeg meget. Om eftermiddagen gik jeg en tur med min bror. Vi købte kager i et bageri. Og du? Hvad lavede du i går? Var du hjemme? Købte du mad? Så du en film? Stod du tidligt op? I går var det lørdag — weekend! Jeg stod op klokken ti. Om morgenen drak jeg kaffe, og jeg spiste brød med ost. Om eftermiddagen så jeg en film med min kone. Om aftenen lavede jeg aftensmad, og vi spiste klokken syv. I sidste uge var jeg også i København. Jeg gik en tur i byen, og jeg købte en bog. Om aftenen læste jeg min bog, og jeg drak te. Det var en god uge! Og i går? I går lavede jeg kaffe, og jeg så en god film hjemme. Det var en god dag! Dialog: Hvad lavede du i går? — Hej! Hvad lavede du i går? — I går var det søndag. Jeg stod op klokken ti! — Det var sent! — Ja! Om morgenen drak jeg kaffe, og jeg spiste brød med ost. — Var du hjemme? — Nej, om eftermiddagen gik jeg en tur i parken. Og du? — Jeg arbejdede meget i går. Om aftenen så jeg en film. — Var filmen god? — Ja! Og jeg drak te og spiste en kage. — Købte du kagen i et bageri? — Ja, jeg købte to kager. De var billige! — Sov du godt i nat? — Ja, jeg sov godt. I sidste uge var jeg i København. Jeg købte en bog. — Læste du bogen? — Ja, jeg læste den i går. Det var en god dag!",d0-l10-t.mp3,,,
I går var jeg hjemme.,d0-l10-c1.mp3,,,
Jeg arbejdede i går.,d0-l10-c2.mp3,,,
Vi købte mad.,d0-l10-c3.mp3,,,
Hun gik hjem.,d0-l10-c4.mp3,,,
Jeg drak te og læste en bog.,d0-l10-c5.mp3,,,
Jeg stod op klokken ni.,d0-l10-c6.mp3,,,
i går,d0-l10-v01.mp3,,,
var,d0-l10-v02.mp3,,,
havde,d0-l10-v03.mp3,,,
arbejdede,d0-l10-v04.mp3,,,
boede,d0-l10-v05.mp3,,,
lavede,d0-l10-v06.mp3,,,
købte,d0-l10-v07.mp3,,,
gik,d0-l10-v08.mp3,,,
så,d0-l10-v09.mp3,,,
spiste,d0-l10-v10.mp3,,,
i sidste uge,d0-l10-v11.mp3,,,
en film,d0-l10-v14.mp3,,,
stod op,d0-l10-v16.mp3,,,
om eftermiddagen,d0-l10-v17.mp3,,,
drak,d0-l10-v18.mp3,,,
sov,d0-l10-v19.mp3,,,
læste,d0-l10-v20.mp3,,,
meget,d0-l10-v22.mp3,,,
i nat,d0-l10-v23.mp3,,,
I går I går var det søndag. Jeg stod op klokken ni og lavede kaffe. Om eftermiddagen gik jeg en tur i byen. Jeg købte brød og mælk. Om aftenen så jeg en film. Det var en god dag!,d0-l10-r9.mp3,,,
jeg lavede mad,d0-l10-l11.mp3,,,
I sidste uge arbejdede jeg meget. Om eftermiddagen gik jeg en tur med min bror. Vi købte kager i et bageri.,d0-l10-r12.mp3,,,
jeg drak te om aftenen,d0-l10-l13.mp3,,,
"Nej, om eftermiddagen gik jeg en tur i parken.",d0-l10-r16.mp3,,,
Det regner i dag. Det er koldt.,d0-l11-a.mp3,,,
"Vejret i Danmark I Danmark regner det meget. Om vinteren er det koldt, og det sner. Om sommeren er det varmt, og solen skinner. Om efteråret blæser det. Danskerne siger: Der findes ikke dårligt vejr — kun forkert tøj! Der er mange skyer i dag, og det regner. Jeg har en paraply og varmt tøj. Om foråret er det dejligt. Solen skinner, og det regner lidt. Om sommeren er vejret godt, og om vinteren er der sne. I dag er vejret dårligt, men det er okay. Jeg har min paraply! I morgen skinner solen. — Hvordan er vejret i dag? — Det regner, og det blæser. — Har du en paraply? — Ja! Og jeg har varmt tøj. — Godt! Hav en god dag! Om vinteren har jeg varmt tøj. Det sner, og det er koldt — men det er også dejligt! Om efteråret regner det, og det blæser. Om sommeren skinner solen. Det er varmt og dejligt — en god dag i Danmark! I morgen er vejret godt. Solen skinner, og det er varmt. Vi ses i parken! Dialog: Vejret i morgen — Hvordan er vejret i dag? — Det sner! Det er koldt. — Sner det? Det er dejligt! — Ja, men det blæser også. — Har du varmt tøj? — Ja, jeg har varmt tøj. — Hvordan er vejret i morgen? — I morgen skinner solen, men det er koldt. — Om vinteren er det altid koldt i Danmark! — Ja, og om sommeren regner det tit. — Fire årstider: forår, sommer, efterår og vinter — Danmark har fire årstider! — Der findes ikke dårligt vejr … — Kun forkert tøj! Ha ha! — Vi ses i parken i morgen. Solen skinner, og vi drikker kaffe. — Ja! Men jeg tager min paraply — det er Danmark!",d0-l11-t.mp3,,,
Det regner i dag.,d0-l11-c1.mp3,,,
Det er koldt om vinteren.,d0-l11-c2.mp3,,,
Solen skinner!,d0-l11-c3.mp3,,,
Det blæser meget.,d0-l11-c4.mp3,,,
Der er mange skyer i dag.,d0-l11-c5.mp3,,,
Jeg har en paraply og varmt tøj.,d0-l11-c6.mp3,,,
vejret,d0-l11-v01.mp3,,,
en sol,d0-l11-v02.mp3,,,
regn,d0-l11-v03.mp3,,,
sne,d0-l11-v04.mp3,,,
vind,d0-l11-v05.mp3,,,
det regner,d0-l11-v06.mp3,,,
det sner,d0-l11-v07.mp3,,,
det blæser,d0-l11-v08.mp3,,,
koldt,d0-l11-v09.mp3,,,
varmt,d0-l11-v10.mp3,,,
et forår,d0-l11-v11.mp3,,,
en sommer,d0-l11-v12.mp3,,,
et efterår,d0-l11-v13.mp3,,,
en vinter,d0-l11-v14.mp3,,,
en sky,d0-l11-v15.mp3,,,
en paraply,d0-l11-v16.mp3,,,
tøj,d0-l11-v17.mp3,,,
dårligt,d0-l11-v18.mp3,,,
dejligt,d0-l11-v19.mp3,,,
men,d0-l11-v20.mp3,,,
tit,d0-l11-v21.mp3,,,
at skinne (solen skinner),d0-l11-v22.mp3,,,
en årstid,d0-l11-v23.mp3,,,
det er koldt,d0-l11-l5.mp3,,,
"Vejret i Danmark I Danmark regner det meget. Om vinteren er det koldt, og det sner. Om sommeren er det varmt, og solen skinner. Om efteråret blæser det. Danskerne siger: Der findes ikke dårligt vejr — kun forkert tøj!",d0-l11-r9.mp3,,,
det blæser meget,d0-l11-l11.mp3,,,
"Der er mange skyer i dag, og det regner. Jeg har en paraply og varmt tøj.",d0-l11-r12.mp3,,,
jeg har en paraply,d0-l11-l13.mp3,,,
— Hvordan er vejret i dag? — Det sner! Det er koldt.,d0-l11-r16.mp3,,,
Det koster femogtyve kroner i alt.,d0-l67-a.mp3,,,
"På markedet — Hej! Hvad koster æblerne? — De koster tolv kroner per kilo. — Og appelsinerne? — Femten kroner. Men du får to kilo for femogtyve! — Godt tilbud! Jeg tager to kilo appelsiner og et kilo æbler. — Det bliver syvogtredive kroner i alt. — Værsgo — halvtreds kroner. — Og tretten kroner tilbage. Tak, og god dag! Senere ringer Amir til sin ven: — Hej! Hvad er dit nye nummer? — Det er 23 45 67 89: treogtyve, femogfyrre, syvogtres, niogfirs. — Vent — treogtyve … femogfyrre … Ja, nu har jeg det! — Godt. Ring i aften — jeg er hjemme efter klokken atten. Amirs tal-dag Amir tæller penge om morgenen: han har halvtreds kroner. I butikken koster et brød femten kroner, og mælk koster elleve kroner. Det bliver seksogtyve kroner i alt. Han får fireogtyve kroner tilbage. Bussen er nummer sytten, og den kommer klokken atten. Amirs hus har nummer tredive, og hans ven bor i nummer fyrre. Om aftenen ringer Amir til vennen. De taler om et godt tilbud: tre kilo æbler for tyve kroner! I morgen køber de seks kilo sammen — det er kun fyrre kroner. Tal, tal, tal: tretten, fjorten, femten … tyve, tredive, fyrre, halvtreds! Amir tæller hver dag, og nu kan han tallene på dansk.",d0-l67-t.mp3,,,
"elleve, tolv, tretten … tyve",d0-l67-c1.mp3,,,
enogtyve = ۲۱,d0-l67-c2.mp3,,,
Det koster femoghalvfjerds kroner.,d0-l67-c3.mp3,,,
Mit nummer er 12 34 56 78.,d0-l67-c4.mp3,,,
tretten,d0-l67-v03.mp3,,,
fjorten,d0-l67-v04.mp3,,,
femten,d0-l67-v05.mp3,,,
seksten,d0-l67-v06.mp3,,,
sytten,d0-l67-v07.mp3,,,
atten,d0-l67-v08.mp3,,,
nitten,d0-l67-v09.mp3,,,
tyve,d0-l67-v10.mp3,,,
tredive,d0-l67-v11.mp3,,,
fyrre,d0-l67-v12.mp3,,,
hundrede,d0-l67-v13.mp3,,,
per kilo,d0-l67-v14.mp3,,,
i alt,d0-l67-v15.mp3,,,
et tilbud,d0-l67-v16.mp3,,,
tilbage,d0-l67-v17.mp3,,,
et nummer,d0-l67-v18.mp3,,,
halvtreds,d0-l67-v20.mp3,,,
at få (får),d0-l67-v21.mp3,,,
det bliver,d0-l67-v22.mp3,,,
kun,d0-l67-v23.mp3,,,
"— Det bliver syvogtredive kroner i alt. — Værsgo — halvtreds kroner. — Og tretten kroner tilbage. Tak, og god dag!",d0-l67-r1.mp3,,,
femogtyve,d0-l67-l8.mp3,,,
det bliver tretten kroner tilbage,d0-l67-l9.mp3,,,
syvoghalvfjerds,d0-l67-l10.mp3,,,
"I butikken koster et brød femten kroner, og mælk koster elleve kroner.",d0-l67-r13.mp3,,,
Kan du hjælpe mig? Jeg hjælper dig gerne.,d0-l68-a.mp3,,,
"En lille kærlighedshistorie Amir ser Lena på sprogskolen hver dag. Han kan godt lide hende, men han siger ikke noget. En dag spørger Lena: «Kan du hjælpe mig med grammatikken?» «Ja!» siger Amir. «Jeg hjælper dig gerne.» De læser sammen hver torsdag. Lena forklarer verberne for ham, og han hjælper hende med udtalen. Efter en måned inviterer han hende på kaffe. «Jeg vil gerne invitere dig — min ven har anbefalet en hyggelig café til os.» Lena smiler: «Gerne! Men du betaler — grammatikken var gratis for dig!» Nu ser klassen dem sammen hver dag. Kærlighed på dansk — den begynder tit med et godt spørgsmål! Dialog: Kan du hjælpe mig? — Hej Amir! Kan du hjælpe mig med dansk? — Ja, jeg hjælper dig gerne! Hvad er det? — Verberne! Hvad er et verbum? Jeg læser dem igen og igen. — Okay. Jeg forklarer dem for dig. — Tak! Og udtalen? — Lena hjælper os med udtalen. Kender du hende? — Ja, jeg kender hende! Hun er god. — Vi læser sammen i morgen. Min ven kommer også — kender du ham? — Nej, jeg kender ham ikke. — Han hedder Omar. Jeg inviterer jer på kaffe — jeg betaler! — Tak! Vi elsker kaffe. Og Lena? Inviterer du hende? — Ja! Jeg inviterer hende og dig og Omar. Jeg inviterer jer alle! — Du er en god ven. Vi ses i morgen!",d0-l68-t.mp3,,,
Kan du hjælpe mig?,d0-l68-c1.mp3,,,
Jeg elsker dig.,d0-l68-c2.mp3,,,
Hun ringer til ham.,d0-l68-c3.mp3,,,
Vi besøger dem i morgen.,d0-l68-c4.mp3,,,
mig,d0-l68-v01.mp3,,,
dig,d0-l68-v02.mp3,,,
ham,d0-l68-v03.mp3,,,
hende,d0-l68-v04.mp3,,,
os,d0-l68-v05.mp3,,,
jer,d0-l68-v06.mp3,,,
dem,d0-l68-v07.mp3,,,
at kende,d0-l68-v08.mp3,,,
at elske,d0-l68-v09.mp3,,,
at hjælpe med,d0-l68-v10.mp3,,,
at forklare,d0-l68-v11.mp3,,,
at invitere,d0-l68-v12.mp3,,,
at anbefale,d0-l68-v13.mp3,,,
udtale,d0-l68-v14.mp3,,,
at betale,d0-l68-v15.mp3,,,
at smile,d0-l68-v16.mp3,,,
kærlighed,d0-l68-v17.mp3,,,
en historie,d0-l68-v18.mp3,,,
gerne,d0-l68-v19.mp3,,,
alle,d0-l68-v20.mp3,,,
at komme (kommer),d0-l68-v21.mp3,,,
et verbum (verberne),d0-l68-v22.mp3,,,
En dag spørger Lena: «Kan du hjælpe mig med grammatikken?» «Ja!» siger Amir. «Jeg hjælper dig gerne.»,d0-l68-r1.mp3,,,
jeg elsker dig,d0-l68-l8.mp3,,,
hun hjælper ham med udtalen,d0-l68-l9.mp3,,,
"— Min ven kommer også — kender du ham? — Nej, jeg kender ham ikke.",d0-l68-r13.mp3,,,
Klokken er halv tre. Vi ses kvart over fire.,d0-l69-a.mp3,,,
"Amirs ugeplan Min uge har en fast rytme. Om mandagen og om onsdagen går jeg på sprogskole fra halv ni til tolv. Om tirsdagen arbejder jeg fra kvart over otte til fire. Om torsdagen mødes madklubben klokken halv seks — vi laver mad og taler dansk. Om fredagen henter jeg børnene tidligt, fem minutter i to, og vi går i svømmehallen. I weekenden er der ingen plan — og det er også en slags plan! Men på lørdag er det anderledes: Vi skal til fødselsdag klokken kvart i tre. Min datter spørger: «Hvornår går vi?» Jeg svarer: «Bussen kommer ti minutter over to, så vi går halv to hjemmefra.» «Halv to — er det halv en time før to eller efter to?» «Før tre og efter et! Halv to er halvanden time efter tolv. Dansk tid, min ven — du lærer det!» Dialog: Hvornår mødes vi? — Hej Sara! Skal vi lave mad sammen på torsdag? — Ja! Hvornår mødes vi? — Klokken halv seks. Madklubben begynder præcis halv seks. — Halv seks — er det fem tredive? — Ja, præcis! Og vi spiser kvart i syv. — Godt. Om torsdagen henter jeg børnene klokken tre. — Kommer du med bussen? — Ja, bussen kommer ti minutter over fem. Jeg går hjemmefra klokken fem. — Perfekt. Og på lørdag? Skal vi i svømmehallen? — Ja! Klokken kvart over ti. — Hvornår står du op om lørdagen? — Sent! Klokken halv ni. Om mandagen står jeg op kvart i syv — det er tidligt! — En fast rytme er god. Vi ses på torsdag halv seks! — Ja, vi ses!",d0-l69-t.mp3,,,
Klokken er kvart over to.,d0-l69-c1.mp3,,,
Klokken er halv tre.,d0-l69-c2.mp3,,,
Klokken er kvart i tre.,d0-l69-c3.mp3,,,
Bussen kommer ti minutter over syv.,d0-l69-c4.mp3,,,
kvart over,d0-l69-v01.mp3,,,
kvart i,d0-l69-v02.mp3,,,
halv,d0-l69-v03.mp3,,,
"et minut, minutter",d0-l69-v04.mp3,,,
over,d0-l69-v05.mp3,,,
i (om tid),d0-l69-v06.mp3,,,
en ugeplan,d0-l69-v07.mp3,,,
en rytme,d0-l69-v08.mp3,,,
fast,d0-l69-v09.mp3,,,
om mandagen,d0-l69-v10.mp3,,,
på mandag,d0-l69-v11.mp3,,,
en svømmehal,d0-l69-v14.mp3,,,
hjemmefra,d0-l69-v15.mp3,,,
halvanden,d0-l69-v16.mp3,,,
en fødselsdag,d0-l69-v17.mp3,,,
at svare,d0-l69-v18.mp3,,,
hvornår,d0-l69-v19.mp3,,,
at mødes,d0-l69-v20.mp3,,,
at begynde (begynder),d0-l69-v21.mp3,,,
præcis,d0-l69-v22.mp3,,,
at hente (henter),d0-l69-v23.mp3,,,
"«Bussen kommer ti minutter over to, så vi går halv to hjemmefra.»",d0-l69-r1.mp3,,,
klokken er halv tre,d0-l69-l8.mp3,,,
kvart over fire,d0-l69-l9.mp3,,,
"— Klokken halv seks. — Halv seks — er det fem tredive? — Ja, præcis!",d0-l69-r13.mp3,,,
kvart over otte,d0-l69-l16.mp3,,,
Hvad betyder det? Kan du sige det igen?,d0-l70-a.mp3,,,
"En morgen på sprogskolen Klokken er fem minutter over ni. Amir åbner døren stille. — Undskyld, jeg kommer for sent. Bussen var forsinket. — Det er okay, sæt dig ned. Vi taler om ugeplaner. Læreren skriver et ord på tavlen: «hverdag». — Hvad betyder det? spørger Sara. — Det betyder mandag til fredag — de almindelige dage. Hverdag! — Hvordan staver man til det? spørger Amir. — H-V-E-R-D-A-G. Skriv det i jeres hæfter. — Kan du sige det igen — lidt langsommere? — Selvfølgelig: H … V … E … R … D … A … G. Godt spørgsmål, Amir! Efter pausen laver de opgaver to og to. Amir hjælper Sara med tallene, og hun hjælper ham med udtalen. Klokken tolv siger læreren: — Godt arbejde i dag! Vi ses i morgen — og husk: Den, der spørger, lærer! En god elev Amir går på sprogskole hver dag. Klasseværelset har en tavle, mange hæfter og mange blyanter. Læreren skriver nye ord på tavlen, og Amir skriver dem i et hæfte. Amir spørger altid: «Hvad betyder det?» og «Kan du sige det igen — langsommere?» Det er godt at spørge. I pausen drikker Amir kaffe og taler dansk med Sara. De laver opgaver to og to. Sara er god til tal, og Amir er god til udtale. De hjælper hinanden. Amir kommer aldrig for sent — kun en gang, og bussen er tit forsinket! Om aftenen læser han de nye ord igen. Stille og roligt lærer han dansk. Den, der spørger, lærer!",d0-l70-t.mp3,,,
Hvad betyder det?,d0-l70-c1.mp3,,,
Kan du sige det igen?,d0-l70-c2.mp3,,,
Hvordan staver man til det?,d0-l70-c3.mp3,,,
"Undskyld, jeg kommer for sent.",d0-l70-c4.mp3,,,
et klasseværelse,d0-l70-v01.mp3,,,
en lærer,d0-l70-v02.mp3,,,
at betyde,d0-l70-v03.mp3,,,
langsommere,d0-l70-v05.mp3,,,
at forstå,d0-l70-v06.mp3,,,
at stave,d0-l70-v07.mp3,,,
at udtale,d0-l70-v08.mp3,,,
en tavle,d0-l70-v09.mp3,,,
et hæfte,d0-l70-v10.mp3,,,
en blyant,d0-l70-v11.mp3,,,
en opgave,d0-l70-v12.mp3,,,
for sent,d0-l70-v14.mp3,,,
forsinket,d0-l70-v15.mp3,,,
at sætte sig ned,d0-l70-v16.mp3,,,
stille,d0-l70-v17.mp3,,,
to og to,d0-l70-v18.mp3,,,
at spørge (spørger),d0-l70-v19.mp3,,,
at skrive (skriver),d0-l70-v20.mp3,,,
et ord,d0-l70-v21.mp3,,,
hinanden,d0-l70-v22.mp3,,,
at lære (lærer),d0-l70-v23.mp3,,,
"— Undskyld, jeg kommer for sent. Bussen var forsinket. — Det er okay, sæt dig ned.",d0-l70-r1.mp3,,,
hvad betyder det,d0-l70-l8.mp3,,,
kan du tale langsommere,d0-l70-l9.mp3,,,
"Sara er god til tal, og Amir er god til udtale. De hjælper hinanden.",d0-l70-r13.mp3,,,
Udfyld blanketten og skriv under nederst.,d0-l71-a.mp3,,,
"Hos Borgerservice — Goddag! Jeg vil gerne have et sundhedskort. — Selvfølgelig. Udfyld denne blanket. Har du dit CPR-nummer? — Ja, det er 040590-1234. — Tak. Hvad er din adresse? — Parkvej 12, anden sal, 8000 Aarhus C. — Og dit telefonnummer? — Det er 23 45 67 89. — Kan du stave dit efternavn? — Ja: A-H-M-A-D-I. — Perfekt. Kryds af her, om du vil have en læge tæt på din bolig, og skriv under nederst. — Er det alt? — Ja! Kortet kommer med posten om to uger. Hav en god dag! — Tusind tak for hjælpen! Amir udfylder en blanket Amir får et brev fra kommunen. I brevet er der en blanket. Han skal udfylde den. Først skriver han fornavn og efternavn: Amir Ahmadi. Så skriver han adressen: Parkvej 12, anden sal, 8000 Aarhus C. Han skriver også postnummer, fødselsdato og CPR-nummer. Så krydser han af: ja tak til en læge tæt på boligen. Til sidst skriver han under nederst på blanketten. Han sender blanketten med posten. Om to uger kommer et nyt sundhedskort. En blanket, ti minutter, færdig! I Danmark er der mange blanketter — og nu kan Amir udfylde dem alle.",d0-l71-t.mp3,,,
Hvad er din adresse?,d0-l71-c1.mp3,,,
Hvornår er du født?,d0-l71-c2.mp3,,,
"Udfyld blanketten, tak.",d0-l71-c3.mp3,,,
Skriv under her.,d0-l71-c4.mp3,,,
en blanket,d0-l71-v01.mp3,,,
en oplysning,d0-l71-v02.mp3,,,
et fornavn,d0-l71-v03.mp3,,,
et efternavn,d0-l71-v04.mp3,,,
en adresse,d0-l71-v05.mp3,,,
et postnummer,d0-l71-v06.mp3,,,
en fødselsdato,d0-l71-v07.mp3,,,
født,d0-l71-v08.mp3,,,
et CPR-nummer,d0-l71-v09.mp3,,,
en underskrift,d0-l71-v10.mp3,,,
at udfylde,d0-l71-v11.mp3,,,
at skrive under,d0-l71-v12.mp3,,,
at krydse af,d0-l71-v13.mp3,,,
et sundhedskort,d0-l71-v14.mp3,,,
en bolig,d0-l71-v15.mp3,,,
nederst,d0-l71-v16.mp3,,,
med posten,d0-l71-v17.mp3,,,
en sal,d0-l71-v18.mp3,,,
et brev,d0-l71-v19.mp3,,,
en kommune,d0-l71-v20.mp3,,,
først,d0-l71-v21.mp3,,,
til sidst,d0-l71-v22.mp3,,,
at sende (sender),d0-l71-v23.mp3,,,
— Er det alt? — Ja! Kortet kommer med posten om to uger.,d0-l71-r1.mp3,,,
hvad er din adresse,d0-l71-l8.mp3,,,
Han sender blanketten med posten. Om to uger kommer et nyt sundhedskort.,d0-l71-r13.mp3,,,
"Husk at tjekke ud, når du står af.",d0-l72-a.mp3,,,
"Amirs første togtur alene Amir skal til København for at besøge sin fætter. På stationen kigger han på tavlen: «København H — spor 4 — 10.42». Han tjekker ind med sit rejsekort og finder en plads ved vinduet. Efter tyve minutter siger højttaleren noget, men det går for hurtigt. Amir spørger kvinden ved siden af: — Undskyld, hvad sagde de? — Toget er lidt forsinket. Vi holder her i ti minutter. — Tak! Og … skal jeg skifte tog? — Nej, det her tog kører direkte til København H. — Dejligt. Jeg er lidt nervøs — det er min første lange tur alene. — Det går fint! Husk bare at tjekke ud, når du står af. I København venter fætteren på perronen. — Velkommen! Var turen okay? — Ja! Toget var forsinket, men jeg forstod højttaleren — næsten. Og jeg huskede at tjekke ud! — Så er du næsten dansker nu! Dialog: Ved stoppestedet — Undskyld, kører bus 5A til stationen? — Ja, den kører direkte. Den kommer om syv minutter. — Tak! Skal jeg tjekke ind? — Ja, tjek ind med dit rejsekort, når du står på. — Og hvor skal jeg stå af? — Ved stationen — det er det sidste stoppested. — Hvor mange zoner er det? — To zoner. — Tak for hjælpen! I bussen: — Undskyld, er den plads fri? — Ja, værsgo! — Tak. Jeg skal til København med toget. Toget afgår fra spor 2 klokken ti. — Så har du god tid. Husk at tjekke ud! — Ja! Jeg husker det altid nu — jeg glemmer det aldrig! — Ha! Så er du næsten dansker. God tur! — Tak!",d0-l72-t.mp3,,,
Husk at tjekke ind og ud!,d0-l72-c1.mp3,,,
Hvor skal jeg stå af?,d0-l72-c2.mp3,,,
Toget afgår fra spor 3.,d0-l72-c3.mp3,,,
Du skal skifte i Odense.,d0-l72-c4.mp3,,,
et rejsekort,d0-l72-v01.mp3,,,
at tjekke ind,d0-l72-v02.mp3,,,
at tjekke ud,d0-l72-v03.mp3,,,
en billet,d0-l72-v04.mp3,,,
en zone,d0-l72-v05.mp3,,,
et stoppested,d0-l72-v06.mp3,,,
et spor,d0-l72-v08.mp3,,,
en perron,d0-l72-v09.mp3,,,
at afgå,d0-l72-v10.mp3,,,
at stå på,d0-l72-v11.mp3,,,
at stå af,d0-l72-v12.mp3,,,
at skifte,d0-l72-v13.mp3,,,
direkte,d0-l72-v14.mp3,,,
en højttaler,d0-l72-v15.mp3,,,
en plads,d0-l72-v17.mp3,,,
ved siden af,d0-l72-v18.mp3,,,
sidste,d0-l72-v19.mp3,,,
fri,d0-l72-v20.mp3,,,
at huske (husker),d0-l72-v21.mp3,,,
hvor mange,d0-l72-v22.mp3,,,
næsten,d0-l72-v23.mp3,,,
"Amir spørger kvinden ved siden af: — Undskyld, hvad sagde de? — Toget er lidt forsinket. Vi holder her i ti minutter.",d0-l72-r1.mp3,,,
toget er lidt forsinket,d0-l72-l9.mp3,,,
du skal stå af ved næste stoppested,d0-l72-l10.mp3,,,
"— Ja, den kører direkte. Den kommer om syv minutter.",d0-l72-r14.mp3,,,
Jeg kan godt lide rugbrød med ost.,d0-l73-a.mp3,,,
"Frokost på arbejdet Klokken tolv åbner alle deres madpakker. Amir har rugbrød med ost og et æble. Hans kollega Lars har tre stykker smørrebrød: et med æg, et med leverpostej og et med fisk. — Vil du smage? spørger Lars. — Hvad er det brune? — Det er leverpostej. Alle danske børn spiser det! Amir smager forsigtigt. — Mmm … det er faktisk godt! — Og fisken? Det er sild. — Nej tak. Jeg kan ikke lide sild — undskyld! — Helt okay! Man må gerne sige nej. Men til julefrokosten skal du smage min mors sild — den er berømt! — Okay, én gang om året. Det er en aftale! Nu spiser Amir rugbrød hver dag. Hans madpakke er næsten dansk — men om søndagen laver han persisk mad. Det bedste fra to verdener! Morgenmad, frokost og aftensmad I Danmark spiser man tre måltider. Om morgenen spiser Amir rugbrød med ost, og han drikker kaffe. Klokken tolv er der frokost. Amir har altid en madpakke med: rugbrød med pålæg — æg, fisk eller leverpostej. Hans børn har også madpakker med i skole. Om aftenen laver familien varm mad. Amir laver tit persisk mad — den er god! Om fredagen laver de dansk mad: frikadeller. Amir er tit sulten klokken elleve, og han er mæt efter frokost. Han kan godt lide rugbrød nu — og hans madpakke er næsten dansk. Men sild? Nej tak — kun til julefrokosten!",d0-l73-t.mp3,,,
Jeg kan godt lide rugbrød.,d0-l73-c1.mp3,,,
Jeg kan ikke lide fisk.,d0-l73-c2.mp3,,,
Må jeg få smørret?,d0-l73-c3.mp3,,,
"Nej tak, jeg er mæt.",d0-l73-c4.mp3,,,
rugbrød,d0-l73-v01.mp3,,,
smørrebrød,d0-l73-v02.mp3,,,
pålæg,d0-l73-v03.mp3,,,
en madpakke,d0-l73-v04.mp3,,,
smør,d0-l73-v05.mp3,,,
et stykke,d0-l73-v06.mp3,,,
leverpostej,d0-l73-v07.mp3,,,
sild,d0-l73-v08.mp3,,,
at smage,d0-l73-v10.mp3,,,
at kunne lide,d0-l73-v11.mp3,,,
mæt,d0-l73-v12.mp3,,,
sulten,d0-l73-v13.mp3,,,
tørstig,d0-l73-v14.mp3,,,
forsigtigt,d0-l73-v15.mp3,,,
faktisk,d0-l73-v16.mp3,,,
berømt,d0-l73-v17.mp3,,,
en julefrokost,d0-l73-v18.mp3,,,
et måltid,d0-l73-v19.mp3,,,
man,d0-l73-v20.mp3,,,
eller,d0-l73-v21.mp3,,,
en frikadelle (frikadeller),d0-l73-v22.mp3,,,
varm mad,d0-l73-v23.mp3,,,
Amir smager forsigtigt. — Mmm … det er faktisk godt! — Og fisken? Det er sild. — Nej tak. Jeg kan ikke lide sild — undskyld!,d0-l73-r1.mp3,,,
vil du have mere,d0-l73-l8.mp3,,,
jeg er sulten,d0-l73-l9.mp3,,,
"Amir har altid en madpakke med: rugbrød med pålæg — æg, fisk eller leverpostej.",d0-l73-r13.mp3,,,
Hvad skal du i weekenden?,d0-l74-a.mp3,,,
"Fredag eftermiddag på arbejdet — Nå, Amir! Hvad skal du i weekenden? — I morgen skal jeg til fodbold med min søn. Han spiller klokken ti. — Hyggeligt! Og på søndag? — Ikke noget særligt. Vi skal måske bage en kage. Og dig? — Vi skal i sommerhus. Min kone vil plukke svampe i skoven. — Svampe? Kan man spise dem? — Nogle af dem! Hun ved, hvilke der er gode. — Spændende. God weekend! — I lige måde! Mandag morgen: — Godmorgen! Hvordan var din weekend? — Rigtig god! Min søns hold vandt tre-to, og kagen blev perfekt. — Tillykke! Vores svampetur var også fin — men det regnede hele søndagen. — Typisk dansk weekend! — Præcis. Kaffe? — Ja tak — mandag har brug for kaffe! En dejlig weekend Amir har en god weekend. Lørdag morgen sover familien længe. Om lørdagen spiller hans søn fodbold klokken ti. Amir ser på — holdet vinder, og alle er glade! Om eftermiddagen bager Amir og hans datter en kage. Kagen er perfekt. Søndag morgen regner det, men det er okay. Familien slapper af hjemme. De ser en film og drikker te. Om eftermiddagen besøger de en ven. Vennen bor ved en skov. De går en tur i skoven, men de plukker ikke svampe — de kender dem ikke! Søndag aften er alle trætte, men glade. En typisk dansk weekend: fodbold, kage, regn og en tur i skoven. God weekend — i lige måde!",d0-l74-t.mp3,,,
Jeg skal besøge min familie.,d0-l74-c2.mp3,,,
Hvordan var din weekend?,d0-l74-c3.mp3,,,
Ikke noget særligt.,d0-l74-c4.mp3,,,
i weekenden,d0-l74-v02.mp3,,,
at besøge,d0-l74-v03.mp3,,,
at slappe af,d0-l74-v04.mp3,,,
ikke noget særligt,d0-l74-v05.mp3,,,
en biograf,d0-l74-v06.mp3,,,
at bage,d0-l74-v07.mp3,,,
et sommerhus,d0-l74-v08.mp3,,,
at plukke,d0-l74-v09.mp3,,,
en svamp,d0-l74-v10.mp3,,,
en skov,d0-l74-v11.mp3,,,
et hold,d0-l74-v12.mp3,,,
at vinde (vandt),d0-l74-v13.mp3,,,
god weekend!,d0-l74-v14.mp3,,,
i lige måde,d0-l74-v15.mp3,,,
at sove længe,d0-l74-v16.mp3,,,
en tur i skoven,d0-l74-v17.mp3,,,
nå,d0-l74-v18.mp3,,,
at spille (spiller),d0-l74-v19.mp3,,,
fodbold,d0-l74-v20.mp3,,,
glad,d0-l74-v21.mp3,,,
typisk,d0-l74-v22.mp3,,,
at se på,d0-l74-v23.mp3,,,
— I morgen skal jeg til fodbold med min søn. Han spiller klokken ti.,d0-l74-r1.mp3,,,
— Vores svampetur var også fin — men det regnede hele søndagen. — Typisk dansk weekend!,d0-l74-r2.mp3,,,
god weekend,d0-l74-l8.mp3,,,
"Søndag morgen regner det, men det er okay. Familien slapper af hjemme.",d0-l74-r14.mp3,,,
Jeg er på vej. Jeg er der om tyve minutter.,d0-l75-a.mp3,,,
"En helt almindelig dag på sms Kl. 7.55 — Amir til kollegaen: «Godmorgen! Bussen er forsinket. Jeg kommer 10 min senere.» «Ok, ingen stress. Kaffen venter!» Kl. 11.30 — konen til Amir: «Kan du købe mælk og rugbrød på vejen hjem?» «Ja! Andet?» «Nej tak. Du er sød 😊» Kl. 14.10 — børnehaven til Amir: «Hej. Sara har lidt feber. Kan I hente hende?» «Jeg er på vej. Er der om tyve minutter.» «Fint. Hun sidder hos os og hører en historie.» Kl. 20.15 — vennen Lars: «Fodbold på lørdag kl. 14?» «Det lyder godt! Hvor mødes vi?» «Ved stationen kl. halv to. Jeg har bolden!» «Perfekt. Vi ses! 👍» Fire små samtaler — én dag på dansk. Ikke én lang sætning, men livet kører! En dag i telefonen Amirs telefon er lille, men den er vigtig. Om morgenen sender han en sms til kollegaen: bussen er forsinket igen. Kollegaen svarer med det samme. Klokken elleve ringer konen: kan han købe mælk på vejen hjem? Han svarer ja — og han glemmer det ikke! Om eftermiddagen ringer børnehaven. Sara har feber, og Amir er på vej om ti minutter. Han henter hende, og de hører en historie sammen hjemme. Om aftenen skriver vennen Lars: fodbold på lørdag klokken to? Amir svarer: det lyder godt! Fire små samtaler på en dag. Amir taler ikke langt i telefon — korte ord og små sætninger. Men livet kører!",d0-l75-t.mp3,,,
Jeg er på vej!,d0-l75-c1.mp3,,,
Jeg ringer tilbage om ti minutter.,d0-l75-c2.mp3,,,
Kan du købe mælk på vejen?,d0-l75-c3.mp3,,,
Det lyder godt! 👍,d0-l75-c4.mp3,,,
en sms,d0-l75-v01.mp3,,,
at sende,d0-l75-v02.mp3,,,
at snakke,d0-l75-v03.mp3,,,
at ringe tilbage,d0-l75-v04.mp3,,,
på vej,d0-l75-v05.mp3,,,
på vejen hjem,d0-l75-v06.mp3,,,
om ti minutter,d0-l75-v07.mp3,,,
om en time,d0-l75-v08.mp3,,,
senere,d0-l75-v09.mp3,,,
et forkert nummer,d0-l75-v10.mp3,,,
ingen stress,d0-l75-v11.mp3,,,
sød,d0-l75-v12.mp3,,,
en børnehave,d0-l75-v13.mp3,,,
at hente,d0-l75-v15.mp3,,,
en bold,d0-l75-v16.mp3,,,
andet?,d0-l75-v17.mp3,,,
fint,d0-l75-v18.mp3,,,
vigtig,d0-l75-v19.mp3,,,
at glemme (glemmer),d0-l75-v20.mp3,,,
en samtale,d0-l75-v21.mp3,,,
med det samme,d0-l75-v22.mp3,,,
det lyder godt,d0-l75-v23.mp3,,,
«Hej. Sara har lidt feber. Kan I hente hende?» «Jeg er på vej. Er der om tyve minutter.»,d0-l75-r1.mp3,,,
jeg er på vej,d0-l75-l7.mp3,,,
kan du snakke nu,d0-l75-l8.mp3,,,
det er forkert nummer,d0-l75-l9.mp3,,,
"Om eftermiddagen ringer børnehaven. Sara har feber, og Amir er på vej om ti minutter.",d0-l75-r13.mp3,,,
I dag talte han dansk hele dagen — uden at tænke over det.,d0-l76-a.mp3,,,
"En torsdag i Amirs liv Kl. 6.45 står Amir op. Klokken kvart over syv spiser familien morgenmad — rugbrød med ost. Kl. 7.40 sender han en sms til kollegaen: «Bussen er forsinket. Kommer ti min senere.» I bussen tjekker han ind med rejsekortet og finder en plads. På sprogskolen lærer de om klokken. Amir spørger: «Hvad betyder 'kvart i'? Kan du sige det igen?» Læreren smiler — den, der spørger, lærer! Kl. 12 åbner han sin madpakke: tre stykker rugbrød. Hans kollega Lars spørger: «Nå, hvad skal du i weekenden?» — «Jeg skal til fodbold med min søn. Og måske bage en kage.» Kl. 14.10 kommer en sms fra børnehaven: «Kan I hente Sara kl. 15?» Amir svarer: «Min kone henter hende. Hun er der kvart i tre.» På vejen hjem køber han mælk — konen har sendt en liste. Kl. 20 udfylder han en blanket til kommunen: navn, adresse, CPR-nummer, underskrift. Fem minutter — færdig! Kl. 22 er han træt men glad. I dag talte han dansk hele dagen — i bussen, i klassen, på arbejdet og på sms. Uden at tænke over det! Dialog: En fredag eftermiddag — Hej Amir! Hvad er klokken? — Den er kvart i fire. — Tak! Skal du hjem nu? — Ja, jeg henter min søn i børnehaven klokken fire. — Kører du med bus? — Ja, bus tolv. Jeg tjekker ind med mit rejsekort. — Hvad skal I i weekenden? — Ikke noget særligt. Måske bager vi en kage. Og dig? — Vi skal til fødselsdag på lørdag klokken halv tre. — Hyggeligt! Husk en gave! — Ja! Og på søndag udfylder jeg en blanket til kommunen — navn, adresse og underskrift. — Det tager kun fem minutter! — Ja. Nå — der kommer min bus! Kan du sende mig en sms i morgen? — Ja, med det samme! God weekend! — I lige måde! Vi ses på mandag!",d0-l76-t.mp3,,,
Kan du hjælpe mig med blanketten?,d0-l76-c2.mp3,,,
Det koster femogtyve kroner.,d0-l76-c3.mp3,,,
Jeg er på vej — er der om ti minutter.,d0-l76-c4.mp3,,,
halv tre,d0-l76-v02.mp3,,,
kvart i tre,d0-l76-v03.mp3,,,
mig / dig / ham / hende,d0-l76-v04.mp3,,,
Jeg er på vej.,d0-l76-v10.mp3,,,
en liste,d0-l76-v11.mp3,,,
færdig,d0-l76-v12.mp3,,,
en gave,d0-l76-v14.mp3,,,
måske,d0-l76-v15.mp3,,,
hyggeligt,d0-l76-v16.mp3,,,
kvart i fire,d0-l76-v22.mp3,,,
at sende en sms,d0-l76-v23.mp3,,,
Kl. 14.10 kommer en sms fra børnehaven: «Kan I hente Sara kl. 15?» Amir svarer: «Min kone henter hende. Hun er der kvart i tre.»,d0-l76-r1.mp3,,,
jeg ringer tilbage om ti minutter,d0-l76-l10.mp3,,,
bussen er forsinket,d0-l76-l11.mp3,,,
"— Ja, jeg henter min søn i børnehaven klokken fire.",d0-l76-r13.mp3,,,
Jeg hedder Amir. Jeg bor i Odense.,d0-l12-a.mp3,,,
"Hej! Jeg hedder Amir. Jeg er fra Iran, og jeg bor i Odense. Jeg har en kone og to børn. Om morgenen drikker jeg kaffe, og jeg arbejder fra ni til fem. I går købte jeg brød og mælk, og om aftenen så jeg en film. I dag regner det, men det er okay — jeg har en god paraply! Min kone hedder Mina. Hun taler dansk og persisk. Min kone arbejder i en skole. Mine børn spiser morgenmad klokken syv. Om aftenen er vi hjemme. Vi spiser aftensmad klokken seks, og jeg læser en bog. Mine børn sover klokken otte. Tak for i dag! I morgen arbejder jeg hjemme. Min familie og jeg har en god dag. Vejret er godt i morgen — vi ses. Velkommen til niveau 2! Og min hverdag? Om morgenen cykler jeg til mit arbejde. Jeg arbejder fra ni til fem, og klokken tolv har jeg en pause. Om eftermiddagen køber jeg mad, og om aftenen taler vi dansk hjemme. Det går godt! Hvad hedder du? Hvor bor du? Hvad taler du? Hvad spiser du om morgenen? Nu har du mange gode ord — tak for nu! Dialog: Et år i Danmark — Hej Amir! Hvordan går det? — Det går godt, tak! Jeg taler dansk nu. — Hvor bor du? — Jeg bor i Odense med min kone og mine to børn. — Hvad laver du om morgenen? — Jeg står op klokken syv, drikker kaffe og cykler til mit arbejde. — Og i går? — I går købte jeg brød og mælk, og om aftenen så vi en film. — Hvordan er vejret i dag? — Det regner, men jeg har min paraply! — Taler dine børn dansk? — Ja! De taler dansk i skolen og persisk hjemme. — Har du en stor familie? — Ja — og en lille lejlighed! Der er tre værelser. — Du taler godt dansk! — Tak! Jeg er stolt. Jeg vil lære mere. — Velkommen til niveau to, Amir! — Tak! Dansk er et godt sprog.",d0-l12-t.mp3,,,
"Jeg hedder Sara, og jeg er fra Iran.",d0-l12-c1.mp3,,,
Jeg vil gerne have en kaffe.,d0-l12-c2.mp3,,,
Om morgenen drikker jeg te.,d0-l12-c3.mp3,,,
I går var jeg i byen.,d0-l12-c4.mp3,,,
Min kone arbejder i en skole.,d0-l12-c5.mp3,,,
Velkommen til niveau 2!,d0-l12-c6.mp3,,,
et niveau,d0-l12-v19.mp3,,,
vil (at ville),d0-l12-v20.mp3,,,
stolt,d0-l12-v21.mp3,,,
mere,d0-l12-v24.mp3,,,
"Hej! Jeg hedder Amir. Jeg er fra Iran, og jeg bor i Odense. Jeg har en kone og to børn. Om morgenen drikker jeg kaffe, og jeg arbejder fra ni til fem. I går købte jeg brød og mælk, og om aftenen så jeg en film. I dag regner det, men det er okay — jeg har en god paraply!",d0-l12-r11.mp3,,,
i dag regner det,d0-l12-l13.mp3,,,
Min kone hedder Mina. Hun taler dansk og persisk. Min kone arbejder i en skole.,d0-l12-r14.mp3,,,
vi spiser aftensmad klokken seks,d0-l12-l15.mp3,,,
"— I går købte jeg brød og mælk, og om aftenen så vi en film.",d0-l12-r18.mp3,,,
velkommen til niveau to,d0-l12-l22.mp3,,,
"Jeg vil gerne have en kaffe og en kage, tak.",d0-l111-a.mp3,,,
"På en café — Hej! Velkommen. Hvad vil du gerne have? — Hej. Jeg vil gerne have en kaffe og en kage, tak. — Ja. Vil du have en stor eller en lille kaffe? — En stor kaffe, tak. Og må jeg bede om et glas vand? — Selvfølgelig. Skal du have noget mere? — Nej tak. Det er fint. — Godt. En stor kaffe, en kage og et glas vand. Sæt dig ved bordet der. — Tak. Efter kaffe — Undskyld, kan jeg få regningen? — Ja, et øjeblik. Det bliver femoghalvtreds kroner. — Værsgo. Kan jeg betale med kort? — Ja, det kan du. Tak for det. — Tak. Kagen var lækker! — Dejligt. Tak for i dag, og velbekomme. — Tak for mad. Hej hej! — Hej hej. Kom snart igen!",d0-l111-t.mp3,,,
Må jeg bede om et glas vand?,d0-l111-c2.mp3,,,
Hvad vil du gerne have?,d0-l111-c3.mp3,,,
"Kan jeg få regningen, tak?",d0-l111-c4.mp3,,,
Tak for mad!,d0-l111-c5.mp3,,,
Velbekomme.,d0-l111-c6.mp3,,,
en café,d0-l111-v01.mp3,,,
en menu,d0-l111-v02.mp3,,,
en tjener,d0-l111-v03.mp3,,,
at bestille,d0-l111-v04.mp3,,,
en kaffe,d0-l111-v05.mp3,,,
en te,d0-l111-v06.mp3,,,
et glas vand,d0-l111-v07.mp3,,,
en sandwich,d0-l111-v09.mp3,,,
regningen,d0-l111-v10.mp3,,,
lækker,d0-l111-v13.mp3,,,
Tak for mad,d0-l111-v14.mp3,,,
Velbekomme,d0-l111-v15.mp3,,,
"— Hej! Hvad vil du gerne have? — Jeg vil gerne have en kaffe og en kage, tak.",d0-l111-r1.mp3,,,
Har I den i en anden farve?,d0-l112-a.mp3,,,
"I en tøjbutik — Hej. Kan jeg hjælpe dig? — Ja tak. Jeg kan godt lide den her blå trøje. Har I den i en anden farve? — Ja, vi har den også i rød og i sort. Hvilken størrelse bruger du? — Jeg bruger medium. Kan jeg prøve den? — Selvfølgelig. Prøverummet er der til højre. (lidt senere) — Den er lidt for lille. Har I en large? — Ja, værsgo. Prøv den her. — Tak. Nu passer den. Hvad koster den? — Den koster to hundrede kroner. — Det er fint. Jeg tager den røde. — Godt valg. Vil du have en pose? — Ja tak. Og hvis den ikke passer, kan jeg så bytte den? — Ja, med din bon kan du bytte eller returnere den. — Perfekt. Tak for hjælpen!",d0-l112-t.mp3,,,
Kan jeg prøve den?,d0-l112-c1.mp3,,,
Hvad koster den?,d0-l112-c3.mp3,,,
Jeg bruger størrelse medium.,d0-l112-c4.mp3,,,
Jeg vil gerne bytte den.,d0-l112-c5.mp3,,,
Den er for lille.,d0-l112-c6.mp3,,,
en tøjbutik,d0-l112-v01.mp3,,,
en trøje,d0-l112-v02.mp3,,,
et par sko,d0-l112-v03.mp3,,,
en størrelse,d0-l112-v04.mp3,,,
en farve,d0-l112-v05.mp3,,,
at prøve,d0-l112-v06.mp3,,,
at bytte,d0-l112-v07.mp3,,,
at returnere,d0-l112-v08.mp3,,,
en bon,d0-l112-v09.mp3,,,
at passe,d0-l112-v10.mp3,,,
rød,d0-l112-v11.mp3,,,
blå,d0-l112-v12.mp3,,,
sort,d0-l112-v13.mp3,,,
hvid,d0-l112-v14.mp3,,,
at koste,d0-l112-v15.mp3,,,
— Jeg tager den røde. — Godt valg. Vil du have en pose?,d0-l112-r1.mp3,,,
Hvilken størrelse bruger du?,d0-l112-l10.mp3,,,
Hvordan er vejret i dag?,d0-l113-a.mp3,,,
"En snak om vejret — Godmorgen! Hvordan er vejret i dag? — Godmorgen. Det regner lidt, og det blæser. Tag en jakke på! — Åh nej. I går var det så flot. Solen skinnede hele dagen. — Ja, men det er efterår nu. Vejret skifter tit. — Det er rigtigt. Om sommeren er det varmt og dejligt, men om vinteren er det koldt og mørkt. — Jeg kan godt lide vinteren. Nogle gange sner det, og alt bliver hvidt. — Det er smukt, ja. Men jeg fryser om vinteren. — Hvad med foråret? — Foråret er mit yndlings. Blomsterne kommer, og solen skinner igen. — Enig. Nå, husk din paraply i dag — det regner stadig! — Tak for tippet. Hej hej, og god dag!",d0-l113-t.mp3,,,
Det regner.,d0-l113-c2.mp3,,,
Solen skinner.,d0-l113-c3.mp3,,,
Om sommeren er det varmt.,d0-l113-c5.mp3,,,
solen,d0-l113-v07.mp3,,,
at regne,d0-l113-v08.mp3,,,
at sne,d0-l113-v09.mp3,,,
at blæse,d0-l113-v10.mp3,,,
varm,d0-l113-v11.mp3,,,
kold,d0-l113-v12.mp3,,,
en jakke,d0-l113-v14.mp3,,,
"— Hvordan er vejret i dag? — Det regner lidt, og det blæser.",d0-l113-r1.mp3,,,
"Hos lægen — Godmorgen. Lægehuset, hvad kan jeg hjælpe med? — Hej. Jeg er syg. Jeg vil gerne bestille en tid. — Ja. Hvad er der galt? — Jeg har ondt i halsen, og jeg har feber. Jeg hoster også meget. — Hvor længe har du været syg? — I to dage. Jeg har det rigtig dårligt. — Okay. Du kan komme klokken to i dag. Passer det? — Ja, det passer fint. Tak. (hos lægen) — Goddag. Sæt dig ned. Hvor har du ondt? — Jeg har ondt i halsen og i hovedet. Og jeg har feber. — Luk munden op, tak. Ja, halsen er rød. Har du ondt i maven? — Nej, kun i halsen og hovedet. — Godt. Du skal drikke meget vand og hvile dig. God bedring! — Mange tak, doktor. Farvel.",d0-l114-t.mp3,,,
Jeg har ondt i maven.,d0-l114-c2.mp3,,,
Jeg har feber og hoster.,d0-l114-c3.mp3,,,
Jeg vil gerne bestille en tid.,d0-l114-c4.mp3,,,
Hvordan har du det?,d0-l114-c5.mp3,,,
Jeg har det dårligt.,d0-l114-c6.mp3,,,
en tid,d0-l114-v08.mp3,,,
at bestille en tid,d0-l114-v09.mp3,,,
at hoste,d0-l114-v11.mp3,,,
at have ondt,d0-l114-v13.mp3,,,
— Hvor har du ondt? — Jeg har ondt i halsen og i hovedet. Og jeg har feber.,d0-l114-r1.mp3,,,
Skal vi gå i biografen på fredag?,d0-l115-a.mp3,,,
"En aftale — Hej Mia! Har du tid på fredag? — Hej! Ja, jeg tror det. Hvad tænker du på? — Skal vi gå i biografen? Der er en god film. — Det lyder godt! Hvad tid? — Skal vi mødes klokken syv foran biografen? — Ja tak. Klokken syv passer fint. — Super. Skal vi spise noget bagefter? — Måske. Jeg skal hjem klokken ti, men vi kan drikke en kaffe. — Perfekt. Så mødes vi klokken syv på fredag. — Ja. Skal jeg købe billetterne? — Nej, det gør jeg. Vi ses! — Tak, Omar. Det bliver hyggeligt. Hej hej! — Hej hej, Mia. God weekend!",d0-l115-t.mp3,,,
Skal vi gå i biografen?,d0-l115-c1.mp3,,,
Har du tid på fredag?,d0-l115-c2.mp3,,,
"Ja tak, det lyder godt!",d0-l115-c3.mp3,,,
"Nej tak, jeg kan ikke.",d0-l115-c4.mp3,,,
Måske. Jeg skal se.,d0-l115-c5.mp3,,,
Vi ses på fredag!,d0-l115-c6.mp3,,,
en fritid,d0-l115-v01.mp3,,,
en aftale,d0-l115-v02.mp3,,,
at have tid,d0-l115-v06.mp3,,,
på fredag,d0-l115-v07.mp3,,,
ja tak,d0-l115-v08.mp3,,,
nej tak,d0-l115-v09.mp3,,,
hyggelig,d0-l115-v12.mp3,,,
bagefter,d0-l115-v14.mp3,,,
— Skal vi mødes klokken syv foran biografen? — Ja tak. Klokken syv passer fint.,d0-l115-r1.mp3,,,
Klokken er syv. Du skal stå op nu.,d0-l151-a.mp3,,,
"Mor: God morgen, Emil! Klokken er syv. Du skal stå op nu. Emil: Åh, jeg er så træt. Jeg vil sove lidt mere. Mor: Nej, du skal i skole. Stå op og vask dig. Emil: Okay, mor. Jeg står op nu. Mor: Godt. Børst dine tænder og tag tøj på. Emil: Hvad spiser vi til morgenmad? Mor: Vi har brød og æg. Vil du have en kop kakao? Emil: Ja tak. Jeg er sulten. Mor: Skynd dig lidt. Bussen kommer klokken otte. Emil: Jeg er klar om ti minutter. Hvor er min taske? Mor: Den ligger ved døren. Hav en god dag i skolen! Emil: Tak, mor. Vi ses i eftermiddag.",d0-l151-t.mp3,,,
Jeg står op klokken syv.,d0-l151-c1.mp3,,,
Jeg vasker mig om morgenen.,d0-l151-c2.mp3,,,
Han børster tænder.,d0-l151-c3.mp3,,,
Vi går i seng klokken elleve.,d0-l151-c4.mp3,,,
"Skynd dig, bussen kommer!",d0-l151-c5.mp3,,,
at vågne,d0-l151-v02.mp3,,,
at vaske sig,d0-l151-v05.mp3,,,
at børste tænder,d0-l151-v06.mp3,,,
at tage tøj på,d0-l151-v07.mp3,,,
at spise morgenmad,d0-l151-v08.mp3,,,
at gå i seng,d0-l151-v09.mp3,,,
en rutine,d0-l151-v12.mp3,,,
at skynde sig,d0-l151-v13.mp3,,,
en taske,d0-l151-v15.mp3,,,
Mor: Skynd dig lidt. Bussen kommer klokken otte. Emil: Jeg er klar om ti minutter.,d0-l151-r1.mp3,,,
Jeg er træt om morgenen.,d0-l151-l4.mp3,,,
Børst dine tænder.,d0-l151-l12.mp3,,,
Jeg vil gerne sende en pakke.,d0-l152-a.mp3,,,
"Kunde: Hej. Jeg vil gerne sende en pakke til min mor. Ekspedient: Ja, det kan vi godt. Hvor skal den hen? Kunde: Til Aarhus. Her er adressen. Ekspedient: Godt. Hvad er postnummeret? Kunde: Det er 8000. Ekspedient: Fint. Læg pakken på vægten, tak. Den vejer to kilo. Kunde: Hvad koster det at sende? Ekspedient: Det koster nitten kroner. Vil du have en kvittering? Kunde: Ja tak. Hvornår er pakken fremme? Ekspedient: Om to dage. Din mor kan hente den i en pakkeboks. Kunde: Perfekt. Tusind tak for hjælpen. Ekspedient: Selv tak. Hav en god dag.",d0-l152-t.mp3,,,
Skriv adressen her.,d0-l152-c3.mp3,,,
Pakken vejer to kilo.,d0-l152-c4.mp3,,,
Hvad er dit postnummer?,d0-l152-c5.mp3,,,
et posthus,d0-l152-v01.mp3,,,
en pakke,d0-l152-v02.mp3,,,
et frimærke,d0-l152-v06.mp3,,,
en pakkeboks,d0-l152-v09.mp3,,,
at veje,d0-l152-v10.mp3,,,
en kvittering,d0-l152-v11.mp3,,,
en afsender,d0-l152-v13.mp3,,,
en modtager,d0-l152-v14.mp3,,,
"Ekspedient: Læg pakken på vægten, tak. Den vejer to kilo.",d0-l152-r1.mp3,,,
Vil du have en kvittering?,d0-l152-l12.mp3,,,
"Anna: Hej, jeg er din nye nabo. Jeg hedder Anna. Peter: Hej Anna. Velkommen! Jeg hedder Peter. Jeg bor ved siden af. Anna: Hyggeligt at møde dig. Må jeg spørge om noget? Peter: Ja, selvfølgelig. Kan jeg hjælpe dig? Anna: Jeg har ikke mere mælk. Må jeg låne lidt? Peter: Ja, det er helt fint. Her, værsgo. Anna: Tusind tak. Du er meget venlig. Peter: Selv tak. Og undskyld, min hund larmer nogle gange. Anna: Det er okay. Bare bank på, hvis du har brug for hjælp. Peter: Tak, det gør jeg. Hav en god aften, Anna. Anna: I lige måde, Peter. Vi ses.",d0-l153-t.mp3,,,
Må jeg låne lidt sukker?,d0-l153-c2.mp3,,,
"Undskyld, det er lidt sent.",d0-l153-c3.mp3,,,
Tak for hjælpen.,d0-l153-c4.mp3,,,
Selv tak. Hav en god aften.,d0-l153-c5.mp3,,,
at hilse,d0-l153-v02.mp3,,,
at hjælpe,d0-l153-v03.mp3,,,
at låne,d0-l153-v04.mp3,,,
at give,d0-l153-v05.mp3,,,
en lyd,d0-l153-v06.mp3,,,
larm,d0-l153-v07.mp3,,,
selv tak,d0-l153-v09.mp3,,,
venlig,d0-l153-v10.mp3,,,
at banke på,d0-l153-v12.mp3,,,
en gæst,d0-l153-v13.mp3,,,
tak for hjælpen,d0-l153-v14.mp3,,,
"Anna: Jeg har ikke mere mælk. Må jeg låne lidt? Peter: Ja, det er helt fint. Her, værsgo.",d0-l153-r1.mp3,,,
Må jeg låne lidt mælk?,d0-l153-l12.mp3,,,
Jeg ser en kat. Katten sover i haven.,d0-l13-a.mp3,,,
"Mit hus Jeg bor i et hus. Huset ligger i en lille by. Ved huset er der en have. I haven er der et træ og mange blomster. Min nabo har en kat. Katten sover tit i min have! Om morgenen drikker jeg kaffe i haven. Kaffen smager godt. Byen har også en lille café. Caféen ligger ved parken, og kaffen der er billig. Om lørdagen går jeg en tur i byen. Jeg køber brød i butikken, og bagefter sidder jeg i parken. Parken er stor, og træerne er gamle og smukke. Min nabo vander tit blomsterne i haven. Han siger, at haven er det bedste sted i byen. Om sommeren spiser vi tit sammen i haven. Vi taler om byen, om vejret og om katten — den sover altid under træet! Om aftenen går jeg hjem ad den lille vej. Vejen er stille, og huset venter på mig. I dag er vejret fint, og solen skinner. Jeg åbner vinduet og hører fuglene i træerne. Butikken på hjørnet åbner klokken otte, og brødet der er altid friskt. Morgenen er stille, og kaffen er varm — en god start på dagen! I butikken — Godmorgen! Hvor er brødet? — Brødet ligger derovre, ved vinduet. — Tak. Og mælken? — Mælken står i køleskabet, ved siden af osten. — Super. Er kaffen på tilbud i dag? — Ja, kaffen koster kun tredive kroner i denne uge. — Så tager jeg to poser! Min nabo elsker også kaffe. — Er det naboen med katten? — Ja! Katten sover altid i min have, under træet. — Haha, den kender hele byen. Skal du have andet? — Ja, et rundstykke og en avis. Avisen er til min far. — Så er det femogtres kroner i alt. — Værsgo. Hav en god dag! — I lige måde! Vejret er dejligt i dag, ikke? — Jo, solen skinner, og parken er fuld af mennesker. Hils katten!",d0-l13-t.mp3,,,
en bil → bilen,d0-l13-c1.mp3,,,
et hus → huset,d0-l13-c2.mp3,,,
en have → haven,d0-l13-c3.mp3,,,
Jeg ser en kat. Katten sover.,d0-l13-c4.mp3,,,
et træ,d0-l13-v05.mp3,,,
en blomst,d0-l13-v06.mp3,,,
et vejr (vejret),d0-l13-v20.mp3,,,
mælk (mælken),d0-l13-v21.mp3,,,
en avis,d0-l13-v23.mp3,,,
på tilbud,d0-l13-v24.mp3,,,
haven,d0-l13-l6.mp3,,,
Mit hus Jeg bor i et hus. Huset ligger i en lille by. Ved huset er der en have. I haven er der et træ og mange blomster. Min nabo har en kat. Katten sover tit i min have! Om morgenen drikker jeg kaffe i haven. Kaffen smager godt.,d0-l13-r9.mp3,,,
katten sover i haven,d0-l13-l11.mp3,,,
"Min nabo vander tit blomsterne i haven. Han siger, at haven er det bedste sted i byen.",d0-l13-r12.mp3,,,
kaffen er billig,d0-l13-l13.mp3,,,
"— Er kaffen på tilbud i dag? — Ja, kaffen koster kun tredive kroner i denne uge.",d0-l13-r16.mp3,,,
butikken,d0-l13-l19.mp3,,,
Jeg har mange venner. Vi taler i mange timer.,d0-l14-a.mp3,,,
"Min familie har to biler og tre cykler. Vi bor i et hus med fire værelser. I haven er der to træer og mange blomster. Mine venner kommer på besøg hver uge — vi drikker kaffe og taler i mange timer! På min sprogskole er der mennesker fra mange lande. Vi er tolv kursister i klassen — seks kvinder og seks mænd. Vi lærer nye ord hver dag, og vi laver mange opgaver. I pauserne drikker vi te eller kaffe og taler om vores familier. Mine to børn går i skole. De har mange bøger i deres tasker. Om aftenen læser vi historier sammen. Børnene elsker bøger med billeder. I weekenden kommer deres venner, og så leger alle børnene i haven i mange timer. På mit arbejde er vi ni kolleger — fire kvinder og fem mænd. Vi har tre biler og mange cykler, og vi arbejder i to byer. Mine kolleger har også børn, og vi taler tit om vores familier. Dagene og ugerne går hurtigt her i Danmark, men gode venner bliver — og nu har jeg mange gode venner. På sprogskolen — Hvor mange kursister er I i klassen? — Vi er tolv — seks kvinder og seks mænd. — Lærer I mange nye ord? — Ja, mange! Jeg skriver alle ordene i min bog. — Hvor mange bøger har du? — Tre bøger og to hæfter. Mine tasker er altid tunge! — Har du børn? — Ja, to børn. De har også mange bøger og mange opgaver. — Og dine venner fra klassen? — Vi mødes tit. Mine veninder kommer på besøg hver fredag. — Drikker I kaffe sammen? — Ja, vi drikker mange kopper kaffe og taler i mange timer! — Det lyder hyggeligt. Nye venner er det bedste ved skolen. — Ja — nye ord, nye venner og nye dage. Alle ugerne går så hurtigt her!",d0-l14-t.mp3,,,
en bil → to biler,d0-l14-c1.mp3,,,
et hus → to huse,d0-l14-c2.mp3,,,
et år → to år,d0-l14-c3.mp3,,,
et barn → to børn,d0-l14-c4.mp3,,,
"en ven, venner",d0-l14-v01.mp3,,,
en veninde,d0-l14-v02.mp3,,,
mange,d0-l14-v03.mp3,,,
få,d0-l14-v04.mp3,,,
en måned,d0-l14-v07.mp3,,,
"en dag, dage",d0-l14-v08.mp3,,,
"et menneske, mennesker",d0-l14-v09.mp3,,,
en ting,d0-l14-v10.mp3,,,
et besøg,d0-l14-v11.mp3,,,
på besøg,d0-l14-v12.mp3,,,
hver,d0-l14-v13.mp3,,,
"en cykel, cykler",d0-l14-v14.mp3,,,
"en kvinde, kvinder",d0-l14-v15.mp3,,,
"en mand, mænd",d0-l14-v16.mp3,,,
"en bog, bøger",d0-l14-v17.mp3,,,
"et ord, ord",d0-l14-v18.mp3,,,
"et hæfte, hæfter",d0-l14-v21.mp3,,,
"tung, tunge",d0-l14-v22.mp3,,,
"en kop, kopper",d0-l14-v23.mp3,,,
mange venner,d0-l14-l6.mp3,,,
Min familie har to biler og tre cykler. Vi bor i et hus med fire værelser. I haven er der to træer og mange blomster. Mine venner kommer på besøg hver uge — vi drikker kaffe og taler i mange timer!,d0-l14-r9.mp3,,,
vi taler i mange timer,d0-l14-l11.mp3,,,
Vi er tolv kursister i klassen — seks kvinder og seks mænd.,d0-l14-r12.mp3,,,
børnene elsker bøger,d0-l14-l13.mp3,,,
— Hvor mange bøger har du? — Tre bøger og to hæfter. Mine tasker er altid tunge!,d0-l14-r16.mp3,,,
Jeg har en ny cykel. Den er hurtig og smuk.,d0-l15-a.mp3,,,
"Min nye cykel Jeg købte en ny cykel i går. Den er hurtig og smuk! Min gamle cykel var langsom og grim. Nu cykler jeg til arbejde hver dag. Danske byer er gode til cyklister — der er brede cykelstier i alle store byer. Min lejlighed er lys og billig. Stuen er stor, men køkkenet er lille. Jeg købte et nyt bord og fire gamle stole. De gamle stole var næsten gratis! Væggene er hvide, og gardinerne er blå. Fra vinduet kan jeg se en grøn park og mange røde huse. Min veninde siger: Din lejlighed er rigtig hyggelig! Det gør mig glad, fordi jeg elsker mit lille hjem — det er ikke stort, men det er lyst og varmt. I weekenden var jeg i en stor møbelbutik. Der var smukke lamper, billige senge og mange fine ting. Jeg fandt en blød stol og en varm, gul lampe til stuen. De gamle huse i min by er også smukke — røde, gule og hvide. Nu er min lejlighed færdig, og alle mine venner siger: Sikke et hyggeligt hjem! I møbelbutikken — Hej! Jeg leder efter en lampe til min stue. — Vi har mange fine lamper. Vil du have en stor eller en lille? — En lille, tak. Min stue er ikke så stor. — Hvad med den her gule lampe? Den giver et blødt lys og er meget populær. — Den er smuk! Hvad koster den? — To hundrede kroner. Den gamle model var dyrere. — Fint. Jeg skal også bruge et lille bord. — Vi har et billigt bord i hvidt træ. Det er nyt, og det koster kun hundrede kroner. — Perfekt! Mit gamle bord var grimt og svært at samle. — Det her er nemt — ti minutter, ikke mere. — Godt. Så tager jeg den gule lampe og det hvide bord. — God idé. Din stue bliver rigtig hyggelig!",d0-l15-t.mp3,,,
en stor bil,d0-l15-c1.mp3,,,
et stort hus,d0-l15-c2.mp3,,,
store biler,d0-l15-c3.mp3,,,
en lille bil → små biler,d0-l15-c4.mp3,,,
små,d0-l15-v04.mp3,,,
god,d0-l15-v05.mp3,,,
dårlig,d0-l15-v06.mp3,,,
smuk,d0-l15-v07.mp3,,,
grim,d0-l15-v08.mp3,,,
hurtig,d0-l15-v09.mp3,,,
langsom,d0-l15-v10.mp3,,,
nem,d0-l15-v11.mp3,,,
svær,d0-l15-v12.mp3,,,
"en stol, stole",d0-l15-v19.mp3,,,
"dyr, dyrt, dyre",d0-l15-v21.mp3,,,
"blød, blødt",d0-l15-v23.mp3,,,
mange blomster,d0-l15-l8.mp3,,,
Min nye cykel Jeg købte en ny cykel i går. Den er hurtig og smuk! Min gamle cykel var langsom og grim. Nu cykler jeg til arbejde hver dag. Danske byer er gode til cyklister — der er brede cykelstier i alle store byer.,d0-l15-r9.mp3,,,
den er hurtig og smuk,d0-l15-l11.mp3,,,
"Min lejlighed er lys og billig. Stuen er stor, men køkkenet er lille.",d0-l15-r12.mp3,,,
køkkenet er lille,d0-l15-l13.mp3,,,
"— Vi har et billigt bord i hvidt træ. Det er nyt, og det koster kun hundrede kroner.",d0-l15-r16.mp3,,,
lampen,d0-l15-l19.mp3,,,
"Kan du hjælpe mig? Ja, selvfølgelig!",d0-l16-a.mp3,,,
"— Kan du tale dansk? — Ja, lidt. Jeg kan forstå meget, men jeg taler langsomt. — Skal vi øve sammen? — Ja, det vil jeg gerne! Hvornår kan du? — Jeg kan i morgen. Vi kan mødes på caféen. — Super! Så ses vi i morgen. På sprogskolen må vi ikke tale engelsk i timen. Vi skal tale dansk, fordi vi skal lære sproget. Vores lærer siger: I kan godt! I skal bare øve hver dag. Efter skole vil jeg gerne læse mere, men jeg skal også lave mad og hente mine børn. Min ven kan ikke svømme. Nu skal han lære det, fordi hans børn elsker vandet. Han siger: Jeg vil øve hver lørdag i svømmehallen. Man kan altid lære noget nyt! I Danmark skal børn gå i skole i ti år. De skal lære dansk, engelsk og matematik. Mange unge vil også arbejde, men de skal først være tretten år. Min datter vil gerne have et fritidsjob i en butik. Hun siger: Jeg kan arbejde om lørdagen, og jeg vil spare op til en ny cykel! Det er en god plan, og vi vil gerne hjælpe hende. En travl uge Amir har en travl uge. Han skal arbejde hver dag, og han skal også hente sine børn klokken fire. Om onsdagen vil han gerne svømme, men svømmehallen lukker tidligt, så han må skynde sig. Hans datter kan allerede svømme, men hans søn skal først lære det. Om torsdagen skal familien lave mad sammen. Børnene vil gerne have pizza, men Amir siger: Vi kan lave pizza på fredag — i dag skal vi have fisk. Om aftenen øver Amir dansk. Han kan forstå meget nu, men han vil gerne tale hurtigere. Hans lærer siger, at han skal læse højt ti minutter hver dag. Det er en god plan: Man må gerne lave fejl — men man skal øve, hvis man vil lære sproget.",d0-l16-t.mp3,,,
Jeg kan tale dansk.,d0-l16-c1.mp3,,,
Jeg skal arbejde i morgen.,d0-l16-c2.mp3,,,
Vil du have kaffe?,d0-l16-c3.mp3,,,
Man må ikke ryge her.,d0-l16-c4.mp3,,,
at kunne (kan),d0-l16-v01.mp3,,,
at skulle (skal),d0-l16-v02.mp3,,,
at ville (vil),d0-l16-v03.mp3,,,
at måtte (må),d0-l16-v04.mp3,,,
at tale,d0-l16-v05.mp3,,,
at svømme,d0-l16-v08.mp3,,,
at køre,d0-l16-v09.mp3,,,
at øve,d0-l16-v10.mp3,,,
selvfølgelig,d0-l16-v13.mp3,,,
at lave mad,d0-l16-v18.mp3,,,
bare,d0-l16-v20.mp3,,,
travl,d0-l16-v21.mp3,,,
at læse højt,d0-l16-v23.mp3,,,
kan du hjælpe mig,d0-l16-l7.mp3,,,
"— Kan du tale dansk? — Ja, lidt. Jeg kan forstå meget, men jeg taler langsomt. — Skal vi øve sammen? — Ja, det vil jeg gerne! Hvornår kan du? — Jeg kan i morgen. Vi kan mødes på caféen. — Super! Så ses vi i morgen.",d0-l16-r9.mp3,,,
vi kan mødes på caféen,d0-l16-l11.mp3,,,
"Min ven kan ikke svømme. Nu skal han lære det, fordi hans børn elsker vandet.",d0-l16-r12.mp3,,,
man kan altid lære noget nyt,d0-l16-l13.mp3,,,
"Hans lærer siger, at han skal læse højt ti minutter hver dag.",d0-l16-r16.mp3,,,
Tak for i aften! Det var hyggeligt.,d0-l17-a.mp3,,,
"— Hej Amir! Vil du med til fest på lørdag? — Ja tak, det lyder hyggeligt! Skal jeg tage noget med? — Nej, bare dig selv! (Efter festen) — Tak for i aften! Det var rigtig hyggeligt. — Selv tak! Vi ses snart. (En uge senere) — Hej igen! Tak for sidst! — Ja, tak for sidst — det var en dejlig aften! Hygge er en vigtig del af livet i Danmark. Om vinteren tænder danskerne mange stearinlys, og de sidder sammen med te, kaffe og varme tæpper. Man skal ikke bruge mange penge — hygge er næsten gratis: gode venner, varm kakao og en god film. Da jeg var til fest første gang, sagde jeg bare tak hele tiden. Min veninde smilede og sagde: Du er allerede lidt dansk! Nu siger jeg altid tak for mad, og jeg glemmer aldrig tak for sidst. Min nabo inviterede os til kaffe i søndags. Vi sad i haven med tæpper og varm kaffe, og vi talte i tre timer. Da vi gik hjem, sagde jeg: Tusind tak for i dag! Det var rigtig hyggeligt. Min nabo smilede stort — den sætning åbner alle døre i Danmark. En hyggelig vinteraften I fredags inviterede min veninde Karen os til middag. Vi kom klokken seks med en lille gave — blomster til hende. Karen tændte stearinlys i hele stuen, og der var varme tæpper på sofaen. Vi spiste god mad og talte om alt: familie, arbejde og vejret. Efter maden sagde jeg: Tak for mad! Karen smilede og sagde: Velbekomme! Vi drak te og spillede et spil, og børnene så en film under et stort tæppe. Klokken ti sagde vi: Tusind tak for i aften — det var rigtig hyggeligt! Ugen efter mødte jeg Karen i butikken. Jeg sagde med det samme: Tak for sidst! Hun blev glad og svarede: Selv tak — I skal snart komme igen! Sådan er hygge: små ord, varme lys og god tid sammen.",d0-l17-t.mp3,,,
Tak for sidst!,d0-l17-c2.mp3,,,
Det var hyggeligt!,d0-l17-c3.mp3,,,
Tillykke med fødselsdagen!,d0-l17-c4.mp3,,,
hygge,d0-l17-v02.mp3,,,
tak for mad,d0-l17-v03.mp3,,,
tak for sidst,d0-l17-v04.mp3,,,
tusind tak,d0-l17-v05.mp3,,,
tillykke,d0-l17-v06.mp3,,,
en fest,d0-l17-v08.mp3,,,
at tage med,d0-l17-v11.mp3,,,
dejlig,d0-l17-v13.mp3,,,
snart,d0-l17-v14.mp3,,,
et stearinlys,d0-l17-v16.mp3,,,
et tæppe,d0-l17-v17.mp3,,,
at tænde,d0-l17-v22.mp3,,,
velbekomme,d0-l17-v23.mp3,,,
et spil,d0-l17-v24.mp3,,,
"— Hej Amir! Vil du med til fest på lørdag? — Ja tak, det lyder hyggeligt! Skal jeg tage noget med? — Nej, bare dig selv! (Efter festen) — Tak for i aften! Det var rigtig hyggeligt. — Selv tak! Vi ses snart. (En uge senere) — Hej igen! Tak for sidst! — Ja, tak for sidst — det var en dejlig aften!",d0-l17-r9.mp3,,,
"Man skal ikke bruge mange penge — hygge er næsten gratis: gode venner, varm kakao og en god film.",d0-l17-r12.mp3,,,
hygge er en vigtig del af livet i danmark,d0-l17-l13.mp3,,,
Ugen efter mødte jeg Karen i butikken. Jeg sagde med det samme: Tak for sidst!,d0-l17-r16.mp3,,,
Lars elsker sin kone og sine børn.,d0-l18-a.mp3,,,
"Min danske nabo Min nabo Lars er gift. Hans kone hedder Mette. Lars elsker sin kone og sine to børn. Mette besøger tit sin mormor — hun bor på Fyn. Om søndagen spiser hele familien hos hendes forældre. Deres børn spiller fodbold med deres venner i haven. Familien betyder meget i Danmark, men familierne er ofte små. Børnene flytter tidligt hjemmefra, og mange unge bor alene i store byer. Men familien ses stadig tit — især i weekenden. Min kollega Peter besøger sine forældre hver søndag. Hans mor laver altid god mad, og hans far viser gerne haven frem. Peters søster bor i Jylland med sin kæreste, deres søn og deres lille datter. Hun ringer tit til sin bror, fordi hun savner sin familie. Min egen familie bor langt væk, og jeg savner den tit. Jeg ringer til mine forældre hver fredag, og min mor fortæller om sin have. Min bror sender billeder af sine børn — og min søn elsker at se sine fætre og kusiner på skærmen. Familiebilleder — Hvem er det på billedet? — Det er min bror og hans kone. De bor i Jylland. — Og barnet? — Det er deres søn. Han elsker sin mormor — hun bor lige ved siden af. — Besøger din bror tit sine forældre? — Ja, hver søndag. Min mor laver mad, og min far viser sin have frem. — Og hvem er kvinden her? — Det er min søster med sin datter og sin mand. — Din søster ligner sin mor meget! — Ja, alle siger det. Hun ringer til hende hver dag, fordi hun savner sin familie. — Savner du også din familie? — Ja, tit. Men jeg ser deres billeder hver dag, og min søn taler med sine fætre i telefonen. — Familie er vigtig — også når den bor langt væk.",d0-l18-t.mp3,,,
Hun besøger sin mor.,d0-l18-c1.mp3,,,
Hun besøger hendes mor.,d0-l18-c2.mp3,,,
Han vasker sit tøj.,d0-l18-c3.mp3,,,
De elsker deres børn.,d0-l18-c4.mp3,,,
skilt,d0-l18-v02.mp3,,,
en kæreste,d0-l18-v03.mp3,,,
en mormor,d0-l18-v04.mp3,,,
en farmor,d0-l18-v05.mp3,,,
en morfar,d0-l18-v06.mp3,,,
en onkel,d0-l18-v07.mp3,,,
en tante,d0-l18-v08.mp3,,,
en fætter,d0-l18-v09.mp3,,,
en kusine,d0-l18-v10.mp3,,,
hans,d0-l18-v11.mp3,,,
hendes,d0-l18-v12.mp3,,,
vores,d0-l18-v13.mp3,,,
at flytte,d0-l18-v18.mp3,,,
at savne,d0-l18-v19.mp3,,,
"ung, unge",d0-l18-v20.mp3,,,
et billede,d0-l18-v21.mp3,,,
at ligne,d0-l18-v22.mp3,,,
Min danske nabo Min nabo Lars er gift. Hans kone hedder Mette. Lars elsker sin kone og sine to børn. Mette besøger tit sin mormor — hun bor på Fyn. Om søndagen spiser hele familien hos hendes forældre. Deres børn spiller fodbold med deres venner i haven.,d0-l18-r9.mp3,,,
hun besøger sin mormor,d0-l18-l11.mp3,,,
"Min kollega Peter besøger sine forældre hver søndag. Hans mor laver altid god mad, og hans far viser gerne haven frem.",d0-l18-r12.mp3,,,
hun savner sin familie,d0-l18-l13.mp3,,,
— Det er deres søn. Han elsker sin mormor — hun bor lige ved siden af.,d0-l18-r16.mp3,,,
Jeg har boet i Danmark i to år.,d0-l19-a.mp3,,,
"Jeg har boet i Danmark i to år. Jeg har lært meget dansk, og jeg har fået gode venner. Jeg har set København og Aarhus, men jeg har aldrig været i Skagen. Min ven Reza er lige kommet fra Iran. Han har ikke set sneen endnu — den kommer snart! Jeg har også prøvet mange nye ting i Danmark. Jeg har smagt rugbrød og leverpostej — rugbrød er faktisk godt! Jeg har cyklet i regnen mange gange, og jeg har lært at elske det danske vejr. Min søster er lige flyttet til Danmark. Hun har allerede fundet et værelse, men hun har ikke fået et job endnu. Hun har søgt ti job på to uger, fordi hun gerne vil arbejde snart. Jeg har sagt til hende: Du har gjort det godt — dit nye liv er lige begyndt! Og dig? Hvad har du prøvet i dit nye land? Har du smagt maden, og har du set havet? Skriv tre ting, du har lavet, og sig dem højt på dansk. Min lærer har sagt det mange gange: Øvelse gør mester. Du har allerede lært rigtig meget — og rejsen er ikke slut endnu! Har du prøvet det? — Hvor længe har du boet i Danmark? — Jeg har boet her i to år nu. — Har du set Skagen? — Nej, ikke endnu. Men jeg har været i København tre gange. — Har du smagt rugbrød? — Ja! Først kunne jeg ikke lide det, men nu har jeg lært at elske det. — Har du fundet et godt job? — Ja, jeg har arbejdet i en café siden marts. Og du? Hvad har du lavet i dag? — Jeg har læst en dansk bog, og jeg har skrevet ti nye ord. — Flot! Har du nogensinde talt dansk i telefonen? — Nej, aldrig — det er svært! — Jeg har prøvet det én gang. Jeg var nervøs, men det gik godt. — Så er det min tur i morgen. Man har ikke lært noget, før man har prøvet det!",d0-l19-t.mp3,,,
Jeg har boet her i to år.,d0-l19-c1.mp3,,,
Har du set filmen?,d0-l19-c2.mp3,,,
Jeg har aldrig været i Skagen.,d0-l19-c3.mp3,,,
Min ven er lige kommet.,d0-l19-c4.mp3,,,
har boet,d0-l19-v01.mp3,,,
har lavet,d0-l19-v02.mp3,,,
har set,d0-l19-v03.mp3,,,
har købt,d0-l19-v04.mp3,,,
har spist,d0-l19-v05.mp3,,,
har læst,d0-l19-v06.mp3,,,
har været,d0-l19-v07.mp3,,,
har fået,d0-l19-v08.mp3,,,
er kommet,d0-l19-v09.mp3,,,
er gået,d0-l19-v10.mp3,,,
nogensinde,d0-l19-v11.mp3,,,
allerede,d0-l19-v12.mp3,,,
endnu,d0-l19-v13.mp3,,,
lige,d0-l19-v14.mp3,,,
har prøvet,d0-l19-v15.mp3,,,
har fundet,d0-l19-v16.mp3,,,
er flyttet,d0-l19-v17.mp3,,,
et rugbrød,d0-l19-v18.mp3,,,
har skrevet,d0-l19-v21.mp3,,,
har arbejdet,d0-l19-v22.mp3,,,
siden,d0-l19-v23.mp3,,,
har du set den,d0-l19-l7.mp3,,,
"Jeg har boet i Danmark i to år. Jeg har lært meget dansk, og jeg har fået gode venner. Jeg har set København og Aarhus, men jeg har aldrig været i Skagen. Min ven Reza er lige kommet fra Iran. Han har ikke set sneen endnu — den kommer snart!",d0-l19-r9.mp3,,,
jeg har lært meget dansk,d0-l19-l11.mp3,,,
"Min søster er lige flyttet til Danmark. Hun har allerede fundet et værelse, men hun har ikke fået et job endnu.",d0-l19-r12.mp3,,,
jeg har prøvet mange nye ting,d0-l19-l13.mp3,,,
"— Har du set Skagen? — Nej, ikke endnu. Men jeg har været i København tre gange.",d0-l19-r16.mp3,,,
"Da jeg kom til Danmark, kunne jeg ikke tale dansk.",d0-l20-a.mp3,,,
"Min historie Da jeg kom til Danmark, kunne jeg ikke tale dansk. Først gik jeg på sprogskole hver dag. Så fik jeg danske venner, og bagefter fandt jeg et arbejde. Når jeg er træt, taler jeg stadig persisk derhjemme. Men til sidst kom dagen: Nu fortæller jeg min historie på dansk! Da jeg begyndte på sprogskolen, forstod jeg næsten ingenting. Min lærer talte langsomt, men danskerne i byen talte hurtigt. En dag skete der noget sjovt: En gammel dame spurgte mig om vej, og jeg svarede på dansk! Hun forstod mig, og jeg var så glad. Når jeg tænker på den dag, smiler jeg stadig. Dengang kunne jeg kun sige få ord — nu fortæller jeg lange historier på dansk. Min ven fortalte også en historie. Da han var ung, rejste han til Tyskland med sin bror. Først tog de toget, så sejlede de med en færge, og til sidst gik de ti kilometer! Dengang var der ingen mobiltelefoner — men de fandt vej, og de glemmer aldrig den rejse. Fortæl om dengang — Hvornår kom du til Danmark? — For fire år siden. Da jeg kom, kunne jeg kun sige «hej» og «tak». — Hvad gjorde du først? — Først gik jeg på sprogskole. Bagefter fandt jeg et arbejde i en butik. — Hvad skete der, da du talte dansk første gang? — Haha! Da en kunde spurgte mig om prisen, svarede jeg på engelsk. Men da hun spurgte igen, prøvede jeg på dansk — og hun forstod mig! — Hvordan går det nu, når du taler dansk? — Når jeg er træt, laver jeg stadig fejl. Men når jeg taler med mine naboer, går det fint. — Husker du din første vinter? — Ja! Da det sneede første gang, tog jeg hundrede billeder. Dengang var alt nyt — nu er sneen bare kold!",d0-l20-t.mp3,,,
"Da jeg var barn, boede jeg i Teheran.",d0-l20-c1.mp3,,,
"Når jeg er træt, drikker jeg te.",d0-l20-c2.mp3,,,
"Først spiste vi, og så gik vi hjem.",d0-l20-c3.mp3,,,
Pludselig begyndte det at regne!,d0-l20-c4.mp3,,,
da,d0-l20-v01.mp3,,,
når,d0-l20-v02.mp3,,,
pludselig,d0-l20-v06.mp3,,,
dengang,d0-l20-v07.mp3,,,
at fortælle,d0-l20-v09.mp3,,,
at huske,d0-l20-v10.mp3,,,
at glemme,d0-l20-v11.mp3,,,
en sprogskole,d0-l20-v12.mp3,,,
stadig,d0-l20-v13.mp3,,,
at begynde,d0-l20-v14.mp3,,,
at ske (skete),d0-l20-v15.mp3,,,
at spørge (spurgte),d0-l20-v16.mp3,,,
sjov,d0-l20-v18.mp3,,,
ingenting,d0-l20-v19.mp3,,,
en dame,d0-l20-v20.mp3,,,
en kunde,d0-l20-v21.mp3,,,
for … siden,d0-l20-v22.mp3,,,
at sne (sneede),d0-l20-v23.mp3,,,
"Min historie Da jeg kom til Danmark, kunne jeg ikke tale dansk. Først gik jeg på sprogskole hver dag. Så fik jeg danske venner, og bagefter fandt jeg et arbejde. Når jeg er træt, taler jeg stadig persisk derhjemme. Men til sidst kom dagen: Nu fortæller jeg min historie på dansk!",d0-l20-r9.mp3,,,
først gik jeg på sprogskole,d0-l20-l11.mp3,,,
"En dag skete der noget sjovt: En gammel dame spurgte mig om vej, og jeg svarede på dansk!",d0-l20-r12.mp3,,,
jeg var så glad,d0-l20-l13.mp3,,,
"— Husker du din første vinter? — Ja! Da det sneede første gang, tog jeg hundrede billeder.",d0-l20-r16.mp3,,,
Jeg har arbejdet som kok i fem år.,d0-l21-a.mp3,,,
"Jobsamtalen — Velkommen! Fortæl lidt om dig selv. — Jeg hedder Amir. Jeg har arbejdet som kok i fem år. — Hvorfor søger du jobbet? — Jeg kan lide at arbejde med mennesker, og jeg vil gerne bruge mit dansk. — Hvornår kan du begynde? — Jeg kan begynde i næste uge! — Perfekt. Lønnen er hundrede og tres kroner i timen. Arbejdslivet i Danmark er lidt anderledes. Arbejdsdagen begynder tidligt, ofte klokken syv eller otte, og mange går hjem klokken fire. Til frokost sidder alle kolleger sammen i kantinen. De taler om weekenden, om børn og om fodbold. Min første arbejdsdag var jeg meget nervøs. Men min chef smilede og sagde: Bare spørg — vi hjælper dig! Nu har jeg gode kolleger, og jeg lærer nyt dansk hver dag på arbejdet. Min veninde Sara har lige været til jobsamtale i en børnehave. Hun var nervøs, men hun svarede roligt på alle spørgsmål. Efter to dage ringede chefen og sagde: Du har fået jobbet! Nu arbejder Sara tredive timer om ugen, og hun er meget glad for sine kolleger. Min første måned på jobbet Amir fik jobbet i restauranten, og i mandags begyndte han. Den første dag var han nervøs, men hans kolleger var søde og hjalp ham hele tiden. Arbejdsdagen begynder klokken syv, så Amir står op klokken halv seks. Klokken tolv spiser alle frokost sammen i kantinen. Kollegerne taler hurtigt, men de forklarer gerne, når Amir spørger. Hans chef siger, at han arbejder godt og lærer hurtigt. Efter to uger fik Amir sin første løn. Han viste lønsedlen til sin kone og smilede stort. Nu kender han alle kollegerne, og han forstår mere dansk hver dag. Om fredagen tager kollegerne kage med — det hedder fredagskage, og det er ugens bedste pause. Amir siger: Jobbet giver mig mere end løn. Det giver mig sprog, venner og en god hverdag i Danmark.",d0-l21-t.mp3,,,
Jeg arbejder som kok.,d0-l21-c1.mp3,,,
Jeg søger et job.,d0-l21-c2.mp3,,,
"en kollega, som kommer fra Syrien",d0-l21-c3.mp3,,,
halvtreds kroner i timen,d0-l21-c4.mp3,,,
et job,d0-l21-v02.mp3,,,
en kollega,d0-l21-v03.mp3,,,
en chef,d0-l21-v04.mp3,,,
en løn,d0-l21-v05.mp3,,,
en jobsamtale,d0-l21-v06.mp3,,,
en ansøgning,d0-l21-v07.mp3,,,
at søge,d0-l21-v08.mp3,,,
at bruge,d0-l21-v09.mp3,,,
fuldtid,d0-l21-v11.mp3,,,
deltid,d0-l21-v12.mp3,,,
firs,d0-l21-v14.mp3,,,
en arbejdsdag,d0-l21-v15.mp3,,,
en frokost,d0-l21-v16.mp3,,,
en kantine,d0-l21-v17.mp3,,,
nervøs,d0-l21-v18.mp3,,,
anderledes,d0-l21-v19.mp3,,,
en lønseddel,d0-l21-v21.mp3,,,
fredagskage,d0-l21-v24.mp3,,,
"Jobsamtalen — Velkommen! Fortæl lidt om dig selv. — Jeg hedder Amir. Jeg har arbejdet som kok i fem år. — Hvorfor søger du jobbet? — Jeg kan lide at arbejde med mennesker, og jeg vil gerne bruge mit dansk. — Hvornår kan du begynde? — Jeg kan begynde i næste uge! — Perfekt. Lønnen er hundrede og tres kroner i timen.",d0-l21-r9.mp3,,,
hvornår kan du begynde,d0-l21-l11.mp3,,,
"Til frokost sidder alle kolleger sammen i kantinen. De taler om weekenden, om børn og om fodbold.",d0-l21-r12.mp3,,,
vi hjælper dig,d0-l21-l13.mp3,,,
"Om fredagen tager kollegerne kage med — det hedder fredagskage, og det er ugens bedste pause.",d0-l21-r16.mp3,,,
Jeg er medlem af en forening. Vi mødes hver torsdag.,d0-l22-a.mp3,,,
"Frivilligt arbejde I Danmark er mange mennesker frivillige. Min nabo er træner i en fodboldklub, og han får ingen løn. Han gør det, fordi det er hyggeligt, og fordi han elsker fodbold. Jeg er medlem af en madklub, og vi mødes hver torsdag. Frivilligt arbejde er en god vej til danske venner — og bedre dansk! Der findes foreninger for næsten alt i Danmark: kor, skak, løb, madlavning og meget mere. Over halvdelen af danskerne er medlem af en forening. Det koster tit kun lidt — og mange klubber er helt gratis. Jeg meldte mig ind i en løbeklub sidste måned. Først var jeg genert, men de andre medlemmer sagde hej og smilede. Nu løber vi sammen to gange om ugen, og bagefter drikker vi kaffe. Jeg lærer meget dansk, fordi vi taler hele tiden. Min kone er også blevet frivillig. Hun hjælper gamle mennesker med deres computere to timer om ugen. De drikker kaffe, taler dansk og griner meget. Hun siger: Jeg giver to timer — og jeg får så meget igen! I løbeklubben — Hej! Er du ny i klubben? — Ja, det er min første gang. Jeg er lidt genert. — Bare rolig! Alle var nye engang. Hvorfor vil du løbe med os? — Fordi jeg vil have motion — og fordi jeg vil øve mit dansk! — Perfekt! Vi taler hele tiden, når vi løber langsomt. — Koster det noget at være medlem? — Kun to hundrede kroner om året. Og kaffen bagefter er gratis! — Er der andre foreninger her i byen? — Ja, mange! Min datter går til kor, og min søn spiller skak i en klub. — Er du også frivillig? — Ja, jeg er træner for børnene om lørdagen. Jeg får ingen løn, men jeg får noget bedre: et fællesskab. — Så melder jeg mig ind i dag! — Velkommen i klubben!",d0-l22-t.mp3,,,
Jeg er medlem af en forening.,d0-l22-c1.mp3,,,
Hun er frivillig træner.,d0-l22-c2.mp3,,,
Vi mødes hver torsdag.,d0-l22-c3.mp3,,,
"…, fordi det er hyggeligt.",d0-l22-c4.mp3,,,
frivillig,d0-l22-v01.mp3,,,
en forening,d0-l22-v02.mp3,,,
et medlem,d0-l22-v03.mp3,,,
en klub,d0-l22-v04.mp3,,,
en træner,d0-l22-v05.mp3,,,
at deltage,d0-l22-v06.mp3,,,
en aktivitet,d0-l22-v07.mp3,,,
et fællesskab,d0-l22-v08.mp3,,,
en genbrugsbutik,d0-l22-v09.mp3,,,
gratis,d0-l22-v10.mp3,,,
fordi,d0-l22-v11.mp3,,,
ingen,d0-l22-v12.mp3,,,
en fodboldklub,d0-l22-v14.mp3,,,
et kor,d0-l22-v15.mp3,,,
skak,d0-l22-v16.mp3,,,
at melde sig ind,d0-l22-v17.mp3,,,
genert,d0-l22-v18.mp3,,,
halvdelen,d0-l22-v20.mp3,,,
bare rolig,d0-l22-v21.mp3,,,
engang,d0-l22-v22.mp3,,,
om året,d0-l22-v23.mp3,,,
"Frivilligt arbejde I Danmark er mange mennesker frivillige. Min nabo er træner i en fodboldklub, og han får ingen løn. Han gør det, fordi det er hyggeligt, og fordi han elsker fodbold. Jeg er medlem af en madklub, og vi mødes hver torsdag. Frivilligt arbejde er en god vej til danske venner — og bedre dansk!",d0-l22-r9.mp3,,,
han er frivillig træner,d0-l22-l11.mp3,,,
"Jeg meldte mig ind i en løbeklub sidste måned. Først var jeg genert, men de andre medlemmer sagde hej og smilede.",d0-l22-r12.mp3,,,
vi løber sammen to gange om ugen,d0-l22-l13.mp3,,,
— Koster det noget at være medlem? — Kun to hundrede kroner om året. Og kaffen bagefter er gratis!,d0-l22-r16.mp3,,,
Jeg løber ofte i parken.,d0-l23-a.mp3,,,
"Danskerne elsker motion! Mange cykler til arbejde hver dag — også om vinteren. Jeg løber ofte i parken, og om onsdagen svømmer jeg. Min nabo træner i et fitnesscenter tre gange om ugen. Han siger altid: Det er sundt at træne — og man sover bedre! Sport samler folk i Danmark. De mest populære sportsgrene er fodbold, håndbold, svømning og badminton. Mange børn går til sport to eller tre gange om ugen, og forældrene står og hepper. Jeg har fundet en svømmehal tæt på mit hjem. Billetten koster tyve kroner, og vandet er dejligt varmt. Efter svømning føler jeg mig stærk og glad — og jeg sover meget bedre om natten. Om sommeren løber mange danskere motionsløb. Der er løb i alle byer, og hele familien kommer og ser på. Sidste år løb min kollega ti kilometer, og i år vil hun løbe femten. Hun træner tre gange om ugen og siger altid: Man skal ikke løbe hurtigt — man skal bare begynde! Det er et godt råd — også for sprog. I fitnesscentret — Hej Amir! Træner du også her? — Ja, jeg er lige begyndt. Hvor tit træner du? — Tre gange om ugen. Og om søndagen løber jeg i parken. — Wow! Jeg træner kun en gang om ugen, og jeg svømmer nogle gange om onsdagen. — Det er fint! Man skal ikke starte for hurtigt. — Cykler du til arbejde? — Ja, hver dag — også om vinteren. Det er ti kilometer. — Ti kilometer! Jeg tager tit bussen, men jeg vil gerne cykle mere. — Så begynd med to dage om ugen. Sjældent er bedre end aldrig! — God idé. Sover du bedre, når du træner? — Ja, meget bedre. Og jeg er sjældent syg. — Okay, du har overbevist mig. Vi ses på mandag — og på onsdag! — Sådan! Det er den rigtige plan.",d0-l23-t.mp3,,,
Hun cykler altid til arbejde.,d0-l23-c2.mp3,,,
Jeg træner to gange om ugen.,d0-l23-c3.mp3,,,
Det er sundt at træne.,d0-l23-c4.mp3,,,
motion,d0-l23-v01.mp3,,,
at træne,d0-l23-v02.mp3,,,
at løbe,d0-l23-v03.mp3,,,
at cykle,d0-l23-v04.mp3,,,
et fitnesscenter,d0-l23-v05.mp3,,,
sund,d0-l23-v06.mp3,,,
usund,d0-l23-v07.mp3,,,
stærk,d0-l23-v08.mp3,,,
ofte,d0-l23-v09.mp3,,,
sjældent,d0-l23-v10.mp3,,,
nogle gange,d0-l23-v11.mp3,,,
en gang om ugen,d0-l23-v12.mp3,,,
bedre,d0-l23-v14.mp3,,,
håndbold,d0-l23-v15.mp3,,,
svømning,d0-l23-v16.mp3,,,
at heppe,d0-l23-v18.mp3,,,
populær,d0-l23-v19.mp3,,,
tæt på,d0-l23-v20.mp3,,,
at overbevise,d0-l23-v21.mp3,,,
at starte,d0-l23-v23.mp3,,,
jeg træner ofte,d0-l23-l7.mp3,,,
"Danskerne elsker motion! Mange cykler til arbejde hver dag — også om vinteren. Jeg løber ofte i parken, og om onsdagen svømmer jeg. Min nabo træner i et fitnesscenter tre gange om ugen. Han siger altid: Det er sundt at træne — og man sover bedre!",d0-l23-r9.mp3,,,
man sover bedre,d0-l23-l11.mp3,,,
"Mange børn går til sport to eller tre gange om ugen, og forældrene står og hepper.",d0-l23-r12.mp3,,,
vandet er dejligt varmt,d0-l23-l13.mp3,,,
"— Cykler du til arbejde? — Ja, hver dag — også om vinteren. Det er ti kilometer.",d0-l23-r16.mp3,,,
"Jeg faldt på trappen, og det gjorde ondt.",d0-l24-a.mp3,,,
"Et uheld I søndags væltede jeg på min cykel. Jeg slog armen, og det gjorde ondt. Min ven ringede til skadestuen, og vi kørte derhen. Lægen så på armen og sagde: Heldigvis er den ikke brækket! Jeg fik et plaster og en kop kaffe. Nu er jeg rask igen. På skadestuen skal man trække et nummer og vente. En sygeplejerske ser først på skaden. Man venter tit længe, fordi de alvorlige skader kommer først. Husk dit gule sundhedskort — det skal du altid vise. Min datter faldt i sidste uge på legepladsen. Hun græd, og jeg var meget bange. Sygeplejersken var sød og rolig. Hun sagde: Det er kun en lille skade. Min datter fik et plaster — og et klistermærke! Hvad skal man gøre efter et lille uheld? Man skal vaske skaden med vand og sætte et plaster på. Ved en stor skade skal man ringe til lægen eller køre til skadestuen. Husk de vigtige ord: Det gør ondt. Jeg er faldet. Jeg har brug for hjælp. Med de tre sætninger kan du altid få hjælp i Danmark. På skadestuen — Hej. Hvad er der sket? — Min søn er faldet på legepladsen. Han har slået sit ben. — Okay. Har I trukket et nummer? — Ja, nummer fjorten. — Fint. Må jeg se jeres sundhedskort? — Værsgo, her er det. — Tak. Gør det meget ondt, min ven? — Ja … jeg kan ikke stå på benet. — Så ser lægen på det om lidt. I skal vente cirka en time, fordi de alvorlige skader kommer først. (Senere) — Godt nyt: Benet er ikke brækket! Det er kun en lille skade. — Puha, heldigvis! Jeg var så bange. — Han skal holde pause fra fodbold i en uge, og han får et fint plaster. — Tusind tak for hjælpen! — Selv tak — og god bedring til benet!",d0-l24-t.mp3,,,
Jeg faldt på trappen.,d0-l24-c1.mp3,,,
Jeg har slået armen.,d0-l24-c2.mp3,,,
Ring 1-1-2!,d0-l24-c3.mp3,,,
Heldigvis var den ikke brækket.,d0-l24-c4.mp3,,,
et uheld,d0-l24-v01.mp3,,,
en skadestue,d0-l24-v02.mp3,,,
en ambulance,d0-l24-v03.mp3,,,
at falde (faldt),d0-l24-v04.mp3,,,
at vælte,d0-l24-v05.mp3,,,
at slå (slog),d0-l24-v06.mp3,,,
at brække,d0-l24-v07.mp3,,,
at ringe,d0-l24-v08.mp3,,,
en trappe,d0-l24-v09.mp3,,,
en skade,d0-l24-v10.mp3,,,
et plaster,d0-l24-v11.mp3,,,
bange,d0-l24-v12.mp3,,,
heldigvis,d0-l24-v13.mp3,,,
det gjorde ondt,d0-l24-v14.mp3,,,
en sygeplejerske,d0-l24-v15.mp3,,,
at vente,d0-l24-v17.mp3,,,
at græde (græd),d0-l24-v18.mp3,,,
rolig,d0-l24-v19.mp3,,,
en legeplads,d0-l24-v20.mp3,,,
godt nyt,d0-l24-v23.mp3,,,
"Et uheld I søndags væltede jeg på min cykel. Jeg slog armen, og det gjorde ondt. Min ven ringede til skadestuen, og vi kørte derhen. Lægen så på armen og sagde: Heldigvis er den ikke brækket! Jeg fik et plaster og en kop kaffe. Nu er jeg rask igen.",d0-l24-r9.mp3,,,
"På skadestuen skal man trække et nummer og vente. Man venter tit længe, fordi de alvorlige skader kommer først.",d0-l24-r12.mp3,,,
sygeplejersken var sød og rolig,d0-l24-l13.mp3,,,
— Godt nyt: Benet er ikke brækket! Det er kun en lille skade.,d0-l24-r16.mp3,,,
"Skal vi ses på lørdag? Ja, det er en aftale!",d0-l25-a.mp3,,,
"— Hej! Skal vi lave noget i weekenden? — Ja! Er der nogen gode film i biografen? — Ja, der er nogle nye danske film. — Super! Skal vi ses lørdag aften? — Ja, det er en aftale! Skal vi spise noget først? — God idé — jeg kender en hyggelig café. Weekenden er vigtig i Danmark. Om lørdagen sover mange længe, og bagefter spiser de en lang morgenmad med familien. Om søndagen går folk tur i skoven eller ser fodbold i fjernsynet. I min by er der et bibliotek, en svømmehal og to biografer. Biblioteket er gratis, og der er tit gode aktiviteter for børn. I weekenden vil jeg se en dansk film med nogle venner. Bagefter skal vi spise sammen — det er allerede en aftale! I Danmark planlægger man weekenden tidligt. Mange skriver aftaler i kalenderen — også kaffe med en ven! Det kan virke mærkeligt, men det har en god side: En dansk aftale bliver næsten aldrig glemt. Så tag din kalender frem, og find en dag — dine nye venner venter! En god lørdag I lørdags havde Amir og hans venner en aftale. Om morgenen sov familien længe, og bagefter spiste de en lang morgenmad med boller og te. Klokken to gik Amir til biblioteket for at låne nogle bøger og en film. Der mødte han nogen fra sin sprogskole — hans veninde Fatima! «Skal vi lave noget i aften?» spurgte hun. «Ja, kom med i biografen — vi skal se en ny dansk film.» Først spiste de noget på en lille café, og så gik de i biografen med nogle venner fra klassen. Filmen var sjov, og Amir forstod næsten alt. Bagefter skrev han en ny aftale i kalenderen: tur i skoven på søndag. Nogle weekender er stille, og nogle er fulde af planer — men en weekend uden aftaler? Det sker næsten aldrig i Danmark!",d0-l25-t.mp3,,,
Vil du have noget at drikke?,d0-l25-c1.mp3,,,
Er der nogen hjemme?,d0-l25-c2.mp3,,,
Der er nogle nye film.,d0-l25-c3.mp3,,,
Det er en aftale!,d0-l25-c4.mp3,,,
fritid,d0-l25-v01.mp3,,,
en hobby,d0-l25-v02.mp3,,,
at spille,d0-l25-v03.mp3,,,
musik,d0-l25-v05.mp3,,,
at ses,d0-l25-v08.mp3,,,
nogen,d0-l25-v10.mp3,,,
noget,d0-l25-v11.mp3,,,
nogle,d0-l25-v12.mp3,,,
et fjernsyn,d0-l25-v17.mp3,,,
en morgenmad,d0-l25-v18.mp3,,,
længe,d0-l25-v20.mp3,,,
en kalender,d0-l25-v22.mp3,,,
"en bolle, boller",d0-l25-v23.mp3,,,
det er en aftale,d0-l25-l7.mp3,,,
"— Hej! Skal vi lave noget i weekenden? — Ja! Er der nogen gode film i biografen? — Ja, der er nogle nye danske film. — Super! Skal vi ses lørdag aften? — Ja, det er en aftale! Skal vi spise noget først? — God idé — jeg kender en hyggelig café.",d0-l25-r9.mp3,,,
skal vi ses lørdag aften,d0-l25-l11.mp3,,,
"Om lørdagen sover mange længe, og bagefter spiser de en lang morgenmad med familien.",d0-l25-r12.mp3,,,
biblioteket er gratis,d0-l25-l13.mp3,,,
Klokken to gik Amir til biblioteket for at låne nogle bøger og en film.,d0-l25-r16.mp3,,,
Husk flyverdragt og gummistøvler — vi er ude hele dagen.,d0-l77-a.mp3,,,
"En besked fra børnehaven «Kære forældre! På torsdag har Solsikke-stuen turdag. Vi tager bussen til skoven klokken ni. Husk: praktisk tøj, flyverdragt og gummistøvler — vi er ude hele dagen, også hvis det regner! Børnene skal have en ekstra madpakke og en vandflaske i rygsækken. Vi er tilbage klokken cirka halv tre. Hilsen pædagogerne på Solsikke-stuen» Amir læser beskeden og svarer: «Tak for beskeden! Sara glæder sig. Et spørgsmål: Hendes gummistøvler er blevet for små — kan hun låne et par, eller skal jeg købe nye inden torsdag?» Pædagogen Mette svarer hurtigt: «Godt spørgsmål! Vi har lånestøvler i størrelse 28 — det er fint til på torsdag. Men køb gerne nye til vinteren. Og husk at skrive navn i dem — vi har tyve par sorte støvler i garderoben! 😊» Amir smiler. Navn i støvlerne, navn på madpakken, navn i flyverdragten. I Danmark har alting et navn — og alle børn en tør flyverdragt! En torsdag i skoven Torsdag morgen er der travlt hos familien. Amir finder flyverdragten og gummistøvlerne frem, og Sara får sin rygsæk med en ekstra madpakke og en vandflaske. Klokken otte afleverer Amir hende i børnehaven. I garderoben hjælper han hende med tøjet og skriver navn i de nye støvler. Klokken ni kører bussen til skoven. Børnene finder blade, små dyr og en meget stor pind. Det regner lidt, men ingen fryser — alle har praktisk tøj på. Pædagogerne laver bål, og børnene får varm kakao. Klokken halv tre henter Amir en træt og glad pige. «Far, jeg har set en frø!» råber hun i garderoben. Hjemme fortæller hun om hele dagen — om bussen, om bålet og om frøen. Amir smiler: En dag i skoven giver mere end hundrede stykker legetøj.",d0-l77-t.mp3,,,
Jeg afleverer Sara klokken otte.,d0-l77-c1.mp3,,,
Min kone henter hende klokken tre.,d0-l77-c2.mp3,,,
Husk flyverdragt — vi skal ud!,d0-l77-c3.mp3,,,
Sarahs jakke hænger i garderoben.,d0-l77-c4.mp3,,,
en vuggestue,d0-l77-v01.mp3,,,
en SFO,d0-l77-v03.mp3,,,
en pædagog,d0-l77-v04.mp3,,,
en stue (i børnehaven),d0-l77-v05.mp3,,,
at aflevere,d0-l77-v06.mp3,,,
en garderobe,d0-l77-v08.mp3,,,
en flyverdragt,d0-l77-v09.mp3,,,
gummistøvler,d0-l77-v10.mp3,,,
praktisk tøj,d0-l77-v11.mp3,,,
en turdag,d0-l77-v12.mp3,,,
en rygsæk,d0-l77-v13.mp3,,,
en vandflaske,d0-l77-v14.mp3,,,
et par,d0-l77-v16.mp3,,,
inden,d0-l77-v17.mp3,,,
en besked,d0-l77-v18.mp3,,,
"et blad, blade",d0-l77-v19.mp3,,,
en pind,d0-l77-v20.mp3,,,
et bål,d0-l77-v21.mp3,,,
en frø,d0-l77-v22.mp3,,,
legetøj,d0-l77-v23.mp3,,,
"«På torsdag har Solsikke-stuen turdag. Vi tager bussen til skoven klokken ni. Husk: praktisk tøj, flyverdragt og gummistøvler — vi er ude hele dagen, også hvis det regner!»",d0-l77-r1.mp3,,,
«Vi har lånestøvler i størrelse 28 — det er fint til på torsdag. Men køb gerne nye til vinteren.»,d0-l77-r2.mp3,,,
min kone henter hende klokken tre,d0-l77-l10.mp3,,,
husk at skrive navn i tøjet,d0-l77-l11.mp3,,,
"Pædagogerne laver bål, og børnene får varm kakao.",d0-l77-r14.mp3,,,
Tag én tablet tre gange om dagen i syv dage.,d0-l78-a.mp3,,,
"En tid hos lægen (Telefonen, mandag morgen) — Lægehuset Nord, godmorgen. — Godmorgen. Jeg vil gerne bestille en tid. Jeg har hostet i over en uge, og nu har jeg også ondt i halsen. — Har du feber? — Lidt — 38,2 i morges. — Det lyder ikke akut, men du skal ses. Kan du komme i morgen klokken kvart over ti? — Ja tak, det passer fint. — Godt. Husk dit sundhedskort! (Hos lægen, tirsdag) — Godmorgen, Amir. Fortæl — hvor længe har du hostet? — I otte dage nu. Og halsen gør ondt, når jeg synker. — Lad mig lytte til lungerne … træk vejret dybt ind … og ud. Fint. Det er en infektion i halsen, ikke lungerne. — Er det noget alvorligt? — Nej, men du får en recept på penicillin. Tag én tablet tre gange om dagen i syv dage — og husk: Tag dem alle, også når du får det bedre! — Skal jeg blive hjemme fra arbejde? — To-tre dage, ja. Drik meget vand, og kom igen, hvis du ikke får det bedre inden fredag. (På apoteket) — Hej, jeg skal hente medicin. Her er mit sundhedskort. — Et øjeblik … Penicillin, tre gange om dagen. Det bliver femogfyrre kroner. — Tak. God bedring, som man siger! — Haha — tak, det er mig, der skal sige det! God bedring! Efter lægebesøget Amir gik direkte fra lægehuset til apoteket og hentede sin medicin. Hjemme læste han på pakken: én tablet tre gange om dagen i syv dage. Han satte en alarm på telefonen, fordi han ikke ville glemme tabletterne. De første to dage blev han hjemme fra arbejde og drak te med honning. Han sov meget, og hans kone lavede varm suppe. Om torsdagen fik han det bedre, og hosten blev mindre. Men han huskede lægens ord: Tag alle tabletterne — også når du får det bedre! Så han tog medicinen alle syv dage. Om fredagen ringede han til sit arbejde: «Jeg kommer igen på mandag.» Chefen sagde: «God bedring — og kom først, når du er helt rask!» Efter en uge var halsen fin igen, og Amir tænkte: I Danmark er det nemt at gå til læge — man skal bare huske sundhedskortet og bestille en tid i god tid.",d0-l78-t.mp3,,,
Jeg har hostet i en uge.,d0-l78-c2.mp3,,,
Du får en recept til apoteket.,d0-l78-c3.mp3,,,
Tag én tablet to gange om dagen.,d0-l78-c4.mp3,,,
et lægehus,d0-l78-v03.mp3,,,
akut,d0-l78-v04.mp3,,,
at synke,d0-l78-v07.mp3,,,
"en lunge, lunger",d0-l78-v08.mp3,,,
at trække vejret,d0-l78-v09.mp3,,,
en infektion,d0-l78-v10.mp3,,,
alvorlig,d0-l78-v11.mp3,,,
en recept,d0-l78-v12.mp3,,,
en tablet,d0-l78-v14.mp3,,,
gange om dagen,d0-l78-v15.mp3,,,
at få det bedre,d0-l78-v16.mp3,,,
at blive hjemme,d0-l78-v17.mp3,,,
det passer fint,d0-l78-v18.mp3,,,
en alarm,d0-l78-v20.mp3,,,
honning,d0-l78-v21.mp3,,,
en suppe,d0-l78-v22.mp3,,,
"— Det er en infektion i halsen, ikke lungerne. — Er det noget alvorligt? — Nej, men du får en recept på penicillin. Tag én tablet tre gange om dagen i syv dage.",d0-l78-r1.mp3,,,
"— Tag dem alle, også når du får det bedre!",d0-l78-r2.mp3,,,
jeg vil gerne bestille en tid,d0-l78-l10.mp3,,,
du skal drikke meget vand,d0-l78-l11.mp3,,,
Men han huskede lægens ord: Tag alle tabletterne — også når du får det bedre!,d0-l78-r14.mp3,,,
Er lejligheden stadig ledig?,d0-l79-a.mp3,,,
"Amir og Sara leder efter en større lejlighed — Se den her! Tre værelser på Parkvej. Husleje 7.800 plus forbrug. — Hvad er depositummet? — Tre måneders leje … det er 23.400. Plus en måneds forudbetalt leje. — Puha. Men den ligger tættere på børnehaven, og der er altan! Amir ringer: — Hej, jeg ringer om lejligheden på Parkvej. Er den stadig ledig? — Ja, men der er mange interesserede. Vil I se den på lørdag klokken elleve? — Ja tak, meget gerne! (Efter fremvisningen) — Lejligheden er lys, og køkkenet er nyt. Vi vil gerne leje den! — Fint. Jeg sender lejekontrakten i morgen. I betaler depositum og første måneds leje, når I har skrevet under. — Vi læser kontrakten grundigt først — og et spørgsmål: Hvor lang er opsigelsen? — Tre måneder, helt standard. — Godt. Og må vi male væggene? — Ja, i lyse farver — det står i kontrakten, paragraf ti. — Perfekt. Tak for i dag! Hjemme læser de kontrakten sammen — alle femten sider. Kedeligt? Ja. Nødvendigt? Absolut. Deres nabo skrev under uden at læse — og betalte for at male hele lejligheden, da han flyttede. Amir og Sara maler gerne — men kun deres egen nye stue! Den store flyttedag Fire uger senere fik Amir og Sara nøglerne til lejligheden på Parkvej. Først læste de hele lejekontrakten igen og skrev under. De betalte depositum og den første måneds husleje i netbank. På flyttedagen hjalp tre venner fra sprogskolen med de tunge kasser. Den gamle lejlighed skulle være ren, så Sara gjorde rent, mens Amir malede en væg hvid. Udlejeren kom og så på lejligheden: «Flot! I får hele depositummet tilbage.» I den nye lejlighed pakkede familien kasser ud i tre dage. Sara valgte det lyse værelse, fordi hun elsker solen om morgenen. Fra altanen kan de se børnehaven — nu går de kun fem minutter! Den første aften spiste de pizza på gulvet mellem kasserne. «Velkommen hjem,» sagde Amir. Det var ugens bedste ord: hjem.",d0-l79-t.mp3,,,
Huslejen er 7.500 plus forbrug.,d0-l79-c2.mp3,,,
Depositum er tre måneders leje.,d0-l79-c3.mp3,,,
"Læs kontrakten, før du skriver under!",d0-l79-c4.mp3,,,
til leje,d0-l79-v02.mp3,,,
at leje,d0-l79-v03.mp3,,,
en husleje,d0-l79-v04.mp3,,,
et forbrug,d0-l79-v05.mp3,,,
et depositum,d0-l79-v06.mp3,,,
forudbetalt leje,d0-l79-v07.mp3,,,
en lejekontrakt,d0-l79-v08.mp3,,,
en udlejer,d0-l79-v09.mp3,,,
en lejer,d0-l79-v10.mp3,,,
at opsige,d0-l79-v11.mp3,,,
en opsigelse,d0-l79-v12.mp3,,,
ledig,d0-l79-v13.mp3,,,
en fremvisning,d0-l79-v14.mp3,,,
en altan,d0-l79-v15.mp3,,,
at male,d0-l79-v16.mp3,,,
"en væg, vægge",d0-l79-v17.mp3,,,
tættere på,d0-l79-v18.mp3,,,
"en nøgle, nøgler",d0-l79-v19.mp3,,,
en flyttedag,d0-l79-v20.mp3,,,
"en kasse, kasser",d0-l79-v21.mp3,,,
at gøre rent,d0-l79-v22.mp3,,,
— Hvad er depositummet? — Tre måneders leje … det er 23.400. Plus en måneds forudbetalt leje.,d0-l79-r1.mp3,,,
"Deres nabo skrev under uden at læse — og betalte for at male hele lejligheden, da han flyttede.",d0-l79-r2.mp3,,,
hvor lang er opsigelsen,d0-l79-l9.mp3,,,
der er mange interesserede,d0-l79-l10.mp3,,,
Udlejeren kom og så på lejligheden: «Flot! I får hele depositummet tilbage.»,d0-l79-r14.mp3,,,
Banken ringer aldrig og beder om MitID.,d0-l80-a.mp3,,,
"I banken — og i telefonen (Amir åbner en konto) — Goddag! Jeg er ny i Danmark og vil gerne åbne en konto. — Velkommen! Har du CPR-nummer og pas? — Ja, her. Og mit sundhedskort. — Perfekt. Vi opretter en konto og bestiller et betalingskort — det kommer med posten om en uge. Skal kontoen være din NemKonto? — Hvad betyder det? — NemKonto er den konto, hvor løn og penge fra det offentlige kommer ind. Alle skal have én. — Ja tak, så den. — Godt. Og husk at hente MitID-appen — uden den kan du ikke bruge netbank. (To uger senere — telefonen ringer) — Hej, det er «banken». Der er et problem med din konto. Du skal godkende med MitID nu — ellers lukker vi kontoen! Amir husker kurset: Banken ringer ALDRIG og beder om MitID. — Nej tak. Jeg ringer selv til min bank. Farvel! Han lægger på og ringer til det rigtige nummer: — Godt, du ikke godkendte noget! siger bankrådgiveren. Det var svindel. Du gjorde det helt rigtigt: Læg på, og ring selv til os. — Tak. Min danskkursus har lært mig sætningen! — Så har kurset lige sparet dig for mange penge! Amirs digitale hverdag I dag klarer Amir næsten alt med sin telefon. Hans løn kommer ind på hans NemKonto den sidste dag i måneden. Regningerne betaler han i netbank, og han godkender alt med MitID — det tager tredive sekunder. Da hans betalingskort kom med posten, aktiverede han det i appen. Nu betaler han med kortet i butikken og hæver sjældent kontanter. En gang om måneden logger han ind og ser på sin konto: husleje, mad og transport. Hans bankrådgiver har vist ham, hvordan man overfører penge til udlandet. Men Amir har også lært den vigtigste regel: Giv aldrig din MitID-kode til nogen — ikke i telefonen og ikke i en mail. Da en falsk sms kom i sidste uge («Din pakke venter — log ind her»), slettede han den med det samme. Digital sikkerhed er som en god lås: nem for dig — umulig for tyven.",d0-l80-t.mp3,,,
Jeg vil gerne åbne en konto.,d0-l80-c1.mp3,,,
Godkend med MitID.,d0-l80-c2.mp3,,,
Jeg skal betale en regning.,d0-l80-c3.mp3,,,
Banken ringer aldrig og beder om MitID!,d0-l80-c4.mp3,,,
en konto,d0-l80-v02.mp3,,,
en NemKonto,d0-l80-v03.mp3,,,
at åbne en konto,d0-l80-v04.mp3,,,
at oprette,d0-l80-v05.mp3,,,
et betalingskort,d0-l80-v06.mp3,,,
at hæve penge,d0-l80-v07.mp3,,,
at overføre,d0-l80-v08.mp3,,,
netbank,d0-l80-v09.mp3,,,
MitID,d0-l80-v10.mp3,,,
at godkende,d0-l80-v11.mp3,,,
at logge ind,d0-l80-v12.mp3,,,
en regning,d0-l80-v13.mp3,,,
det offentlige,d0-l80-v14.mp3,,,
en bankrådgiver,d0-l80-v15.mp3,,,
svindel,d0-l80-v16.mp3,,,
at lægge på,d0-l80-v17.mp3,,,
tusind,d0-l80-v18.mp3,,,
kontanter,d0-l80-v19.mp3,,,
at slette,d0-l80-v20.mp3,,,
en lås,d0-l80-v21.mp3,,,
en tyv,d0-l80-v22.mp3,,,
at aktivere,d0-l80-v23.mp3,,,
Amir husker kurset: Banken ringer ALDRIG og beder om MitID. — Nej tak. Jeg ringer selv til min bank. Farvel! Han lægger på og ringer til det rigtige nummer.,d0-l80-r1.mp3,,,
godkend med MitID,d0-l80-l9.mp3,,,
to tusind,d0-l80-l10.mp3,,,
"Da en falsk sms kom i sidste uge («Din pakke venter — log ind her»), slettede han den med det samme.",d0-l80-r14.mp3,,,
Hvor skal I hen i ferien?,d0-l81-a.mp3,,,
"Ferieplaner ved frokostbordet (Juni — alle taler om ferie) — Nå, Amir! Hvor skal I hen i sommerferien? — Vi skal til Jylland i uge 29. Vi har lejet et sommerhus ved Vesterhavet. — Dejligt! Vesterhavet er fantastisk — men koldt at bade i! — Det siger min kone også. Og i uge 30 kommer min bror fra Iran og besøger os! — Hyggeligt! Har han været i Danmark før? — Nej, aldrig. Vi skal vise ham København, Legoland og den lille havfrue. — Klassisk program! Og uge 31? — Der skal vi bare slappe af derhjemme. Tre uger — tre slags ferie! (August — efter ferien) — Velkommen tilbage! Hvordan var ferien? — Fantastisk! Sommerhuset var perfekt — vi gik på stranden hver morgen. — Og din bror? — Han elskede Danmark! Han tog tusind billeder og spiste smørrebrød hver dag. Men han frøs hele tiden — «Er det her sommer?!» sagde han. — Haha! Hvad sagde han til Legoland? — At det var bedre end alle fotos. Og nu vil han også lære dansk! — Så må du anbefale dit kursus! — Det har jeg allerede gjort! Sommerhuset ved Vesterhavet I uge 29 kørte familien til Jylland med en fuld bil. Sommerhuset lå kun to hundrede meter fra stranden. Hver morgen gik de en lang tur langs vandet, og børnene samlede sten og muslinger. Amir badede i havet én gang — vandet var iskoldt, og han løb hurtigt op igen! Om eftermiddagen spillede de spil, og om aftenen grillede de på terrassen. En dag regnede det, og så kørte de til et lille museum og spiste is i bilen. I uge 30 kom Amirs bror fra Iran, og de hentede ham i lufthavnen med et dansk flag. Han tog billeder af alt: havnen, husene og cyklerne — og af sin første regnvejrsdag i juli. «Jeres sommer er som vores vinter,» sagde han og lånte en varm trøje. Men da ugen var slut, sagde han: «Jeg kommer igen næste år!»",d0-l81-t.mp3,,,
Vi skal til Italien i juli.,d0-l81-c2.mp3,,,
Vi har lejet et sommerhus.,d0-l81-c3.mp3,,,
Har du pakket kufferten?,d0-l81-c4.mp3,,,
en ferie,d0-l81-v01.mp3,,,
at holde ferie,d0-l81-v02.mp3,,,
en sommerferie,d0-l81-v03.mp3,,,
en uge 29,d0-l81-v04.mp3,,,
hvor … hen,d0-l81-v05.mp3,,,
at rejse,d0-l81-v06.mp3,,,
udlandet,d0-l81-v07.mp3,,,
et pas,d0-l81-v08.mp3,,,
en kuffert,d0-l81-v09.mp3,,,
at pakke,d0-l81-v10.mp3,,,
en lufthavn,d0-l81-v11.mp3,,,
at flyve (fløj),d0-l81-v12.mp3,,,
at bade,d0-l81-v13.mp3,,,
en strand,d0-l81-v14.mp3,,,
Vesterhavet,d0-l81-v15.mp3,,,
at fryse (frøs),d0-l81-v16.mp3,,,
velkommen tilbage,d0-l81-v18.mp3,,,
en sten,d0-l81-v19.mp3,,,
en musling,d0-l81-v20.mp3,,,
iskold,d0-l81-v21.mp3,,,
at grille,d0-l81-v22.mp3,,,
— Vi skal til Jylland i uge 29. Vi har lejet et sommerhus ved Vesterhavet. — Og i uge 30 kommer min bror fra Iran og besøger os! — Og uge 31? — Der skal vi bare slappe af derhjemme. Tre uger — tre slags ferie!,d0-l81-r1.mp3,,,
Men han frøs hele tiden — «Er det her sommer?!» sagde han.,d0-l81-r2.mp3,,,
vi har lejet et sommerhus,d0-l81-l9.mp3,,,
"Amir badede i havet én gang — vandet var iskoldt, og han løb hurtigt op igen!",d0-l81-r14.mp3,,,
En helt almindelig uge — og jeg klarede det hele selv.,d0-l82-a.mp3,,,
"En uge i familiens liv Mandag: Amir afleverer Sara klokken otte. I garderoben hænger en besked: turdag på torsdag — husk gummistøvler! Tirsdag: Sara hoster. Amir ringer til lægehuset: «Jeg vil gerne bestille en tid til min datter.» De får en tid samme eftermiddag. Lægen siger, det ikke er alvorligt — ingen recept, bare ro og vand. Onsdag: Der kommer en mail fra udlejeren: Huslejen stiger med 200 kroner fra januar. Amir læser kontrakten — det står der faktisk, paragraf otte. Ærgerligt, men okay. Torsdag: En «bank» ringer om et «problem» med kontoen. Amir smiler, siger «Jeg ringer selv til min bank», og lægger på. Bagefter betaler han to regninger i netbank — godkendt med MitID på tredive sekunder. Fredag: Ved frokosten spørger kollegerne: «Hvor skal I hen i sommerferien?» — «Vi skal til Vesterhavet i uge 29. Sommerhuset er allerede bestilt!» Lørdag: Familien pakker ikke kufferter — de bager boller og ser en film. Nogle uger er de bedste uger dem, hvor der ikke sker noget særligt. Søndag aften skriver Amir i sin dagbog — på dansk: «En helt almindelig uge. Og jeg klarede det hele selv.» Det er måske den fineste sætning, han har skrevet. Søndag aften — Nå, Sara sover. Sikke en uge, hva'? — Ja! Lægetid, turdag, husleje og en falsk bank … og alt gik godt. — Fordi vi kunne sproget! Husker du vores første år? Da forstod vi ingenting. — Ja, dengang tog alting tre dage. Nu bestiller jeg en tid på to minutter. — Og du lagde bare på, da «banken» ringede. Flot! — Haha, tak. Jeg ringer altid selv til det rigtige nummer. — Hvad skal vi i næste uge? — Sara skal til lægen igen — bare en kontrol. Og vi skal betale to regninger. — Det klarer vi i netbank på fem minutter. — Og så skal vi planlægge sommerferien! Uge 29 kommer hurtigt. — Skal vi til Vesterhavet igen? — Ja! Men først: te, tæppe og ro. Det har vi fortjent. — Enig. Skål i te — for en helt almindelig, god uge!",d0-l82-t.mp3,,,
Husk flyverdragt — turdag!,d0-l82-c1.mp3,,,
at aflevere og hente,d0-l82-v01.mp3,,,
at godkende med MitID,d0-l82-v05.mp3,,,
hvor skal I hen?,d0-l82-v06.mp3,,,
at stige med,d0-l82-v07.mp3,,,
ærgerligt,d0-l82-v08.mp3,,,
en dagbog,d0-l82-v09.mp3,,,
at klare,d0-l82-v10.mp3,,,
det hele,d0-l82-v11.mp3,,,
selv,d0-l82-v12.mp3,,,
en kontrol,d0-l82-v13.mp3,,,
at planlægge,d0-l82-v14.mp3,,,
at fortjene,d0-l82-v15.mp3,,,
enig,d0-l82-v16.mp3,,,
ro,d0-l82-v17.mp3,,,
skål,d0-l82-v19.mp3,,,
almindelig,d0-l82-v20.mp3,,,
næste uge,d0-l82-v21.mp3,,,
"Der kommer en mail fra udlejeren: Huslejen stiger med 200 kroner fra januar. Amir læser kontrakten — det står der faktisk, paragraf otte.",d0-l82-r1.mp3,,,
huslejen stiger med to hundrede kroner,d0-l82-l9.mp3,,,
vi skal til Vesterhavet i uge 29,d0-l82-l10.mp3,,,
"— Og du lagde bare på, da «banken» ringede. Flot! — Haha, tak. Jeg ringer altid selv til det rigtige nummer.",d0-l82-r13.mp3,,,
"Jeg har boet i Danmark i tre år, og nu går det meget bedre.",d0-l26-a.mp3,,,
"Mit liv i Danmark Jeg har boet i Danmark i tre år. Da jeg kom, kunne jeg ikke tale dansk — nu går det meget bedre! Jeg arbejder deltid i en genbrugsbutik. Mine kolleger er søde, og min chef siger, at jeg er hurtig. Om onsdagen træner jeg i en klub, fordi det er sundt og hyggeligt. I weekenden ser jeg ofte mine venner. Nogle gange spiller vi fodbold i parken. Sidste måned væltede jeg på min cykel og slog armen — men heldigvis var den ikke brækket! Næste år vil jeg tale flydende dansk. Det er min store drøm. Hvad har jeg lært på dette niveau? Rigtig meget! Nu kan jeg fortælle om mit arbejde, min familie og min fritid. Jeg kan fortælle en historie med først, så og til sidst. Min lærer siger: Sprog er som motion — man skal træne tit. Derfor læser jeg dansk hver dag, og jeg taler med mine naboer i haven. Nogle dage er svære, men jeg giver ikke op, fordi min drøm venter. Tillykke — du er færdig med niveau to! Vi ses på niveau tre. Den sidste dag på niveau to — Tillykke, alle sammen! I er færdige med niveau to. Hvordan har det været? — Svært! Men da jeg forstod «bilen» og «huset», blev alt nemmere. — Godt! Reza, hvad har du lært? — Jeg har lært at fortælle om min familie. Min bror elsker sin kone og sine børn — ikke hans! — Perfekt eksempel! Og du, Fatima? — Jeg kan bruge fordi og når. Jeg øver hver dag, fordi jeg vil tale flydende. — Flot! Hvad var det sværeste? — Da og når! Men nu husker jeg reglen: da om én gang i fortiden, når om hver gang. — I har alle gjort det godt. Har I nogen spørgsmål? — Ja — hvornår begynder niveau tre? — Haha! På mandag. Men først: weekend! I har fortjent nogle rolige dage. — Tak! Og tak for denne gang! — Selv tak. Vi ses på mandag — på dansk, selvfølgelig!",d0-l26-t.mp3,,,
Jeg har boet her i tre år.,d0-l26-c1.mp3,,,
"Da jeg kom, kunne jeg ikke tale dansk.",d0-l26-c2.mp3,,,
Lars elsker sin kone.,d0-l26-c3.mp3,,,
Skal vi lave noget i weekenden?,d0-l26-c4.mp3,,,
bilen,d0-l26-v01.mp3,,,
venner,d0-l26-v02.mp3,,,
sin/sit/sine,d0-l26-v03.mp3,,,
da / når,d0-l26-v05.mp3,,,
som,d0-l26-v07.mp3,,,
noget / nogen / nogle,d0-l26-v08.mp3,,,
flydende,d0-l26-v09.mp3,,,
en drøm,d0-l26-v10.mp3,,,
derfor,d0-l26-v11.mp3,,,
at give op,d0-l26-v12.mp3,,,
rigtig,d0-l26-v16.mp3,,,
at lære,d0-l26-v18.mp3,,,
et eksempel,d0-l26-v19.mp3,,,
en regel (reglen),d0-l26-v20.mp3,,,
det sværeste,d0-l26-v21.mp3,,,
tak for denne gang,d0-l26-v22.mp3,,,
alle sammen,d0-l26-v23.mp3,,,
"Mit liv i Danmark Jeg har boet i Danmark i tre år. Da jeg kom, kunne jeg ikke tale dansk — nu går det meget bedre! Jeg arbejder deltid i en genbrugsbutik. Mine kolleger er søde, og min chef siger, at jeg er hurtig. Om onsdagen træner jeg i en klub, fordi det er sundt og hyggeligt. I weekenden ser jeg ofte mine venner. Nogle gange spiller vi fodbold i parken. Sidste måned væltede jeg på min cykel og slog armen — men heldigvis var den ikke brækket! Næste år vil jeg tale flydende dansk. Det er min store drøm.",d0-l26-r11.mp3,,,
det er min store drøm,d0-l26-l13.mp3,,,
"Min lærer siger: Sprog er som motion — man skal træne tit. Derfor læser jeg dansk hver dag, og jeg taler med mine naboer i haven.",d0-l26-r14.mp3,,,
jeg giver ikke op,d0-l26-l15.mp3,,,
"— Men nu husker jeg reglen: da om én gang i fortiden, når om hver gang.",d0-l26-r18.mp3,,,
I går var jeg hjemme hele dagen.,d0-l116-a.mp3,,,
"I går var det en helt almindelig dag. Jeg stod op klokken syv, og jeg var lidt træt, fordi jeg gik sent i seng. Til morgenmad spiste jeg havregryn og drak en kop kaffe. Så gik jeg ned til stationen og tog toget ind til byen. På arbejdet havde vi et møde, og min chef fik en god idé. Efter frokost ringede min mor og spurgte, hvordan jeg havde det. Om eftermiddagen kom min kollega forbi med kage, fordi det var hendes fødselsdag. Vi var alle sammen glade. Da jeg kom hjem, lavede jeg aftensmad og så lidt fjernsyn. Klokken elleve gik jeg i seng. Det var en rolig, men rigtig god dag.",d0-l116-t.mp3,,,
I går var jeg meget træt.,d0-l116-c1.mp3,,,
Vi havde en god weekend.,d0-l116-c2.mp3,,,
Jeg gik i skole klokken otte.,d0-l116-c3.mp3,,,
Min ven kom for sent.,d0-l116-c4.mp3,,,
Hun fik et brev fra kommunen.,d0-l116-c5.mp3,,,
Vi spiste morgenmad sammen.,d0-l116-c6.mp3,,,
i forgårs,d0-l116-v02.mp3,,,
var (at være),d0-l116-v03.mp3,,,
havde (at have),d0-l116-v04.mp3,,,
gik (at gå),d0-l116-v05.mp3,,,
kom (at komme),d0-l116-v06.mp3,,,
fik (at få),d0-l116-v07.mp3,,,
så (at se),d0-l116-v08.mp3,,,
et møde,d0-l116-v12.mp3,,,
I går stod jeg op klokken syv. Til morgenmad spiste jeg havregryn og drak en kop kaffe. Så gik jeg ned til stationen og tog toget ind til byen.,d0-l116-r2.mp3,,,
I morgen skal jeg til samtale på et nyt job.,d0-l117-a.mp3,,,
"Sara: Hej Noor, hvad skal du i næste uge? Noor: Jeg har mange planer. I morgen skal jeg til tandlægen, og på onsdag skal jeg til samtale på et nyt job. Sara: Det lyder spændende! Vil du gerne have det job? Noor: Ja, jeg vil rigtig gerne. Det er tæt på min lejlighed, og lønnen er god. Til sommer vil jeg også begynde på et danskkursus, så jeg kan blive bedre til at tale. Sara: God idé. Skal vi mødes på lørdag? Noor: Ja, lad os det. Vi kan tage i biografen om eftermiddagen. Bagefter vil jeg gerne spise pizza på den nye restaurant. Sara: Perfekt. Jeg glæder mig rigtig meget. Skal vi sige klokken seks? Noor: Ja, det passer fint. Så ses vi på lørdag. Sara: Super. Vi ses, Noor. Hej hej.",d0-l117-t.mp3,,,
Jeg skal til lægen i morgen.,d0-l117-c1.mp3,,,
Vi skal flytte næste måned.,d0-l117-c2.mp3,,,
Jeg vil gerne lære at svømme.,d0-l117-c3.mp3,,,
Til sommer rejser vi til Norge.,d0-l117-c5.mp3,,,
Næste uge begynder mit nye job.,d0-l117-c6.mp3,,,
skal (at skulle),d0-l117-v01.mp3,,,
i overmorgen,d0-l117-v04.mp3,,,
næste måned,d0-l117-v06.mp3,,,
til sommer,d0-l117-v07.mp3,,,
en plan,d0-l117-v08.mp3,,,
at glæde sig,d0-l117-v10.mp3,,,
"Noor: I morgen skal jeg til tandlægen, og på onsdag skal jeg til samtale på et nyt job.",d0-l117-r2.mp3,,,
Jeg kan desværre ikke komme på arbejde i dag.,d0-l118-a.mp3,,,
"Klokken syv om morgenen ringer Reza til sin chef. Reza: Godmorgen, det er Reza. Jeg er desværre blevet syg i nat, og jeg kan ikke komme på arbejde i dag. Chef: Åh, det var ærgerligt. Hvordan har du det? Reza: Jeg har feber og ondt i halsen. Jeg tror, jeg skal blive hjemme og hvile mig. Chef: Ja, selvfølgelig. Bliv du bare hjemme. Jeg skriver til de andre om vagtplanen. Kan du komme i morgen? Reza: Det håber jeg. Jeg ringer igen i aften og siger, hvordan det går. Chef: Tak, fordi du ringede tidligt. God bedring, Reza. Reza: Tak skal du have. Hej hej.",d0-l118-t.mp3,,,
Jeg kan desværre ikke komme i dag.,d0-l118-c1.mp3,,,
Vi holder pause klokken tolv.,d0-l118-c2.mp3,,,
Hvornår har jeg vagt i morgen?,d0-l118-c3.mp3,,,
Min kollega er meget venlig.,d0-l118-c4.mp3,,,
Jeg er blevet syg.,d0-l118-c5.mp3,,,
Kan du tage min vagt?,d0-l118-c6.mp3,,,
en vagt,d0-l118-v04.mp3,,,
en vagtplan,d0-l118-v05.mp3,,,
at sygemelde sig,d0-l118-v06.mp3,,,
en sygemelding,d0-l118-v07.mp3,,,
ondt i halsen,d0-l118-v10.mp3,,,
desværre,d0-l118-v11.mp3,,,
at hvile sig,d0-l118-v12.mp3,,,
God bedring!,d0-l118-v13.mp3,,,
"Reza: Jeg er desværre blevet syg i nat, og jeg kan ikke komme på arbejde i dag. Chef: Hvordan har du det? Reza: Jeg har feber og ondt i halsen.",d0-l118-r2.mp3,,,
"Amir kommer ind til mødet ti minutter for sent. Amir: Undskyld, jeg kommer for sent. Bussen var forsinket. Lene: Det gør ikke noget. Kom bare ind og sæt dig. Hvordan har du det? Amir: Jeg har det fint, men jeg er lidt nervøs i dag. Jeg skal holde et lille oplæg. Lene: Det skal nok gå. Du er godt forberedt. Amir: Tak, det er sødt af dig at sige. Lene: Selv tak. Vil du have en kop kaffe, før vi begynder? Amir: Ja tak, det vil jeg gerne. Lene: Værsgo. Amir: Mange tak for hjælpen. Lene: Det var så lidt. Nu er du klar. Amir: Ja, nu er jeg glad og rolig.",d0-l119-t.mp3,,,
Jeg er meget glad i dag.,d0-l119-c1.mp3,,,
Jeg er lidt nervøs for prøven.,d0-l119-c2.mp3,,,
Det gør ikke noget.,d0-l119-c4.mp3,,,
Tak for hjælpen! — Det var så lidt.,d0-l119-c5.mp3,,,
sur,d0-l119-v05.mp3,,,
Undskyld,d0-l119-v06.mp3,,,
Det gør ikke noget,d0-l119-v07.mp3,,,
Det var så lidt,d0-l119-v08.mp3,,,
Selv tak,d0-l119-v09.mp3,,,
at være forsinket,d0-l119-v11.mp3,,,
et oplæg,d0-l119-v12.mp3,,,
forberedt,d0-l119-v13.mp3,,,
"Amir: Jeg har det fint, men jeg er lidt nervøs i dag. Jeg skal holde et lille oplæg.",d0-l119-r2.mp3,,,
Gå ligeud og drej til venstre ved torvet.,d0-l120-a.mp3,,,
"Turist: Undskyld, kan du hjælpe mig? Hvor er banegården? Lokal: Ja, selvfølgelig. Du går ligeud ad denne gade. Ved det store torv drejer du til venstre. Turist: Okay, ligeud og så til venstre ved torvet. Er det langt herfra? Lokal: Nej, det tager kun cirka fem minutter til fods. Banegården ligger overfor et stort hotel, så du kan ikke gå forkert. Turist: Godt. Og hvordan kommer jeg til apoteket bagefter? Lokal: Apoteket er let at finde. Det ligger ved siden af banegården, til højre for indgangen. Turist: Perfekt. Og er der en café i nærheden? Lokal: Ja, der er en lille café mellem apoteket og hotellet. Turist: Mange tak for hjælpen. Lokal: Det var så lidt. God tur! Turist: Tak, i lige måde. Hej hej.",d0-l120-t.mp3,,,
Hvor er stationen?,d0-l120-c1.mp3,,,
Hvordan kommer jeg til biblioteket?,d0-l120-c2.mp3,,,
Gå ligeud og drej til højre.,d0-l120-c3.mp3,,,
Apoteket ligger til venstre.,d0-l120-c4.mp3,,,
Banken er overfor posthuset.,d0-l120-c5.mp3,,,
Supermarkedet er ved siden af skolen.,d0-l120-c6.mp3,,,
overfor,d0-l120-v04.mp3,,,
en banegård,d0-l120-v08.mp3,,,
at dreje,d0-l120-v11.mp3,,,
at ligge,d0-l120-v12.mp3,,,
et kort,d0-l120-v13.mp3,,,
Lokal: Du går ligeud ad denne gade. Ved det store torv drejer du til venstre. Banegården ligger overfor et stort hotel.,d0-l120-r2.mp3,,,
"Jeg vil gerne have klippet håret, men ikke for kort.",d0-l154-a.mp3,,,
"Sofie kommer ind hos frisøren og siger hej til Mette. «Hej, jeg har bestilt en tid klokken to,» siger Sofie. Mette smiler: «Ja, velkommen. Sæt dig her. Hvad skal vi lave i dag?» Sofie kigger i spejlet. «Jeg vil gerne have klippet håret, men ikke for kort. Måske to centimeter kortere. Og jeg vil gerne have vasket det først.» Mette nikker. «Selvfølgelig. Vil du også have det føntørret bagefter?» «Ja tak, det lyder godt.» Efter en time er Sofie færdig. Hun er glad for resultatet. «Hvor meget bliver det?» spørger hun. «Det bliver 350 kroner,» svarer Mette. Sofie betaler med kort og siger: «Behold de sidste ti kroner. Tak for hjælpen!» Mette takker og siger farvel. «Vi ses næste gang!»",d0-l154-t.mp3,,,
Jeg vil gerne bestille en tid til på fredag.,d0-l154-c1.mp3,,,
"Jeg vil gerne have klippet håret, ikke for kort.",d0-l154-c2.mp3,,,
Kan du vaske og føntørre det bagefter?,d0-l154-c3.mp3,,,
Hvad koster en herreklip?,d0-l154-c4.mp3,,,
Behold resten – tak for hjælpen.,d0-l154-c5.mp3,,,
en frisør,d0-l154-v01.mp3,,,
at klippe,d0-l154-v03.mp3,,,
at vaske,d0-l154-v04.mp3,,,
at farve,d0-l154-v05.mp3,,,
at føntørre,d0-l154-v06.mp3,,,
håret,d0-l154-v07.mp3,,,
kort / kortere,d0-l154-v08.mp3,,,
et spejl,d0-l154-v09.mp3,,,
en herreklip,d0-l154-v10.mp3,,,
en dameklip,d0-l154-v11.mp3,,,
drikkepenge,d0-l154-v12.mp3,,,
Behold resten,d0-l154-v14.mp3,,,
et resultat,d0-l154-v15.mp3,,,
"Sofie siger til frisøren: «Jeg vil gerne have klippet håret, men ikke for kort – kun to centimeter kortere. Og vask det gerne først.»",d0-l154-r1.mp3,,,
Han skal have sin madpakke med i skole.,d0-l155-a.mp3,,,
"Det er morgen hjemme hos familien Holm. «Emil, husk at du skal have din madpakke med i dag,» siger far. Emil kigger i tasken. «Har jeg lavet mine lektier?» spørger han. «Ja, du lavede dem i går,» svarer far. «Godt. Og i dag skal vi have gymnastik, så jeg skal have gymnastiktøj med.» Mor kommer ind med en besked. «Jeg har lige læst på Aula, at klassen skal på tur på fredag. I skal have en ekstra madpakke med den dag.» Emil bliver glad. «Må jeg lave en legeaftale med Noah efter skole?» «Ja, men først skal du hjem og skifte tøj,» siger mor. Emil tager tasken og løber ud. «Vi ses klokken tre! Hej hej!»",d0-l155-t.mp3,,,
Han skal have en madpakke med i skole.,d0-l155-c1.mp3,,,
Du skal lave dine lektier før aftensmad.,d0-l155-c2.mp3,,,
Vi skal til en fødselsdag på lørdag.,d0-l155-c3.mp3,,,
Jeg har skrevet en besked på Aula.,d0-l155-c4.mp3,,,
Skal vi lave en legeaftale på onsdag?,d0-l155-c5.mp3,,,
et barn / børn,d0-l155-v01.mp3,,,
lektier,d0-l155-v03.mp3,,,
gymnastiktøj,d0-l155-v05.mp3,,,
Aula,d0-l155-v07.mp3,,,
en legeaftale,d0-l155-v08.mp3,,,
at skifte tøj,d0-l155-v13.mp3,,,
en forælder / forældre,d0-l155-v14.mp3,,,
Mor skriver på Aula: «Klassen skal på tur på fredag. Alle børn skal have en ekstra madpakke og godt tøj med.»,d0-l155-r1.mp3,,,
Har du lavet dine lektier?,d0-l155-l4.mp3,,,
"Hvis det regner, bliver vi hjemme.",d0-l156-a.mp3,,,
"Det er fredag aften. Laura ringer til sin veninde Ida. «Hej Ida, skal vi stadig i parken i morgen?» spørger Laura. Ida kigger ud ad vinduet. «Jeg er ikke sikker. Det ser ud til at regne i morgen.» Laura tænker lidt. «Hvis det regner, kan vi tage på museum i stedet for. Der er en ny udstilling.» «God idé!» siger Ida. «Og hvis vejret bliver godt, går vi en lang tur ved søen.» «Perfekt. Vi bestemmer os i morgen tidlig, når vi ser vejret.» Næste morgen skinner solen. Laura sender en besked: «Sikke et dejligt vejr! Vi skal til søen alligevel. Vi mødes klokken elleve.» Ida svarer hurtigt: «Ja tak! Jeg glæder mig. Vi ses!»",d0-l156-t.mp3,,,
Vi tager i biografen i stedet for i parken.,d0-l156-c2.mp3,,,
Vi skal til stranden på lørdag.,d0-l156-c3.mp3,,,
Jeg vil hellere blive hjemme.,d0-l156-c4.mp3,,,
Det ser ud til at blive solskin.,d0-l156-c5.mp3,,,
solskin,d0-l156-v04.mp3,,,
en sky / skyer,d0-l156-v05.mp3,,,
at blæse / blæst,d0-l156-v06.mp3,,,
koldt / varmt,d0-l156-v07.mp3,,,
en plan / at planlægge,d0-l156-v08.mp3,,,
i stedet for,d0-l156-v09.mp3,,,
en udstilling,d0-l156-v10.mp3,,,
alligevel,d0-l156-v13.mp3,,,
at bestemme sig,d0-l156-v15.mp3,,,
"Laura skriver til Ida: «Hvis det regner i morgen, tager vi på museum i stedet for i parken. Men hvis solen skinner, går vi en tur ved søen.»",d0-l156-r1.mp3,,,
Det ser ud til at regne i morgen.,d0-l156-l4.mp3,,,
Tag én tablet to gange om dagen efter maden.,d0-l173-a.mp3,,,
"Layla har ondt i halsen og går ind på apoteket. «Hej, har I noget mod ondt i halsen?» spørger hun. «Ja,» siger farmaceuten. «Vi har både halstabletter og en spray. Har du også feber?» «Lidt,» svarer Layla. «Så kan du tage noget mod feber samtidig. Det her er håndkøb, så du behøver ikke en recept.» Layla kigger på pakken og spørger: «Hvor tit skal jeg tage tabletterne?» «Tag én tablet to eller tre gange om dagen, gerne efter maden,» siger farmaceuten. «Og hvis du ikke får det bedre efter fire dage, så gå til lægen.» «Har de nogen bivirkninger?» spørger Layla. «De kan gøre dig lidt træt, men ellers er de sikre.» Layla betaler og siger tak. «God bedring!» svarer farmaceuten med et smil.",d0-l173-t.mp3,,,
Har I noget mod hovedpine?,d0-l173-c1.mp3,,,
"Er det receptpligtigt, eller er det håndkøb?",d0-l173-c2.mp3,,,
Har den nogen bivirkninger?,d0-l173-c4.mp3,,,
Tag den morgen og aften efter maden.,d0-l173-c5.mp3,,,
en farmaceut,d0-l173-v02.mp3,,,
en medicin,d0-l173-v03.mp3,,,
receptpligtig,d0-l173-v05.mp3,,,
et håndkøb,d0-l173-v06.mp3,,,
en dosis,d0-l173-v08.mp3,,,
en bivirkning,d0-l173-v09.mp3,,,
en hovedpine,d0-l173-v10.mp3,,,
en feber,d0-l173-v11.mp3,,,
en hoste,d0-l173-v12.mp3,,,
"«Tag én tablet to eller tre gange om dagen, gerne efter maden. Og hvis du ikke får det bedre efter fire dage, så gå til lægen.»",d0-l173-r1.mp3,,,
"Hvad koster den lampe, og er den i god stand?",d0-l174-a.mp3,,,
"Det er lørdag, og Omar er på loppemarked med sin ven. Han ser en gammel lampe og spørger sælgeren: «Hvad koster den?» «Den koster 80 kroner,» svarer sælgeren. «Er den i god stand?» spørger Omar. «Ja, den virker fint, og den er næsten som ny.» Omar synes, at 80 kroner er lidt for meget. «Kan du gå lidt ned i pris?» spørger han. Sælgeren tænker sig om. «Du kan få den for 60 kroner.» «Det lyder godt. Den tager jeg,» siger Omar med et smil. Så ser hans ven et gammelt bord. «Hvad koster det?» spørger han. «Det koster 150 kroner, men det er i rigtig god stand.» Vennen prutter også lidt, og til sidst køber han bordet for 120 kroner. På vejen hjem siger Omar: «Man kan altid gøre et godt køb på et loppemarked — og det er også godt for miljøet.»",d0-l174-t.mp3,,,
Hvad koster den lampe?,d0-l174-c1.mp3,,,
Hvad koster det gamle bord?,d0-l174-c2.mp3,,,
Er den i god stand?,d0-l174-c3.mp3,,,
Kan du gå lidt ned i pris?,d0-l174-c4.mp3,,,
Den tager jeg — det er et godt tilbud.,d0-l174-c5.mp3,,,
et genbrug,d0-l174-v01.mp3,,,
et loppemarked,d0-l174-v03.mp3,,,
en sælger,d0-l174-v04.mp3,,,
en køber,d0-l174-v05.mp3,,,
brugt,d0-l174-v06.mp3,,,
en pris,d0-l174-v07.mp3,,,
at prutte,d0-l174-v09.mp3,,,
i god stand,d0-l174-v10.mp3,,,
næsten som ny,d0-l174-v11.mp3,,,
at gå ned i pris,d0-l174-v12.mp3,,,
et godt køb,d0-l174-v13.mp3,,,
et miljø,d0-l174-v14.mp3,,,
"«Den koster 80 kroner,» svarer sælgeren. Omar prutter lidt, og sælgeren siger: «Du kan få den for 60 kroner.» «Det lyder godt. Den tager jeg,» siger Omar.",d0-l174-r1.mp3,,,
"Han siger, at han ikke kommer til festen.",d0-l27-a.mp3,,,
"Året i Danmark Det danske år har mange traditioner. Om vinteren fejrer man jul: Familien samles den 24. december, spiser and eller flæskesteg og danser om juletræet. I februar kommer fastelavn — børnene klæder sig ud og slår katten af tønden. Om foråret fejrer mange påske med gule påskeæg og frokoster, der varer hele dagen. Og til sankthans i juni tænder danskerne bål ved stranden og synger sammen. Mange siger, at de ikke kan undvære traditionerne — de samler familien og lyser op i den mørke vinter. Der findes også traditioner, som ikke står i kalenderen. Når en dansker fylder rundt — 30, 40 eller 50 år — hejses flaget, og der holdes tit en stor fest for familie og venner. Og i december har børnene en julekalender med 24 små gaver eller stykker chokolade, så de kan tælle dagene, indtil det endelig bliver juleaften. Mange nye borgere fortæller, at de først forstod Danmark, da de blev inviteret med til en højtid. Man behøver ikke at kende alle sange eller regler — det vigtigste er, at man kommer, smiler og prøver at synge med. Hvis du ikke ved, hvad du skal tage med, kan du altid spørge værten"," blomster eller chokolade er aldrig forkert. Til sidst et godt råd: Skriv årets højtider ind i din egen kalender. Så ved du, hvorfor butikkerne pludselig er fyldt med fastelavnsboller i februar, og hvorfor hele landet dufter af bål en lun aften i juni. Samtale: juleaften hos naboen — Hej Amir! Hvad skal du lave i julen? — Ærligt talt ved jeg det ikke endnu. Vi fejrer jo ikke jul i min familie. — Så skal du da fejre den hos os! Vi samles klokken seks og spiser flæskesteg. — Tusind tak! Men jeg kender ikke jeres traditioner. Hvad skal jeg gøre? — Du skal bare komme. Min mor siger altid, at det vigtigste er, at man ikke sidder alene juleaften. — Skal jeg tage noget med? — Du behøver ikke, men en lille ting til værtinden er altid velkommen. Chokolade for eksempel. — Og hvad sker der efter maden? — Så danser vi om juletræet og synger. Bagefter åbner børnene deres gaver. — Så må jeg hellere øve mig på en julesang! — Bare rolig. Ingen bliver sure, hvis du ikke kan teksten. Man synger bare med, så godt man kan. — Jeg glæder mig allerede. Og jeg lover, at jeg ikke kommer for sent! — Perfekt — så siger vi den 24. klokken seks. Det bliver en rigtig hyggelig aften.",d0-l27-t.mp3,,
en tradition,d0-l27-v01.mp3,,,
at fejre,d0-l27-v02.mp3,,,
jul,d0-l27-v03.mp3,,,
juleaften,d0-l27-v04.mp3,,,
påske,d0-l27-v05.mp3,,,
fastelavn,d0-l27-v06.mp3,,,
sankthans,d0-l27-v07.mp3,,,
at samles,d0-l27-v09.mp3,,,
at klæde sig ud,d0-l27-v10.mp3,,,
et juletræ,d0-l27-v11.mp3,,,
at synge,d0-l27-v12.mp3,,,
at undvære,d0-l27-v13.mp3,,,
mørk,d0-l27-v14.mp3,,,
en højtid,d0-l27-v15.mp3,,,
en vært,d0-l27-v18.mp3,,,
et flag,d0-l27-v19.mp3,,,
en værtinde,d0-l27-v21.mp3,,,
at love,d0-l27-v22.mp3,,,
I februar kommer fastelavn — børnene klæder sig ud og slår katten af tønden.,d0-l27-r1.mp3,,,
familien samles til jul,d0-l27-l7.mp3,,,
"Når en dansker fylder rundt — 30, 40 eller 50 år — hejses flaget, og der holdes tit en stor fest for familie og venner.",d0-l27-r10.mp3,,,
blomster eller chokolade er aldrig forkert,d0-l27-l11.mp3,,,
"— Så skal du da fejre den hos os! Vi samles klokken seks og spiser flæskesteg. — Tusind tak! Men jeg kender ikke jeres traditioner. Hvad skal jeg gøre? — Du skal bare komme. Min mor siger altid, at det vigtigste er, at man ikke sidder alene juleaften.",d0-l27-r14.mp3,,,
vi danser om juletræet,d0-l27-l18.mp3,,,
"Hvis vejret er godt, kan vi være ved stranden.",d0-l28-a.mp3,,,
"Planer til sankthans — Hej Sara! Skal vi holde sankthans sammen i år? — Ja! Hvis vejret er godt, kan vi være ved stranden. — God idé. Hvem tager maden med? — Jeg tager salater og brød med. Kan du købe drikkevarer? — Selvfølgelig. Og hvis det regner, holder vi festen hjemme hos mig. — Perfekt! Jeg glæder mig allerede. — Det bliver hyggeligt — vi synger og tænder bålet klokken ni. I Danmark planlægger man tidligt. En invitation til en fødselsdag kommer tit tre-fire uger før festen, og værten forventer et klart svar: Kommer du, eller kommer du ikke? Det er helt normalt at svare, at man desværre ikke kan — men man skal svare! Til mange fester laver man et sammenskudsgilde: Alle gæster tager en ret med, så værten ikke skal lave alt selv. En tager en salat med, en anden bager en kage, og en tredje køber drikkevarer. På den måde bliver festen billigere, og alle føler, at de hjælper. Husk også, at danskerne kommer præcis. Hvis der står klokken 18 i invitationen, ringer gæsterne på døren klokken 18 — hverken en halv time før eller en time senere. Og hvis du bliver forsinket, sender du en besked, så værten ikke venter med maden. Fødselsdag på arbejdet I Danmark fejres fødselsdage også på arbejdspladsen — men på en særlig måde: Den, der har fødselsdag, giver selv kagen! Hvis du har fødselsdag, tager du altså brød eller kage med til dine kolleger, og de synger måske en fødselsdagssang for dig. Runde fødselsdage er noget særligt. Hvis en kollega fylder 50, samler de andre tit penge ind til en fælles gave, og der holdes en lille reception med taler og flag på bordet. Private fester planlægges i god tid. Mange sender invitationen som en besked, og nederst står der tit S.U. og en dato — det betyder, at man skal svare senest den dag. Hvis du ikke svarer, ved værten ikke, hvor meget mad der skal købes. Et sidste råd: Man aflyser aldrig i sidste øjeblik uden en god grund. Danskerne planlægger alt efter, hvem der kommer, og en tom stol ved bordet husker de længe. Hvis du ikke kan komme, siger du det, så snart du ved det — så er alt i orden.",d0-l28-t.mp3,,,
"Hvis det regner, bliver vi inde.",d0-l28-c1.mp3,,,
"Hvis du ikke kan, siger du bare til.",d0-l28-c2.mp3,,,
Skal vi holde en fest?,d0-l28-c3.mp3,,,
Jeg tager kagen med.,d0-l28-c4.mp3,,,
hvis,d0-l28-v01.mp3,,,
at holde en fest,d0-l28-v02.mp3,,,
at glæde sig til,d0-l28-v05.mp3,,,
drikkevarer,d0-l28-v06.mp3,,,
en salat,d0-l28-v07.mp3,,,
inde,d0-l28-v10.mp3,,,
ude,d0-l28-v11.mp3,,,
hjemme hos mig,d0-l28-v12.mp3,,,
at sige til,d0-l28-v13.mp3,,,
en invitation,d0-l28-v15.mp3,,,
et sammenskudsgilde,d0-l28-v17.mp3,,,
en ret,d0-l28-v18.mp3,,,
S.U. (svar udbedes),d0-l28-v21.mp3,,,
at aflyse,d0-l28-v22.mp3,,,
at samle ind,d0-l28-v23.mp3,,,
en reception,d0-l28-v24.mp3,,,
"— Og hvis det regner, holder vi festen hjemme hos mig. — Perfekt! Jeg glæder mig allerede.",d0-l28-r1.mp3,,,
jeg glæder mig til festen,d0-l28-l6.mp3,,,
"Til mange fester laver man et sammenskudsgilde: Alle gæster tager en ret med, så værten ikke skal lave alt selv.",d0-l28-r9.mp3,,,
alle gæster tager en ret med,d0-l28-l10.mp3,,,
"I Danmark fejres fødselsdage også på arbejdspladsen — men på en særlig måde: Den, der har fødselsdag, giver selv kagen!",d0-l28-r13.mp3,,,
"Ved du, hvor sprogskolen ligger?",d0-l29-a.mp3,,,
"Uddannelse i Danmark I Danmark går børn i folkeskole i ti år — den er gratis. Bagefter vælger de unge en ungdomsuddannelse: gymnasiet eller en erhvervsuddannelse. Voksne udlændinge lærer dansk på en sprogskole, og undervisningen er tit gratis. Mange voksne læser videre, mens de arbejder — det kalder man livslang læring. Hvis du vil vide, hvilken uddannelse der passer til dig, kan du få gratis vejledning i din kommune. Noget, der overrasker mange udlændinge, er SU — Statens Uddannelsesstøtte. Studerende over 18 år får hver måned penge af staten, mens de læser, så alle har råd til en uddannelse. Derfor spørger danske unge ikke, om de har råd til at studere, men hvad de har lyst til at lære. En anden vigtig mulighed er aftenskolen. Her kan voksne tage kurser i næsten alt — sprog, madlavning, foto eller økonomi — tit en aften om ugen. Kurserne er billige, og man møder mennesker fra hele byen. Hvis du selv vil i gang, kan du begynde på dit lokale sprogcenter. Undervisningen er gratis for de fleste nye borgere, og der findes hold både om dagen og om aftenen. Ring og spørg, hvornår næste hold starter, og om der er plads — nu ved du jo, hvordan man stiller et høfligt, indirekte spørgsmål! Samtale: opkald til sprogcentret — Sprogcenter Nord, du taler med Lone. — Goddag, det er Amir Karimi. Jeg ringer, fordi jeg gerne vil begynde på et danskkursus. — Velkommen til! Hvad vil du gerne vide? — Først vil jeg gerne vide, hvornår næste hold starter. — Det starter den første mandag i september. — Fint. Kan du også fortælle mig, om der er hold om aftenen? Jeg arbejder om dagen. — Ja, vi har aftenhold to gange om ugen, tirsdag og torsdag. — Perfekt. Og ved du, hvor lang tid der går, før jeg får svar? — Du hører fra os inden for en uge. Må jeg spørge, hvilket niveau du er på? — Jeg ved ikke helt, hvor godt mit dansk er. Er der en test? — Ja, alle nye kursister tager en lille sprogtest, så vi kan finde det rigtige hold. — Dejligt. Så tilmelder jeg mig nu. Tak for hjælpen! — Selv tak — vi glæder os til at møde dig.",d0-l29-t.mp3,,,
"Hvor ligger skolen? → Ved du, hvor skolen ligger?",d0-l29-c1.mp3,,,
"Ved du, om kurset er gratis?",d0-l29-c2.mp3,,,
"Jeg vil gerne vide, hvornår kurset begynder.",d0-l29-c3.mp3,,,
"Jeg ved ikke, hvorfor han ikke kommer.",d0-l29-c4.mp3,,,
en uddannelse,d0-l29-v01.mp3,,,
en folkeskole,d0-l29-v02.mp3,,,
et gymnasium,d0-l29-v03.mp3,,,
en erhvervsuddannelse,d0-l29-v04.mp3,,,
undervisning,d0-l29-v05.mp3,,,
en elev,d0-l29-v07.mp3,,,
et kursus,d0-l29-v08.mp3,,,
at vælge,d0-l29-v09.mp3,,,
vejledning,d0-l29-v11.mp3,,,
om,d0-l29-v13.mp3,,,
at vide (ved),d0-l29-v14.mp3,,,
SU (Statens Uddannelsesstøtte),d0-l29-v15.mp3,,,
en studerende,d0-l29-v16.mp3,,,
at have råd til,d0-l29-v17.mp3,,,
en aftenskole,d0-l29-v18.mp3,,,
et sprogcenter,d0-l29-v20.mp3,,,
at tilmelde sig,d0-l29-v21.mp3,,,
en kursist,d0-l29-v22.mp3,,,
I Danmark går børn i folkeskole i ti år — den er gratis.,d0-l29-r1.mp3,,,
undervisningen er gratis,d0-l29-l7.mp3,,,
"Studerende over 18 år får hver måned penge af staten, mens de læser, så alle har råd til en uddannelse.",d0-l29-r10.mp3,,,
kurserne er billige,d0-l29-l11.mp3,,,
"— Kan du også fortælle mig, om der er hold om aftenen? Jeg arbejder om dagen. — Ja, vi har aftenhold to gange om ugen, tirsdag og torsdag.",d0-l29-r14.mp3,,,
"Jeg synes, at hans dansk bliver bedre hver måned.",d0-l30-a.mp3,,,
"Forældremødet — Velkommen! Hvordan går det med Amir i skolen? — Det går rigtig godt. Han er god til matematik og engelsk. — Dejligt! Og hvad med dansk? — Jeg synes, at hans dansk bliver bedre hver måned. Han taler meget i timerne. — Vi læser også dansk derhjemme hver aften. — Det er perfekt. Jeg tror, at det hjælper rigtig meget. — Er der noget, vi skal øve mere? — Måske stavning. Men I skal ikke bekymre jer — han klarer sig godt! Ud over det store forældremøde holder skolen hvert år en skole-hjem-samtale. Det er et kort, personligt møde, hvor læreren, barnet og forældrene taler sammen om, hvordan det går — både fagligt og socialt. Man må altid bede om en tolk, hvis sproget stadig er svært"," det er helt normalt, og skolen betaler. Kommunikationen mellem skole og hjem foregår i appen Aula. Her sendes beskeder om lektier, ture og fester, og her melder man også sit barn syg. Tjek den hver dag — mange praktiske informationer står kun dér. Til sidst: Danske lærere roser meget. Sætninger som ""han klarer sig godt"" eller ""hun er blevet meget bedre"" skal tages alvorligt — det er ægte ros, ikke bare høflighed. Og hvis læreren synes, at der er et problem, siger han det direkte, men venligt. Spørg gerne: ""Hvad kan vi gøre derhjemme?"" Det spørgsmål elsker alle lærere. Fritid efter skole De fleste danske børn går til noget efter skole: fodbold, svømning, spejder eller musik. Det kalder man fritidsaktiviteter, og de betyder meget for børnenes venskaber. Mange forældre synes, at én aktivitet om ugen er nok, for børnene skal også have tid til at lege frit. Foreningerne drives tit af frivillige — måske bliver du selv træner en dag! Kontingentet er lavt, og hvis pengene er små, kan kommunen i mange tilfælde hjælpe med at betale. Spørg skolen"," ingen synes, at det er pinligt. Efter skoletid går mange yngre børn i SFO — en fritidsordning på skolen, hvor de leger, indtil forældrene henter dem. Her øver børnene sproget helt naturligt, og pædagogerne tror, at netop legen er den hurtigste vej til dansk. Mange nye forældre tror, at lektier er det vigtigste — men danske lærere siger tit, at venner og fritid er lige så vigtige. Et barn, der trives, lærer nemlig bedst. Så hvis dit barn vil gå til fodbold med klassen, så sig ja — det er også sprogundervisning.",d0-l30-t.mp3,
"Jeg synes, at skolen er god.",d0-l30-c1.mp3,,,
"Jeg tror, at han bliver læge.",d0-l30-c2.mp3,,,
Hun er god til matematik.,d0-l30-c3.mp3,,,
Hvordan går det med Amir?,d0-l30-c4.mp3,,,
et forældremøde,d0-l30-v01.mp3,,,
at synes,d0-l30-v02.mp3,,,
at tro,d0-l30-v03.mp3,,,
god til,d0-l30-v04.mp3,,,
matematik,d0-l30-v05.mp3,,,
engelsk,d0-l30-v06.mp3,,,
stavning,d0-l30-v07.mp3,,,
derhjemme,d0-l30-v09.mp3,,,
at bekymre sig,d0-l30-v10.mp3,,,
at klare sig,d0-l30-v11.mp3,,,
en skole-hjem-samtale,d0-l30-v15.mp3,,,
en tolk,d0-l30-v16.mp3,,,
at rose,d0-l30-v18.mp3,,,
fagligt,d0-l30-v20.mp3,,,
en fritidsaktivitet,d0-l30-v21.mp3,,,
en SFO (skolefritidsordning),d0-l30-v22.mp3,,,
et kontingent,d0-l30-v23.mp3,,,
"— Er der noget, vi skal øve mere? — Måske stavning. Men I skal ikke bekymre jer — han klarer sig godt!",d0-l30-r1.mp3,,,
han klarer sig godt,d0-l30-l7.mp3,,,
"Man må altid bede om en tolk, hvis sproget stadig er svært"," det er helt normalt, og skolen betaler.",d0-l30-r10.mp3,,
hvad kan vi gøre derhjemme,d0-l30-l11.mp3,,,
"Efter skoletid går mange yngre børn i SFO — en fritidsordning på skolen, hvor de leger, indtil forældrene henter dem.",d0-l30-r14.mp3,,,
han går til fodbold,d0-l30-l18.mp3,,,
Roskilde Festival er den største i Nordeuropa.,d0-l31-a.mp3,,,
"Musik i Danmark Danskerne elsker musik — fra gamle sange til ny pop. Hver sommer holder landet mange festivaler. Roskilde Festival er den største i Nordeuropa: over 100.000 mennesker bor i telt en hel uge! Mange synes, at livemusik er bedre end musik i høretelefoner, fordi stemningen er stærkere. De fleste danske børn lærer at spille et instrument i skolen, og fællessang er stadig populær — til fester synger alle med. Roskilde Festival er ikke kun musik. Festivalen ejes af en fond, og hele overskuddet gives til velgørenhed — det synes mange er den smukkeste tradition af dem alle. Tusindvis af frivillige arbejder gratis en hel uge, fordi de elsker stemningen og fællesskabet. Men man behøver ikke en festivalbillet for at høre musik. Om sommeren spilles der gratis koncerter i parkerne i de fleste byer, og mange kirker holder koncerter, hvor alle kan komme ind. Selv de mindste byer har tit et spillested, hvor lokale bands øver og optræder. Under coronaårene opdagede danskerne noget nyt: fællessang i fjernsynet. Hver morgen sang hele landet med på gamle sange hjemme fra sofaen, og programmet blev det mest populære i mange år. Det viser noget vigtigt: For danskerne er musik ikke en konkurrence om at synge bedst — det er en måde at være sammen på. Samtale: skal vi til koncert? — Har du set, at der er gratis koncert i parken på lørdag? — Nej! Hvem spiller? — Et lokalt band og en ung sangerinde. Min kollega siger, at hun er byens bedste stemme. — Bedre end dem, vi hørte sidste sommer? — Det tror jeg. Og stemningen i parken er altid hyggeligere end i en stor sal. — Det er rigtigt. Billetter til de store koncerter bliver også dyrere og dyrere. — Præcis. Det her er gratis — og græsset er blødere end et sæde! — Ha! Skal vi tage en kurv med? Kaffe, brød og lidt frugt? — God idé. Jeg tager et tæppe med, hvis du køber kaffen. — Aftale. Hvornår begynder musikken? — Klokken fire. Men vi skal komme tidligere, hvis vi vil have den bedste plads. — Så siger vi klokken tre. Og hvad gør vi, hvis det regner? — Så tager vi bare en stor paraply med. Min kollega siger, at det ikke bliver regnvejr på lørdag. — Perfekt. Jeg glæder mig — det bliver sommerens hyggeligste dag!",d0-l31-t.mp3,,,
billig → billigere → billigst,d0-l31-c1.mp3,,,
god → bedre → bedst,d0-l31-c2.mp3,,,
mere spændende,d0-l31-c3.mp3,,,
Livemusik er bedre end Spotify.,d0-l31-c4.mp3,,,
en sang,d0-l31-v01.mp3,,,
en sanger,d0-l31-v03.mp3,,,
et instrument,d0-l31-v04.mp3,,,
en festival,d0-l31-v05.mp3,,,
en koncert,d0-l31-v06.mp3,,,
livemusik,d0-l31-v07.mp3,,,
høretelefoner,d0-l31-v08.mp3,,,
en stemning,d0-l31-v09.mp3,,,
et telt,d0-l31-v10.mp3,,,
fællessang,d0-l31-v11.mp3,,,
spændende,d0-l31-v13.mp3,,,
end,d0-l31-v14.mp3,,,
et overskud,d0-l31-v15.mp3,,,
velgørenhed,d0-l31-v16.mp3,,,
en frivillig,d0-l31-v17.mp3,,,
et spillested,d0-l31-v18.mp3,,,
at optræde,d0-l31-v19.mp3,,,
en sangerinde,d0-l31-v21.mp3,,,
en kurv,d0-l31-v23.mp3,,,
"Mange synes, at livemusik er bedre end musik i høretelefoner, fordi stemningen er stærkere.",d0-l31-r1.mp3,,,
musikken er bedre live,d0-l31-l8.mp3,,,
"Festivalen ejes af en fond, og hele overskuddet gives til velgørenhed — det synes mange er den smukkeste tradition af dem alle.",d0-l31-r10.mp3,,,
der spilles gratis koncerter i parkerne,d0-l31-l11.mp3,,,
— Og stemningen i parken er altid hyggeligere end i en stor sal. — Det er rigtigt. Billetter til de store koncerter bliver også dyrere og dyrere.,d0-l31-r14.mp3,,,
Hvad synes du om dansk musik?,d0-l32-a.mp3,,,
"Musiksmag — Hvad hører du, når du træner? — Mest pop og lidt rock. Og dig? — Jeg er vild med jazz. Jeg synes, at det er den bedste musik til en rolig aften. — Jazz siger mig ærligt talt ikke noget. Er det ikke lidt kedeligt? — Slet ikke! Live er det meget bedre end på telefonen. — Måske skal jeg prøve. Men koncertbilletter er tit for dyre… — Der er gratis jazz i parken hver søndag i juli. Skal vi tage derhen sammen? — Ja, hvorfor ikke! Hvis det er gratis, er det den rigtige pris! Musiksmag er et perfekt smalltalk-emne i Danmark — på arbejdet, til fester og i toget. Danskerne spørger gerne, hvad du hører, og de bliver glade, hvis du kender en dansk sanger eller to. Nævn Kim Larsen, og selv den mest stille kollega begynder at fortælle minder! Der er dog én uskreven regel: Man må gerne sige, at noget ikke siger en noget, men man griner aldrig ad andres smag. Din kollega hører måske gammel dansktop, din nabo elsker hård metal — og begge dele er helt i orden. Smag diskuteres, men den dømmes ikke. Vil du udvikle din egen smag på dansk, så lav en playliste med danske sange og læs teksterne, mens du lytter. Sange er langsommere end samtaler, ordene gentages, og melodien hjælper hukommelsen. Mange siger, at de har lært halvdelen af deres dansk gennem musik — og det er faktisk ikke en dårlig metode. Musikkens steder Vil du høre musik i Danmark, behøver du ikke vente på sommerens festivaler. De fleste byer har et kulturhus eller et lille spillested, hvor der spilles koncerter hele året. Billetterne koster tit under hundrede kroner, og nogle aftener er gratis — især når lokale bands øver sig foran publikum. Bibliotekerne overrasker mange: Dér kan man låne musik, og nogle steder holdes der små koncerter mellem bogreolerne. Kirkerne bruges også til musik"," en kirkekoncert er rolig, gratis og åben for alle — man behøver ikke at være religiøs. Mange udlændinge synes, at dansk musik er svær at forstå i starten, fordi ordene synges hurtigt. Men teksterne gentages jo, og efter nogle uger synger man pludselig med uden at tænke over det. Vælg én sang om ugen, læs teksten, og lyt til den på vej til arbejde. Et godt råd til sidst: Spørg dine kolleger, hvad de hørte, da de var unge. Musiksmag er personlig, men minderne deler folk gerne — og så har du en samtale, der aldrig bliver kedelig.",d0-l32-t.mp3,,
Jeg er vild med jazz.,d0-l32-c2.mp3,,,
Det siger mig ikke noget.,d0-l32-c3.mp3,,,
Musikken er for høj.,d0-l32-c4.mp3,,,
en musiksmag,d0-l32-v01.mp3,,,
at høre,d0-l32-v02.mp3,,,
vild med,d0-l32-v03.mp3,,,
kedelig,d0-l32-v04.mp3,,,
høj,d0-l32-v06.mp3,,,
ærligt talt,d0-l32-v07.mp3,,,
slet ikke,d0-l32-v08.mp3,,,
for dyr,d0-l32-v11.mp3,,,
derhen,d0-l32-v12.mp3,,,
hvorfor ikke,d0-l32-v13.mp3,,,
at grine ad,d0-l32-v15.mp3,,,
en tekst,d0-l32-v16.mp3,,,
en playliste,d0-l32-v17.mp3,,,
at gentage,d0-l32-v18.mp3,,,
en hukommelse,d0-l32-v19.mp3,,,
et minde,d0-l32-v20.mp3,,,
et kulturhus,d0-l32-v21.mp3,,,
"— Der er gratis jazz i parken hver søndag i juli. Skal vi tage derhen sammen? — Ja, hvorfor ikke! Hvis det er gratis, er det den rigtige pris!",d0-l32-r1.mp3,,,
jeg er vild med musik,d0-l32-l7.mp3,,,
"Der er dog én uskreven regel: Man må gerne sige, at noget ikke siger en noget, men man griner aldrig ad andres smag.",d0-l32-r10.mp3,,,
sange er langsommere end samtaler,d0-l32-l11.mp3,,,
"Bibliotekerne overrasker mange: Dér kan man låne musik, og nogle steder holdes der små koncerter mellem bogreolerne.",d0-l32-r14.mp3,,,
man kan låne musik på biblioteket,d0-l32-l18.mp3,,,
Der tales meget om ligestilling i Danmark.,d0-l33-a.mp3,,,
"Ligestilling i hverdagen I Danmark arbejder både mænd og kvinder — og hjemmet deles. Fædre går med barnevogn, laver mad og henter børn i børnehaven"," det ses hver dag og overrasker mange nye borgere. Barsel deles mellem forældrene, og mange møder holdes derfor om formiddagen. Man siger tit, at ligestilling ikke kun er politik — den findes i køkkenet, i børnehaven og på arbejdet. Der tales meget om emnet, og meningerne er forskellige — men hverdagen viser retningen. Ligestillingen har en lang historie i Danmark. Kvinderne fik stemmeret i 1915, og i dag ses kvinder overalt — som chefer, politikere, håndværkere og forskere. Alligevel diskuteres emnet stadig, for eksempel når lønnen sammenlignes: Mænd tjener i gennemsnit stadig lidt mere end kvinder. I familien betyder ligestilling, at opgaverne fordeles. I mange hjem laver den ene mad, mens den anden vasker tøj, og kalenderen planlægges sammen. Børnene lærer det samme i børnehaven: Drenge og piger leger med det samme legetøj, og alle rydder op. For nye borgere kan det tage tid at vænne sig til. Måske kommer du fra et land, hvor rollerne er anderledes — det er der ikke noget forkert i. Men det er godt at vide, at en kvindelig chef eller en far på barsel er helt normalt her, og at begge dele mødes med respekt. Samtale: hvem henter i dag? — Godmorgen! Skal vi lige kigge på ugens plan? — Ja tak. Hvem henter børnene i dag? — Det gør jeg — jeg har fri klokken tre. Men i morgen kan jeg ikke, for der holdes møde til klokken fem. — Så henter jeg i morgen. Og hvem laver mad i aften? — Det gør du, og så vasker jeg tøj. Det deles jo, som vi plejer! — Fint. Husk, at der skal købes en gave til Idas fødselsdag på lørdag. — Godt du siger det. Skal vi give en bog? — God idé. Og min mor spørger, om vi kommer på søndag. — Ja, hvis vi ikke skal noget andet. Jeg skriver det i kalenderen. — Og fredag? Der kommer håndværkeren mellem otte og ti. — Så arbejder jeg hjemmefra. Det er nemt nok. — Perfekt. Uden den kalender ville hele familien gå i stå! — Ha! Det siges jo, at danske familier styres af kalenderen — og det passer!",d0-l33-t.mp3,,
Der tales dansk her.,d0-l33-c1.mp3,,,
Barslen deles mellem forældrene.,d0-l33-c2.mp3,,,
Man deler arbejdet hjemme.,d0-l33-c3.mp3,,,
Butikken åbnes klokken ti.,d0-l33-c4.mp3,,,
ligestilling,d0-l33-v01.mp3,,,
et køn,d0-l33-v02.mp3,,,
en kvinde,d0-l33-v04.mp3,,,
"en far, fædre",d0-l33-v05.mp3,,,
barsel,d0-l33-v06.mp3,,,
en barnevogn,d0-l33-v07.mp3,,,
at dele,d0-l33-v10.mp3,,,
at overraske,d0-l33-v11.mp3,,,
en borger,d0-l33-v12.mp3,,,
et emne,d0-l33-v13.mp3,,,
en mening,d0-l33-v14.mp3,,,
stemmeret,d0-l33-v15.mp3,,,
at tjene,d0-l33-v17.mp3,,,
i gennemsnit,d0-l33-v18.mp3,,,
at fordele,d0-l33-v19.mp3,,,
at vænne sig til,d0-l33-v20.mp3,,,
at vaske tøj,d0-l33-v21.mp3,,,
at have fri,d0-l33-v22.mp3,,,
at gå i stå,d0-l33-v23.mp3,,,
"Barsel deles mellem forældrene, og mange møder holdes derfor om formiddagen.",d0-l33-r1.mp3,,,
der tales dansk her,d0-l33-l8.mp3,,,
"Alligevel diskuteres emnet stadig, for eksempel når lønnen sammenlignes: Mænd tjener i gennemsnit stadig lidt mere end kvinder.",d0-l33-r10.mp3,,,
opgaverne fordeles i familien,d0-l33-l11.mp3,,,
"— Så henter jeg i morgen. Og hvem laver mad i aften? — Det gør du, og så vasker jeg tøj. Det deles jo, som vi plejer!",d0-l33-r14.mp3,,,
"Dengang havde vi ikke mobiler, men vi havde mere tid.",d0-l34-a.mp3,,,
"Kaffe med naboen Ellen på 82 — Ellen, hvordan var livet, da du var ung? — Anderledes! Dengang arbejdede kvinderne mest hjemme. Jeg fik mit første job, da jeg var 25. — Og i dag? — I dag arbejder mine børnebørn alle sammen — også pigerne, selvfølgelig. Det synes jeg er meget bedre. — Var noget bedre dengang? — Hmm… vi havde mere tid, tror jeg. Man skrev breve og ventede på svar. I dag skal alt gå så hurtigt! — Så livet var langsommere, men roligere? — Præcis. Men jeg vil ikke bytte — jeg er vild med min iPad! Ældre mennesker i Danmark lever et aktivt liv. Mange pensionister arbejder frivilligt, går til gymnastik eller passer børnebørn, og i hver by findes der klubber, hvor de mødes og spiller kort. Ordet ""gammel"" bruges faktisk sjældent — man siger hellere ""ældre"" eller bare ""pensionist"". Savner du en bedstemor i Danmark? Så findes der en smuk ordning, der hedder besøgsven: Frivillige besøger ældre, som er alene, drikker kaffe og snakker en time om ugen. Mange udlændinge er blevet besøgsvenner, fordi de både vil hjælpe og øve deres dansk — og de siger alle, at de får mere, end de giver. Når du taler med ældre danskere, så spørg til deres liv: Hvordan var byen dengang? Hvad lavede de, da de var unge? Historierne kommer af sig selv, og du hører fortiden — grammatikken fra dette niveau — brugt helt naturligt. Tre generationer Familien i Danmark har ændret sig meget på tre generationer. Ellens mor fik seks børn og arbejdede aldrig uden for hjemmet. Ellen selv fik to børn og sit første job som 25-årig. Hendes datter deler i dag barslen med sin mand — noget, der var utænkeligt dengang. Bedsteforældre spiller stadig en stor rolle, men på en ny måde. De passer tit børnebørnene en fast dag om ugen, og mange børnehaver holder en særlig bedsteforældredag, hvor der drikkes kaffe og synges gamle sange. De fleste ældre bor ikke hos deres børn, som man gør i mange andre lande — de bliver i deres egen bolig, så længe de kan. Det betyder ikke, at familien ikke ses"," man mødes til søndagsmiddage og fødselsdage, og der ringes sammen flere gange om ugen. For mange udlændinge føles det anderledes — måske endda lidt koldt. Men spørger man de ældre selv, svarer de fleste, at de ikke vil bo hos deres børn. Frihed og eget hjem betyder mere, siger de — også når håret er gråt.",d0-l34-t.mp3,,
Dengang havde vi ikke mobiler.,d0-l34-c1.mp3,,,
"Da jeg var ung, cyklede jeg overalt.",d0-l34-c2.mp3,,,
Alt var billigere dengang.,d0-l34-c3.mp3,,,
Livet er nemmere nu.,d0-l34-c4.mp3,,,
en generation,d0-l34-v01.mp3,,,
ældre,d0-l34-v03.mp3,,,
"et børnebarn, børnebørn",d0-l34-v04.mp3,,,
overalt,d0-l34-v06.mp3,,,
at skrive (skrev),d0-l34-v08.mp3,,,
at vente på,d0-l34-v09.mp3,,,
et svar,d0-l34-v10.mp3,,,
en mobil,d0-l34-v13.mp3,,,
livet,d0-l34-v14.mp3,,,
en pensionist,d0-l34-v15.mp3,,,
en besøgsven,d0-l34-v16.mp3,,,
en ordning,d0-l34-v18.mp3,,,
fortiden,d0-l34-v20.mp3,,,
bedsteforældre,d0-l34-v21.mp3,,,
utænkelig,d0-l34-v23.mp3,,,
"— Var noget bedre dengang? — Hmm… vi havde mere tid, tror jeg. Man skrev breve og ventede på svar. I dag skal alt gå så hurtigt!",d0-l34-r1.mp3,,,
livet er nemmere nu,d0-l34-l6.mp3,,,
"Frivillige besøger ældre, som er alene, drikker kaffe og snakker en time om ugen.",d0-l34-r9.mp3,,,
mange pensionister arbejder frivilligt,d0-l34-l10.mp3,,,
"De fleste ældre bor ikke hos deres børn, som man gør i mange andre lande — de bliver i deres egen bolig, så længe de kan.",d0-l34-r13.mp3,,,
bedsteforældre passer tit børnebørnene,d0-l34-l17.mp3,,,
Jeg skal til møde klokken ti i morgen.,d0-l35-a.mp3,,,
"Arbejdslivet i Danmark Danskerne arbejder typisk 37 timer om ugen, og balancen mellem arbejde og familie tages alvorligt. De fleste går hjem klokken fire, fordi de skal hente børn. Næsten alle er medlem af en fagforening og en a-kasse — hvis man mister sit job, får man hjælp og penge i en periode. Mange arbejdspladser har flekstid: Man møder mellem syv og ni og går tilsvarende tidligt eller sent. Og frokostpausen er hellig — man spiser sammen, og der tales om alt andet end arbejde! Det danske arbejdsmarked bygger på tillid. Chefen sidder tit i samme rum som alle andre, man siger du til hinanden, og gode idéer må komme fra alle — også fra den nyeste medarbejder. Møderne er korte, beslutninger diskuteres åbent, og når noget går galt, leder man efter en løsning, ikke efter en skyldig. Der findes også et særligt ord: arbejdsglæde. Danskerne forventer faktisk, at arbejdet skal være rart — og undersøgelser viser, at de er blandt de mest tilfredse medarbejdere i verden. Hvis man ikke trives, taler man med sin leder om det"," det ses ikke som en klage, men som et vigtigt signal. Og fremtiden? Mange brancher kommer til at mangle hænder, især inden for sundhed, byggeri og it. Så hvis du er ved at vælge en uddannelse, er det klogt at spørge, hvor jobbene findes om ti år. Din a-kasse og dit jobcenter kan hjælpe med netop det spørgsmål. Samtale: den første dag — Velkommen, Amir! Skal jeg vise dig rundt? — Ja tak. Jeg er lidt nervøs, må jeg indrømme. — Det skal du ikke være. Klokken ni holder vi et kort morgenmøde, og bagefter viser jeg dig dit skrivebord. — Hvornår holder man frokostpause? — Halv tolv. Vi spiser sammen i kantinen — og husk: dér taler vi ikke om arbejde! — Ha! Det har jeg hørt. Og hvem skal jeg spørge, hvis jeg har problemer med computeren? — Du skriver bare til Jonas fra it. Og i morgen skal du til møde med din mentor. — En mentor? Det lyder godt. Hvad laver man sammen med sin mentor? — I spiser frokost sammen en gang om ugen og taler om alt det nye. — Det bliver jeg glad for. — Ja, alle nye medarbejdere får en. Om en måned kommer du til at kende huset bedre end mig! — Det tror jeg nu ikke. Men jeg glæder mig til at komme i gang. — Godt. Og en sidste ting: Vi siger du til alle — også til direktøren. — Det skal jeg nok vænne mig til!",d0-l35-t.mp3,,
Jeg starter i morgen.,d0-l35-c1.mp3,,,
Jeg skal til møde klokken ti.,d0-l35-c2.mp3,,,
Det kommer til at regne.,d0-l35-c3.mp3,,,
De fleste er medlem af en a-kasse.,d0-l35-c4.mp3,,,
et arbejdsliv,d0-l35-v01.mp3,,,
en balance,d0-l35-v02.mp3,,,
en fagforening,d0-l35-v03.mp3,,,
en a-kasse,d0-l35-v04.mp3,,,
at miste,d0-l35-v05.mp3,,,
en periode,d0-l35-v06.mp3,,,
en arbejdsplads,d0-l35-v07.mp3,,,
flekstid,d0-l35-v08.mp3,,,
en frokostpause,d0-l35-v09.mp3,,,
at møde,d0-l35-v11.mp3,,,
alvorligt,d0-l35-v13.mp3,,,
hellig,d0-l35-v14.mp3,,,
tillid,d0-l35-v15.mp3,,,
en medarbejder,d0-l35-v16.mp3,,,
en beslutning,d0-l35-v17.mp3,,,
arbejdsglæde,d0-l35-v18.mp3,,,
at trives,d0-l35-v19.mp3,,,
en branche,d0-l35-v20.mp3,,,
en mentor,d0-l35-v23.mp3,,,
"De fleste går hjem klokken fire, fordi de skal hente børn.",d0-l35-r1.mp3,,,
jeg skal til møde i morgen,d0-l35-l8.mp3,,,
"Chefen sidder tit i samme rum som alle andre, man siger du til hinanden, og gode idéer må komme fra alle — også fra den nyeste medarbejder.",d0-l35-r10.mp3,,,
jeg trives på mit arbejde,d0-l35-l11.mp3,,,
— Hvornår holder man frokostpause? — Halv tolv. Vi spiser sammen i kantinen — og husk: dér taler vi ikke om arbejde!,d0-l35-r14.mp3,,,
Kunne du flytte mit møde til på torsdag?,d0-l36-a.mp3,,,
"Telefonen ringer — Nordvest Køkken, det er Mette. — Hej Mette, det er Amir. Jeg ringer, fordi jeg er syg i dag. Jeg har feber. — Åh, god bedring! Skal jeg sige det til chefen? — Ja tak. Og kunne du flytte mit møde til på torsdag? — Selvfølgelig. Ville du også have, at jeg ringer til kunden? — Det ville være dejligt. Tusind tak, Mette. — Det var så lidt. Kom dig nu — vi ses, når du er rask! Telefonkultur på danske arbejdspladser er enkel: Man præsenterer sig altid med navn, kommer hurtigt til sagen og siger pænt farvel. Lange indledninger er ikke nødvendige — et venligt ""Jeg ringer, fordi…"" er den perfekte start. Får du en telefonsvarer, så læg en kort besked: dit navn, dit nummer og hvorfor du ringer. Mange danskere tager ikke telefonen, hvis de ikke kender nummeret — men de ringer tilbage, når de har hørt beskeden. En sms er også helt i orden, hvis det ikke haster. Skal du melde dig syg, så gør det tidligt om morgenen — helst inden arbejdsdagen begynder — og til den rigtige person. Sig kort, at du er syg, og hvornår du regner med at komme tilbage. Ingen forventer detaljer om din sygdom"," ""Jeg er ikke frisk i dag"" er nok. Og når du er rask igen, siger du bare: ""Tak for forståelsen."" Den svære kunst at ringe op De fleste udlændinge synes, at telefonen er den sværeste del af sproget — man kan ikke se ansigtet, og der er ingen tid til at slå ord op. Men der findes gode tricks. Skriv tre linjer, før du ringer: hvem du er, hvorfor du ringer, og hvad du gerne vil have. Så styrer du samtalen i stedet for at lede efter ordene. Taler personen for hurtigt, må du gerne sige det: ""Undskyld, kunne du tale lidt langsommere?"" Ingen bliver sure — de fleste sætter faktisk pris på, at du spørger. Forstod du ikke det hele, så gentag det vigtigste med dine egne ord: ""Så mødet flyttes til torsdag klokken ti — er det rigtigt forstået?"" Den lille sætning redder mange misforståelser. Og husk smilet. Man kan faktisk høre i telefonen, om du smiler — stemmen bliver lysere og venligere. Derfor sidder mange professionelle med et lille spejl foran sig, når de ringer. Prøv det selv: Træk vejret, smil, og sig dit navn tydeligt. Så er den svære kunst allerede halvt lært.",d0-l36-t.mp3,,
Det er Amir.,d0-l36-c1.mp3,,,
Kunne du give ham en besked?,d0-l36-c2.mp3,,,
Jeg ville gerne tale med Mette.,d0-l36-c3.mp3,,,
Jeg melder mig syg i dag.,d0-l36-c4.mp3,,,
at ringe til,d0-l36-v01.mp3,,,
at melde sig syg,d0-l36-v03.mp3,,,
at komme sig,d0-l36-v06.mp3,,,
kunne,d0-l36-v07.mp3,,,
ville,d0-l36-v08.mp3,,,
et øjeblik,d0-l36-v11.mp3,,,
at stille om,d0-l36-v12.mp3,,,
optaget,d0-l36-v13.mp3,,,
i røret,d0-l36-v14.mp3,,,
at præsentere sig,d0-l36-v15.mp3,,,
en telefonsvarer,d0-l36-v16.mp3,,,
at regne med,d0-l36-v18.mp3,,,
forståelse,d0-l36-v19.mp3,,,
at slå op,d0-l36-v20.mp3,,,
en misforståelse,d0-l36-v21.mp3,,,
tydeligt,d0-l36-v22.mp3,,,
at sætte pris på,d0-l36-v23.mp3,,,
"— Hej Mette, det er Amir. Jeg ringer, fordi jeg er syg i dag. Jeg har feber. — Åh, god bedring! Skal jeg sige det til chefen? — Ja tak. Og kunne du flytte mit møde til på torsdag?",d0-l36-r1.mp3,,,
kunne du hjælpe mig,d0-l36-l7.mp3,,,
"Mange danskere tager ikke telefonen, hvis de ikke kender nummeret — men de ringer tilbage, når de har hørt beskeden.",d0-l36-r10.mp3,,,
jeg er ikke frisk i dag,d0-l36-l11.mp3,,,
"Forstod du ikke det hele, så gentag det vigtigste med dine egne ord: ""Så mødet flyttes til torsdag klokken ti — er det rigtigt forstået?""",d0-l36-r14.mp3,,,
kunne du tale lidt langsommere,d0-l36-l18.mp3,,,
Jeg købte jakken for tre år siden.,d0-l37-a.mp3,,,
"Tøj med god samvittighed Danskerne elsker genbrugstøj — og det er ikke kun for at spare penge. Hver tredje dansker købte brugt tøj sidste år, fordi det er bedre for miljøet. Nyt tøj produceres tit langt væk og rejser tusindvis af kilometer. Derfor siger mange: Køb mindre, køb bedre kvalitet, og brug tøjet længere! For ti år siden var genbrug lidt pinligt — i dag er det moderne. De smarteste fund? En vinterjakke til halvtreds kroner og en helt ny skjorte, som stadig havde prismærke på! Vil du selv i gang med genbrug, er det nemt. Næsten alle byer har genbrugsbutikker, som drives af organisationer som Røde Kors — tøjet er billigt, og pengene går til velgørenhed. Om sommeren holdes der loppemarkeder i parker og baggårde, hvor helt almindelige familier sælger tøj og ting, de ikke længere bruger. Danskerne handler også brugt på nettet. Man tager et billede af jakken, skriver størrelsen og prisen, og et par dage senere hentes den af en glad køber. På den måde får tøjet et længere liv, og begge parter sparer penge. Et sidste praktisk råd om tøj i Danmark: Vejret bestemmer! En god regnjakke og et par varme støvler er vigtigere end det fineste mærke. Som danskerne siger: Der findes ikke dårligt vejr — kun forkert tøj. Den sætning har du hørt før, og nu forstår du, hvorfor den passer perfekt i et land, hvor det regner hver tredje dag. Samtale: i genbrugsbutikken — Hej! Sig til, hvis du skal have hjælp. — Tak. Jeg kigger efter en varm vinterjakke. — Vi fik faktisk nye ting ind for to dage siden. Jakkerne hænger derovre. — Den her er flot. Hvad koster den? — Firs kroner. Den er næsten som ny. — Firs kroner? Det er billigere, end jeg troede. — Ja, priserne her er lave. Hvilken størrelse skal du bruge? — Det er en medium. Må jeg foreslå, at du prøver den? Prøverummet er bagved. — … Nå, hvad synes du? — Den passer perfekt! Og farven klæder dig. — Så tager jeg den. Kan man bytte, hvis den alligevel er for lille derhjemme? — Ja, inden for fjorten dage — bare gem kvitteringen. — Perfekt. Og går pengene virkelig til velgørenhed? — Ja, hver eneste krone. Vi er alle sammen frivillige her. — Så føles det endnu bedre. Jeg købte min sidste jakke for fem år siden — det var på tide! — Ha! Så håber jeg, at denne her også holder i fem år.",d0-l37-t.mp3,,,
Jeg købte den for tre år siden.,d0-l37-c1.mp3,,,
Må jeg prøve den?,d0-l37-c3.mp3,,,
Den passer perfekt!,d0-l37-c4.mp3,,,
en skjorte,d0-l37-v03.mp3,,,
bukser,d0-l37-v04.mp3,,,
en kjole,d0-l37-v05.mp3,,,
sko,d0-l37-v06.mp3,,,
miljøet,d0-l37-v11.mp3,,,
kvalitet,d0-l37-v12.mp3,,,
pinlig,d0-l37-v13.mp3,,,
at sælge,d0-l37-v17.mp3,,,
at spare,d0-l37-v19.mp3,,,
en regnjakke,d0-l37-v20.mp3,,,
et prøverum,d0-l37-v21.mp3,,,
at klæde (nogen),d0-l37-v23.mp3,,,
"Hver tredje dansker købte brugt tøj sidste år, fordi det er bedre for miljøet.",d0-l37-r1.mp3,,,
den passer perfekt,d0-l37-l8.mp3,,,
"Næsten alle byer har genbrugsbutikker, som drives af organisationer som Røde Kors — tøjet er billigt, og pengene går til velgørenhed.",d0-l37-r10.mp3,,,
tøjet får et længere liv,d0-l37-l11.mp3,,,
"— Kan man bytte, hvis den alligevel er for lille derhjemme? — Ja, inden for fjorten dage — bare gem kvitteringen.",d0-l37-r14.mp3,,,
Vi hjælper hinanden i opgangen.,d0-l83-a.mp3,,,
"Opgangen på Parkvej 12 Amir og Sara har boet i deres opgang i et halvt år, og de kender nu deres naboer — på den danske måde. Underboen, fru Jensen på 78, siger altid «godmorgen» og ikke mere. Men da Sara var syg, stod der pludselig en gryde suppe foran døren — med en lille seddel: «God bedring. Ingen grund til at sige tak.» Overboen Jonas spiller trommer. Første gang var det et problem: Amir bankede forsigtigt på og sagde: «Undskyld, men vi skal tidligt op — kan du måske spille før klokken otte om aftenen?» Jonas smilede: «Selvfølgelig! Sig til, hvis I kan høre mig.» Nu hilser de på hinanden hver dag, og Jonas har lært Amirs søn tre rytmer. Genboen Fatima og Sara skiftes til at tage imod pakker for hinanden — og hver december hænger nogen en juledekoration på alle døre i opgangen. Ingen ved hvem. Sådan er dansk naboskab: stille, men varmt. I vaskekælderen hænger husordenen: Vask mellem 7 og 21. Tøm maskinen. Og nederst med håndskrift: «Og smil til hinanden — det koster ikke noget!»",d0-l83-t.mp3,,,
Vi bor i samme opgang.,d0-l83-c1.mp3,,,
Vi hilser på hinanden.,d0-l83-c2.mp3,,,
Kan du tage imod en pakke for mig?,d0-l83-c3.mp3,,,
Man må ikke spille høj musik efter 22.,d0-l83-c4.mp3,,,
et naboskab,d0-l83-v01.mp3,,,
en opgang,d0-l83-v02.mp3,,,
en genbo,d0-l83-v03.mp3,,,
en underbo,d0-l83-v04.mp3,,,
en overbo,d0-l83-v05.mp3,,,
fællesarealer,d0-l83-v06.mp3,,,
en gård,d0-l83-v07.mp3,,,
en vaskekælder,d0-l83-v08.mp3,,,
en husorden,d0-l83-v09.mp3,,,
at hilse på,d0-l83-v10.mp3,,,
at tage imod,d0-l83-v12.mp3,,,
en gryde,d0-l83-v15.mp3,,,
en seddel,d0-l83-v16.mp3,,,
at skiftes til,d0-l83-v17.mp3,,,
trommer,d0-l83-v18.mp3,,,
"Underboen, fru Jensen på 78, siger altid «godmorgen» og ikke mere. Men da Sara var syg, stod der pludselig en gryde suppe foran døren — med en lille seddel: «God bedring. Ingen grund til at sige tak.»",d0-l83-r1.mp3,,,
"Amir bankede forsigtigt på og sagde: «Undskyld, men vi skal tidligt op — kan du måske spille før klokken otte om aftenen?» Jonas smilede: «Selvfølgelig!»",d0-l83-r2.mp3,,,
vi hilser på hinanden hver dag,d0-l83-l9.mp3,,,
Ved kommunalvalg kan udlændinge også stemme.,d0-l84-a.mp3,,,
"Amirs første valg En november-tirsdag ligger der et brev i postkassen: et valgkort med Amirs navn. Han læser det to gange. — Sara! Jeg kan stemme! Til kommunalvalget! På sprogskolen taler klassen om det hele ugen. Læreren forklarer: — Kommunen bestemmer over det, I møder hver dag: børnehaver, skoler, busser, biblioteker. Derfor er kommunalvalget vigtigt — også for jer. Amir læser om partierne. Et parti, som vil bygge flere cykelstier. Et andet, der lover kortere ventetid hos lægen. Han ser en valgdebat på biblioteket, hvor kandidaterne svarer på spørgsmål — også et spørgsmål fra en kursist fra hans klasse! På valgdagen går han til valgstedet på skolen. Køen er kort, stemningen er rolig — der er kaffe og æbleskiver. I stemmeboksen står han lidt længe med stemmesedlen. Så sætter han sit kryds. Om aftenen ser familien valgresultaterne i tv. Hans parti fik ikke flest stemmer — men det er lige meget. — I Iran drømte jeg om det her, siger han stille. — I dag satte jeg et kryds, og det talte.",d0-l84-t.mp3,,,
Hvem stemmer du på?,d0-l84-c1.mp3,,,
Valgkortet kommer med posten.,d0-l84-c3.mp3,,,
"et parti, som kæmper for miljøet",d0-l84-c4.mp3,,,
et demokrati,d0-l84-v01.mp3,,,
et valg,d0-l84-v02.mp3,,,
et folketingsvalg,d0-l84-v03.mp3,,,
et kommunalvalg,d0-l84-v04.mp3,,,
at stemme på,d0-l84-v05.mp3,,,
en stemme,d0-l84-v06.mp3,,,
et parti,d0-l84-v07.mp3,,,
en kandidat,d0-l84-v08.mp3,,,
et valgkort,d0-l84-v09.mp3,,,
et valgsted,d0-l84-v10.mp3,,,
en stemmeseddel,d0-l84-v11.mp3,,,
en stemmeboks,d0-l84-v12.mp3,,,
et kryds,d0-l84-v13.mp3,,,
at bestemme over,d0-l84-v14.mp3,,,
en ventetid,d0-l84-v16.mp3,,,
et valgresultat,d0-l84-v17.mp3,,,
æbleskiver,d0-l84-v18.mp3,,,
"— Kommunen bestemmer over det, I møder hver dag: børnehaver, skoler, busser, biblioteker. Derfor er kommunalvalget vigtigt — også for jer.",d0-l84-r1.mp3,,,
"— I Iran drømte jeg om det her, siger han stille. — I dag satte jeg et kryds, og det talte.",d0-l84-r2.mp3,,,
valgkortet kommer med posten,d0-l84-l9.mp3,,,
Tusind tak for i aften — det var virkelig hyggeligt.,d0-l85-a.mp3,,,
"Middag hos Mette og Lars Klokken 18.58 står Amir og Sara foran døren med en buket tulipaner. I Danmark kommer man præcis — hverken for tidligt eller for sent. — Kom indenfor! Hvor er det dejligt at se jer! I stuen dufter der af stegt kylling. Børnene forsvinder straks op på værelset for at lege. — Værsgo, sæt jer! Tag selv — der er rigeligt! Under middagen taler de om alt: børnehaven, ferieplaner, Lars' nye kolonihave. Amir fortæller om persisk mad, og Mette vil have opskriften på hans ris. — Den bytter jeg gerne for din æblekage-opskrift! Lars løfter glasset: — Skål for gode naboer! Alle ser hinanden i øjnene — Sara har lært reglen og smiler til hver enkelt. Til kaffen spørger Mette: — Må jeg byde på mere kage? — Ellers tak, jeg er helt mæt. Men det smagte fantastisk! Klokken 22.30 rejser gæsterne sig — i Danmark bliver man ikke for længe. — Tusind tak for i aften! Det var virkelig hyggeligt. — Selv tak! Vi gør det snart igen — næste gang hos jer? — Meget gerne! Så laver jeg persisk! Næste morgen sender Sara en sms: «Tak for sidst! Sikke en dejlig aften 😊» — og Mette svarer med opskriften på æblekagen.",d0-l85-t.mp3,,,
Skal vi tage noget med?,d0-l85-c1.mp3,,,
Kom indenfor!,d0-l85-c2.mp3,,,
"Værsgo, tag selv!",d0-l85-c3.mp3,,,
Skål — og se hinanden i øjnene!,d0-l85-c4.mp3,,,
"en gæst, gæster",d0-l85-v01.mp3,,,
en vært / en værtinde,d0-l85-v02.mp3,,,
at invitere til middag,d0-l85-v03.mp3,,,
at tage noget med,d0-l85-v04.mp3,,,
en buket,d0-l85-v05.mp3,,,
tulipaner,d0-l85-v06.mp3,,,
kom indenfor,d0-l85-v07.mp3,,,
at dufte af,d0-l85-v08.mp3,,,
stegt kylling,d0-l85-v09.mp3,,,
rigeligt,d0-l85-v10.mp3,,,
en opskrift,d0-l85-v11.mp3,,,
at løfte glasset,d0-l85-v13.mp3,,,
at byde på,d0-l85-v15.mp3,,,
ellers tak,d0-l85-v16.mp3,,,
at rejse sig,d0-l85-v17.mp3,,,
sikke en …,d0-l85-v18.mp3,,,
Klokken 18.58 står Amir og Sara foran døren med en buket tulipaner. I Danmark kommer man præcis — hverken for tidligt eller for sent.,d0-l85-r1.mp3,,,
"Amir fortæller om persisk mad, og Mette vil have opskriften på hans ris. — Den bytter jeg gerne for din æblekage-opskrift!",d0-l85-r2.mp3,,,
skål for gode naboer,d0-l85-l10.mp3,,,
Jeg vil gerne søge om friplads til min datter.,d0-l86-a.mp3,,,
"Et brev fra kommunen En dag taler Amir med sin kollega Lars om børnehavens pris. — Betaler I fuld pris? spørger Lars. — Har I søgt om friplads? — Friplads? Hvad er det? — Hvis man ikke tjener så meget, betaler kommunen en del af prisen. Det er helt normalt at søge — det er jeres ret! Samme aften går Amir ind på borger.dk med sit MitID. Han finder blanketten: «Ansøgning om økonomisk friplads». Han udfylder den — indkomst, husleje, børn — og trykker send. Ti minutter, færdig. Tre uger senere ligger der en afgørelse i e-Boks: «Kommunen har behandlet jeres ansøgning. I får 60 procents friplads fra den 1. i næste måned.» Sara regner efter: Det er næsten tusind kroner om måneden! — Hvorfor har ingen fortalt os det før? spørger hun. — Lars siger, at systemet er godt, men man skal selv spørge, svarer Amir. — Ingen kommer og banker på døren med penge! Han skriver det bag på sin ordbog, som en regel til alle nye danskere: Spørg. Søg. Og læs brevene fra kommunen — de handler om dine penge!",d0-l86-t.mp3,,,
Jeg vil gerne søge om boligstøtte.,d0-l86-c1.mp3,,,
Hvordan søger man om friplads?,d0-l86-c2.mp3,,,
Afgørelsen kommer inden fire uger.,d0-l86-c3.mp3,,,
Jeg vil gerne klage over afgørelsen.,d0-l86-c4.mp3,,,
borgerservice,d0-l86-v02.mp3,,,
at søge om,d0-l86-v03.mp3,,,
en boligstøtte,d0-l86-v05.mp3,,,
en friplads,d0-l86-v06.mp3,,,
en indkomst,d0-l86-v07.mp3,,,
at behandle,d0-l86-v09.mp3,,,
en afgørelse,d0-l86-v10.mp3,,,
e-Boks,d0-l86-v11.mp3,,,
at klage over,d0-l86-v12.mp3,,,
en klagefrist,d0-l86-v13.mp3,,,
en del af,d0-l86-v15.mp3,,,
at regne efter,d0-l86-v16.mp3,,,
at trykke,d0-l86-v17.mp3,,,
normalt,d0-l86-v18.mp3,,,
«Kommunen har behandlet jeres ansøgning. I får 60 procents friplads fra den 1. i næste måned.» Sara regner efter: Det er næsten tusind kroner om måneden!,d0-l86-r1.mp3,,,
"— Lars siger, at systemet er godt, men man skal selv spørge, svarer Amir. — Ingen kommer og banker på døren med penge!",d0-l86-r2.mp3,,,
det er jeres ret,d0-l86-l9.mp3,,,
læs brevene fra kommunen,d0-l86-l10.mp3,,,
"Har du hørt, at busserne bliver billigere?",d0-l87-a.mp3,,,
"Amirs medievaner Klokken 6.45, mens kaffen brygger, hører Amir Radioavisen. Fem minutter — han forstår måske halvdelen, men hver uge lidt mere. I bussen læser han DR Ligetil på telefonen: nyheder på let dansk. I dag: «Flere kommuner gør busserne billigere for unge.» Han forstår hvert ord — og gemmer sætningen til frokostpausen. Ved frokosten prøver han den: — Har I hørt, at busserne bliver billigere for unge i nogle kommuner? — Nej, hvor har du læst det? spørger Lars. — På DR Ligetil. Jeg læser det hver morgen. — Smart! Min datter så en dokumentar i går om unge og mobiler — den skal I se. Den ligger på DR's app. Om aftenen ser familien dokumentaren — med danske undertekster. Sara skriver tre nye ord ned. Amir sætter farten ned til 0,8 — pædagogen i filmen taler hurtigt! Før han sover, tænker han: For et år siden var dansk tv bare støj. Nu er det historier. Og i morgen ved frokosten har han noget at fortælle — det stod der jo i nyhederne.",d0-l87-t.mp3,,,
"Har du hørt, at …?",d0-l87-c1.mp3,,,
"Jeg læste i avisen, at …",d0-l87-c2.mp3,,,
DR Ligetil — nyheder på let dansk,d0-l87-c3.mp3,,,
Kan du slå underteksterne til?,d0-l87-c4.mp3,,,
"en nyhed, nyheder",d0-l87-v01.mp3,,,
Radioavisen,d0-l87-v03.mp3,,,
en dokumentar,d0-l87-v04.mp3,,,
en podcast,d0-l87-v05.mp3,,,
undertekster,d0-l87-v06.mp3,,,
at slå til,d0-l87-v07.mp3,,,
på let dansk,d0-l87-v08.mp3,,,
at brygge,d0-l87-v10.mp3,,,
en medievane,d0-l87-v11.mp3,,,
at gemme,d0-l87-v12.mp3,,,
at sætte farten ned,d0-l87-v13.mp3,,,
støj,d0-l87-v14.mp3,,,
det stod der i …,d0-l87-v15.mp3,,,
hvor har du læst det?,d0-l87-v16.mp3,,,
hver morgen,d0-l87-v17.mp3,,,
I bussen læser han DR Ligetil på telefonen: nyheder på let dansk. I dag: «Flere kommuner gør busserne billigere for unge.» Han forstår hvert ord — og gemmer sætningen til frokostpausen.,d0-l87-r1.mp3,,,
For et år siden var dansk tv bare støj. Nu er det historier.,d0-l87-r2.mp3,,,
hvor har du læst det,d0-l87-l9.mp3,,,
det stod der i nyhederne,d0-l87-l10.mp3,,,
"Jeg tror, jeg bor her rigtigt nu.",d0-l88-a.mp3,,,
"En måned som aktiv borger Første lørdag: Opgangens arbejdsdag. Amir maler hegnet sammen med Jonas, og fru Jensen serverer kaffe. Om aftenen kender han tre naboer mere. Anden uge: Der ligger et valgkort i e-Boks — kommunalvalg om en måned. Amir læser om partierne på DR Ligetil og spørger ved frokosten: «Hvem bestemmer egentlig over cykelstierne?» Diskussionen varer hele pausen. Tredje weekend: Middag hos Mette og Lars — og denne gang inviterer Amir og Sara tilbage: «Næste måned hos os. Vi laver persisk!» Mette tager imod med et stort smil: «Endelig! Jeg har ventet på den invitation!» Samme uge: Afgørelsen om friplads kommer. Sara hænger brevet på køleskabet — som en lille medalje. Sidste fredag: Ved frokosten fortæller Amir en nyhed fra Radioavisen — og for første gang retter ingen hans dansk. De diskuterer bare nyheden. Om aftenen skriver han i dagbogen: «I denne måned har jeg malet et hegn, læst om partier, inviteret gæster, fået en afgørelse og fortalt nyheder. På dansk. Jeg tror, jeg bor her rigtigt nu.»",d0-l88-t.mp3,,,
I dag satte jeg et kryds!,d0-l88-c2.mp3,,,
Spørg. Søg. Læs brevene!,d0-l88-c4.mp3,,,
en aktiv borger,d0-l88-v01.mp3,,,
et hegn,d0-l88-v03.mp3,,,
at servere,d0-l88-v04.mp3,,,
at invitere tilbage,d0-l88-v05.mp3,,,
endelig,d0-l88-v07.mp3,,,
en medalje,d0-l88-v09.mp3,,,
at rette,d0-l88-v10.mp3,,,
at diskutere,d0-l88-v11.mp3,,,
rigtigt,d0-l88-v12.mp3,,,
Samme uge: Afgørelsen om friplads kommer. Sara hænger brevet på køleskabet — som en lille medalje.,d0-l88-r1.mp3,,,
Ved frokosten fortæller Amir en nyhed fra Radioavisen — og for første gang retter ingen hans dansk. De diskuterer bare nyheden.,d0-l88-r2.mp3,,,
"endelig, jeg har ventet på den invitation",d0-l88-l9.mp3,,,
"jeg tror, jeg bor her rigtigt nu",d0-l88-l10.mp3,,,
"Jeg synes, at mit liv her bliver bedre og bedre.",d0-l38-a.mp3,,,
"En besked til min ven Hej Reza! Jeg håber, at du har det godt. Jeg har boet i Danmark i tre år nu, og jeg synes, at mit liv her bliver bedre og bedre. For to måneder siden fik jeg nyt arbejde. Hvis alt går godt, bliver jeg fastansat til sommer! Mine kolleger er søde, og der tales kun dansk i frokostpausen — det er den bedste sprogskole! I weekenden skal vi til sankthans hos min nabo. Jeg ved ikke, om det regner, men det bliver hyggeligt. Da jeg kom hertil, kunne jeg ingenting sige. Nu fortæller jeg historier på dansk! Kunne du tænke dig at besøge mig til sommer? Jeg glæder mig til at vise dig det hele. Kærlig hilsen, Amir En uge senere kom der svar: Kære Amir! Tusind tak for din besked — den gjorde mig glad. Tillykke med det nye arbejde! Jeg synes, at du klarer dig fantastisk. Jeg kan huske, at du for tre år siden ikke turde bestille en kaffe på dansk — og nu fortæller du historier! Jeg vil meget gerne besøge dig til sommer. Kunne vi tage til en festival sammen? Jeg har hørt, at der spilles musik i parkerne hele juli, og at det tit er gratis. Skriv, hvornår det passer bedst, og om jeg skal tage noget med. Min mor siger, at hun gerne vil sende safran med til din nabo! Vi ses til sommer — og så taler vi kun dansk, ikke? Kærlig hilsen, Reza Samtale: Reza ringer til Amir — Hej Amir, det er Reza! Kan du tale nu? — Reza! Ja, selvfølgelig. Hvor er det godt at høre din stemme. — Jeg har købt billetten! Jeg lander i København den tredje juli. — Fantastisk! Så henter jeg dig i lufthavnen. Hvis toget ikke er forsinket, er jeg der klokken to. — Super. Du, jeg er lidt nervøs — forstår jeg mon noget, når alle taler dansk? — Bare rolig. Du siger bare, at de skal tale langsommere. Det gør de gerne. — Og hvad skal vi lave? — Lørdag skal vi til loppemarked, og om aftenen holder min nabo grillfest. Der tales kun dansk, så du lærer mere på én aften end i ti lektioner! — Ha! Min mor spørger stadig, om din nabo fik safranen. — Ja, og hun blev så glad, at hun bagte en kage til os. Den var bedre end alt, hvad jeg har smagt i Danmark. — Nu glæder jeg mig endnu mere. Vi ses om to uger! — Vi ses, min ven — og husk: Fra nu af taler vi kun dansk!",d0-l38-t.mp3,,,
"Han siger, at han ikke kan komme.",d0-l38-c1.mp3,,,
Kunne du hjælpe mig?,d0-l38-c4.mp3,,,
at håbe,d0-l38-v01.mp3,,,
fastansat,d0-l38-v02.mp3,,,
hertil,d0-l38-v04.mp3,,,
kunne du tænke dig …?,d0-l38-v05.mp3,,,
at vise,d0-l38-v06.mp3,,,
kærlig hilsen,d0-l38-v08.mp3,,,
bedre og bedre,d0-l38-v09.mp3,,,
at turde (turde),d0-l38-v12.mp3,,,
at lande,d0-l38-v20.mp3,,,
en grillfest,d0-l38-v21.mp3,,,
mon,d0-l38-v22.mp3,,,
en lektion,d0-l38-v23.mp3,,,
"En besked til min ven Hej Reza! Jeg håber, at du har det godt. Jeg har boet i Danmark i tre år nu, og jeg synes, at mit liv her bliver bedre og bedre. For to måneder siden fik jeg nyt arbejde. Hvis alt går godt, bliver jeg fastansat til sommer! Mine kolleger er søde, og der tales kun dansk i frokostpausen — det er den bedste sprogskole! I weekenden skal vi til sankthans hos min nabo. Jeg ved ikke, om det regner, men det bliver hyggeligt. Da jeg kom hertil, kunne jeg ingenting sige. Nu fortæller jeg historier på dansk! Kunne du tænke dig at besøge mig til sommer? Jeg glæder mig til at vise dig det hele. Kærlig hilsen, Amir",d0-l38-r2.mp3,,,
kunne du tænke dig at besøge mig,d0-l38-l10.mp3,,,
"Jeg kan huske, at du for tre år siden ikke turde bestille en kaffe på dansk — og nu fortæller du historier!",d0-l38-r12.mp3,,,
tillykke med det nye arbejde,d0-l38-l13.mp3,,,
"— Lørdag skal vi til loppemarked, og om aftenen holder min nabo grillfest. Der tales kun dansk, så du lærer mere på én aften end i ti lektioner!",d0-l38-r16.mp3,,,
Jeg vil gerne uddanne mig til social- og sundhedsassistent.,d0-l121-a.mp3,,,
"Mit navn er Reza, og jeg er 34 år. Da jeg kom til Danmark, havde jeg allerede en uddannelse fra mit hjemland, men den blev desværre ikke anerkendt her. Derfor besluttede jeg at starte forfra. Først gik jeg på sprogskole, og bagefter tilmeldte jeg mig VUC, hvor man kan tage folkeskolens og gymnasiets fag som voksen. Jeg valgte dansk og matematik på niveau G, fordi jeg gerne vil uddanne mig til social- og sundhedsassistent. Min vejleder forklarede, at jeg kan søge SU, når jeg læser på fuld tid, og at et AMU-kursus er en hurtigere vej, hvis man bare mangler et enkelt bevis. Det svære er ikke selve fagene, men at få hverdagen til at hænge sammen, når man både har familie og lektier. Alligevel er jeg glad, for hver gang jeg består en prøve, kommer jeg tættere på mit mål. Om to år håber jeg at være i gang med selve uddannelsen.",d0-l121-t.mp3,,,
Jeg har tilmeldt mig et kursus på VUC.,d0-l121-c1.mp3,,,
Jeg vil gerne uddanne mig til pædagog.,d0-l121-c2.mp3,,,
Jeg går på AMU for at lære at køre truck.,d0-l121-c3.mp3,,,
"Man kan søge SU, når man læser på fuld tid.",d0-l121-c4.mp3,,,
Jeg tager matematik på niveau G først.,d0-l121-c5.mp3,,,
at uddanne sig til,d0-l121-v02.mp3,,,
en voksenuddannelse (VUC),d0-l121-v05.mp3,,,
et fag,d0-l121-v06.mp3,,,
en vejleder,d0-l121-v08.mp3,,,
at søge SU,d0-l121-v09.mp3,,,
på fuld tid,d0-l121-v10.mp3,,,
at bestå en prøve,d0-l121-v11.mp3,,,
et bevis,d0-l121-v12.mp3,,,
at blive anerkendt,d0-l121-v13.mp3,,,
"Jeg valgte dansk og matematik på niveau G, fordi jeg gerne vil uddanne mig til social- og sundhedsassistent. Min vejleder forklarede, at jeg kan søge SU, når jeg læser på fuld tid.",d0-l121-r1.mp3,,,
"Først gik jeg til egen læge, og så blev jeg henvist til en speciallæge.",d0-l122-a.mp3,,,
"For tre måneder siden begyndte jeg at have ondt i knæet, især når jeg gik på trapper. Til at begynde med troede jeg, at det gik over af sig selv, men smerten blev værre. Derfor bestilte jeg en tid hos min egen læge. Hun undersøgte knæet grundigt og sagde, at jeg havde brug for en scanning. Så blev jeg henvist til en speciallæge på hospitalet. Desværre var der lang ventetid, næsten to måneder, fordi det ikke var akut. Hvis smerten pludselig var blevet meget værre, kunne jeg have ringet til lægevagten om aftenen eller til 1-1-2 i et nødstilfælde. Da jeg endelig kom til speciallægen, blev jeg undersøgt igen, og han forklarede roligt, hvad jeg selv kunne gøre. Nu træner jeg hver dag, og det hjælper faktisk. Jeg har lært, at man i Danmark næsten altid starter hos sin egen læge, og at tålmodighed er en stor del af systemet.",d0-l122-t.mp3,,,
Jeg blev henvist til en speciallæge.,d0-l122-c1.mp3,,,
Man skal bestille en tid hos egen læge.,d0-l122-c2.mp3,,,
Der var lang ventetid til undersøgelsen.,d0-l122-c3.mp3,,,
Ved akut sygdom ringer man til lægevagten.,d0-l122-c4.mp3,,,
Patienten blev indlagt på hospitalet.,d0-l122-c5.mp3,,,
en egen læge,d0-l122-v01.mp3,,,
en speciallæge,d0-l122-v02.mp3,,,
en henvisning,d0-l122-v03.mp3,,,
at blive henvist til,d0-l122-v04.mp3,,,
lægevagten,d0-l122-v08.mp3,,,
en undersøgelse,d0-l122-v09.mp3,,,
at blive indlagt,d0-l122-v10.mp3,,,
en scanning,d0-l122-v11.mp3,,,
et nødstilfælde,d0-l122-v12.mp3,,,
en patient,d0-l122-v13.mp3,,,
at have ondt i,d0-l122-v14.mp3,,,
"Så blev jeg henvist til en speciallæge på hospitalet. Desværre var der lang ventetid, næsten to måneder, fordi det ikke var akut.",d0-l122-r1.mp3,,,
Jeg opsagde lejligheden skriftligt med tre måneders varsel.,d0-l123-a.mp3,,,
"Sidste måned skulle vi flytte, fordi vores gamle lejlighed var blevet for lille til familien. Det var både spændende og lidt stressende. Først fandt vi en større lejlighed og underskrev en lejekontrakt, hvor huslejen og depositummet stod tydeligt. Depositummet var tre måneders husleje, hvilket var mange penge på én gang. Da vi flyttede ind, gik vi rundt sammen med udlejeren og skrev alle fejl og mangler ned, så vi ikke skulle betale for dem senere. Samtidig opsagde vi den gamle lejlighed skriftligt med tre måneders varsel, præcis som der stod i kontrakten. Det vigtigste, min nabo mindede mig om, var at lave en flyttemeddelelse på borger.dk, så min nye adresse blev registreret. Hvis man glemmer det, kan man få problemer med posten og med kommunen. Nu er vi faldet til ro i det nye hjem, og jeg er glad for, at vi gjorde alting ordentligt fra starten.",d0-l123-t.mp3,,,
Jeg har underskrevet en lejekontrakt.,d0-l123-c1.mp3,,,
Depositummet er tre måneders husleje.,d0-l123-c2.mp3,,,
Jeg opsagde lejligheden med tre måneders varsel.,d0-l123-c3.mp3,,,
Vi skrev alle fejl og mangler ned ved indflytning.,d0-l123-c4.mp3,,,
Jeg flytter ind på lørdag.,d0-l123-c5.mp3,,,
et opsigelsesvarsel,d0-l123-v07.mp3,,,
fejl og mangler,d0-l123-v08.mp3,,,
en flyttemeddelelse,d0-l123-v09.mp3,,,
at flytte ind,d0-l123-v11.mp3,,,
at flytte ud,d0-l123-v12.mp3,,,
at underskrive,d0-l123-v13.mp3,,,
"Da vi flyttede ind, gik vi rundt sammen med udlejeren og skrev alle fejl og mangler ned, så vi ikke skulle betale for dem senere.",d0-l123-r1.mp3,,,
Ifølge nyhederne handler sagen om stigende huslejer i de store byer.,d0-l124-a.mp3,,,
"I aftes så jeg nyhederne på TV 2, og en historie fangede virkelig min opmærksomhed. Ifølge nyhederne har flere unge svært ved at finde en billig bolig i de store byer. Det handler om, at huslejen er steget meget hurtigere end lønnen. En ekspert forklarede, at problemet især rammer studerende, som ikke har en fast indtægt. Bagefter talte jeg med min nabo om det, og vi var faktisk lidt uenige. På den ene side synes jeg, at kommunerne bør bygge flere små, billige lejligheder. På den anden side mener min nabo, at det vigtigste er at skabe flere job, så folk kan betale huslejen. Vi blev enige om, at der ikke findes én nem løsning. Jeg kan godt lide at følge med i nyhederne, fordi det giver mig noget at tale om, og fordi jeg lærer mange nye ord. Samtidig træner jeg at forklare min egen mening på dansk.",d0-l124-t.mp3,,,
Ifølge DR stiger priserne på mad.,d0-l124-c1.mp3,,,
Nyheden handler om det nye klimaforslag.,d0-l124-c2.mp3,,,
"Forskerne mener, at vejret bliver varmere.",d0-l124-c3.mp3,,,
"Jeg er enig, men jeg forstår også den anden side.",d0-l124-c4.mp3,,,
"På den ene side er det dyrt, på den anden side er det nødvendigt.",d0-l124-c5.mp3,,,
en nyhed,d0-l124-v01.mp3,,,
et medie,d0-l124-v02.mp3,,,
ifølge,d0-l124-v03.mp3,,,
at handle om,d0-l124-v04.mp3,,,
en ekspert,d0-l124-v06.mp3,,,
"at mene, at",d0-l124-v07.mp3,,,
at være enig,d0-l124-v09.mp3,,,
at være uenig,d0-l124-v10.mp3,,,
en løsning,d0-l124-v11.mp3,,,
en indtægt,d0-l124-v12.mp3,,,
at følge med i,d0-l124-v13.mp3,,,
at stige,d0-l124-v14.mp3,,,
"Ifølge nyhederne har flere unge svært ved at finde en billig bolig i de store byer. Det handler om, at huslejen er steget meget hurtigere end lønnen.",d0-l124-r1.mp3,,,
Det er vigtigt at spare på energien og sortere affaldet derhjemme.,d0-l125-a.mp3,,,
"I vores familie er vi begyndt at tænke mere over miljøet, og det er faktisk blevet en naturlig del af hverdagen. Vi sorterer affaldet i køkkenet, så glas, pap, plast og madaffald kommer i hver sin beholder. I starten virkede det besværligt, men nu husker selv børnene det. Vi prøver også at spare på energien: vi slukker lyset, når vi forlader et rum, og vi tager kortere bade. Om sommeren tørrer vi tøjet udenfor i stedet for at bruge tørretumbleren. Jeg synes, at små ændringer betyder noget, når mange gør det samme. Derfor bør vi alle gøre en indsats, også selvom vi har travlt. Selvfølgelig kan én familie ikke redde klimaet alene, men det er vigtigt at begynde et sted. Sidste weekend afleverede vi gammelt tøj og elektronik på genbrugspladsen, og det gav en god følelse. For mig handler det ikke om at være perfekt, men om at gøre lidt bedre hver dag.",d0-l125-t.mp3,,,
Vi bør sortere vores affald derhjemme.,d0-l125-c1.mp3,,,
Det er vigtigt at spare på energien.,d0-l125-c2.mp3,,,
"Husk at slukke lyset, når du går.",d0-l125-c3.mp3,,,
"Vi genbruger glas, pap og plast.",d0-l125-c4.mp3,,,
Man skal aflevere flasker i containeren.,d0-l125-c5.mp3,,,
et klima,d0-l125-v02.mp3,,,
at sortere affald,d0-l125-v03.mp3,,,
et affald,d0-l125-v04.mp3,,,
en beholder,d0-l125-v05.mp3,,,
at spare på,d0-l125-v06.mp3,,,
en energi,d0-l125-v07.mp3,,,
at slukke,d0-l125-v08.mp3,,,
genbrug,d0-l125-v09.mp3,,,
at genbruge,d0-l125-v10.mp3,,,
en genbrugsplads,d0-l125-v11.mp3,,,
en indsats,d0-l125-v12.mp3,,,
en ændring,d0-l125-v13.mp3,,,
Om sommeren tørrer vi tøjet udenfor i stedet for at bruge tørretumbleren.,d0-l125-r1.mp3,,,
"Jeg har erfaring med kundeservice, og jeg er god til at samarbejde.",d0-l126-a.mp3,,,
"I sidste uge var jeg til min første jobsamtale i Danmark, og selvom jeg var nervøs, gik det bedre end forventet. Jeg havde læst jobopslaget grundigt og skrevet en kort, motiveret ansøgning, hvor jeg forklarede, hvorfor jeg passede til stillingen. Til samtalen fortalte jeg, at jeg har erfaring med kundeservice, og at jeg er god til at samarbejde og holde hovedet koldt, når der er travlt. Chefen spurgte selvfølgelig om mine styrker og svagheder. Jeg svarede ærligt, at min styrke er, at jeg er ansvarlig og lærer hurtigt. Min svaghed er, at jeg nogle gange bruger for lang tid på detaljer, men jeg arbejder bevidst på at blive bedre til at prioritere. Til sidst spurgte jeg selv om arbejdstiderne og om mulighederne for at udvikle mig. Chefen virkede tilfreds, og et par dage senere fik jeg beskeden om, at jeg havde fået jobbet. Jeg var meget stolt, for det var mit første job her.",d0-l126-t.mp3,,,
Jeg har erfaring med kundeservice.,d0-l126-c1.mp3,,,
Jeg er god til at samarbejde med andre.,d0-l126-c2.mp3,,,
"Jeg søger stillingen, fordi jeg vil udvikle mig.",d0-l126-c3.mp3,,,
"Min styrke er, at jeg er ansvarlig.",d0-l126-c4.mp3,,,
"Min svaghed er, at jeg nogle gange er for detaljeorienteret.",d0-l126-c5.mp3,,,
et CV,d0-l126-v03.mp3,,,
et jobopslag,d0-l126-v04.mp3,,,
at søge et job,d0-l126-v06.mp3,,,
en stilling,d0-l126-v07.mp3,,,
en erfaring,d0-l126-v08.mp3,,,
en styrke,d0-l126-v09.mp3,,,
en svaghed,d0-l126-v10.mp3,,,
motiveret,d0-l126-v11.mp3,,,
ansvarlig,d0-l126-v12.mp3,,,
at samarbejde,d0-l126-v13.mp3,,,
at udvikle sig,d0-l126-v14.mp3,,,
"Min svaghed er, at jeg nogle gange bruger for lang tid på detaljer, men jeg arbejder bevidst på at blive bedre til at prioritere.",d0-l126-r1.mp3,,,
"Min styrke er, at jeg er ansvarlig og lærer hurtigt.",d0-l126-l5.mp3,,,
"Jeg synes, at filmen var bedre end bogen, fordi slutningen var mere overraskende.",d0-l147-a.mp3,,,
"I lørdags var jeg i biografen med min ven Rasmus. Vi så en dansk film om en familie, der flytter fra byen ud på landet. Jeg synes, at filmen var rigtig god, fordi skuespillerne var overbevisende, og musikken passede perfekt til stemningen. Rasmus var ikke helt enig. Han mente, at historien var langsommere end de film, han normalt ser, og at slutningen var lidt for forudsigelig. Bagefter gik vi på en lille café for at diskutere. Jeg sagde, at det var den bedste danske film, jeg havde set i lang tid, mens Rasmus mente, at koncerten, vi var til i sidste måned, var en større oplevelse. Til sidst blev vi enige om én ting: det er sjovere at opleve kultur sammen end alene. Næste gang vil vi prøve et museum, for der er en ny udstilling om moderne kunst, som begge synes lyder spændende.",d0-l147-t.mp3,,,
"Jeg synes, at koncerten var fantastisk.",d0-l147-c1.mp3,,,
Filmen var mere spændende end bogen.,d0-l147-c2.mp3,,,
Det var den bedste udstilling i år.,d0-l147-c3.mp3,,,
"Jeg kunne ikke lide slutningen, fordi den var forudsigelig.",d0-l147-c4.mp3,,,
"Billetten var billigere, end jeg troede.",d0-l147-c5.mp3,,,
et museum,d0-l147-v02.mp3,,,
en oplevelse,d0-l147-v05.mp3,,,
at anmelde,d0-l147-v06.mp3,,,
en anmeldelse,d0-l147-v07.mp3,,,
forudsigelig,d0-l147-v09.mp3,,,
en skuespiller,d0-l147-v10.mp3,,,
en slutning,d0-l147-v11.mp3,,,
stemning,d0-l147-v14.mp3,,,
"Rasmus var ikke helt enig. Han mente, at historien var langsommere end de film, han normalt ser, og at slutningen var lidt for forudsigelig.",d0-l147-r1.mp3,,,
"Det var den bedste udstilling, jeg har set.",d0-l147-l4.mp3,,,
Vi vil gerne på museum næste weekend.,d0-l147-l12.mp3,,,
"Åbn appen, log ind og husk at logge ud, når du er færdig.",d0-l148-a.mp3,,,
"Min mormor på 72 ville gerne lære at bruge netbank, så jeg besøgte hende i weekenden for at hjælpe. Først downloadede vi bankens app på hendes telefon. ""Hvad gør jeg nu?"" spurgte hun. ""Det er nemt,"" sagde jeg. ""Åbn appen, indtast dit brugernavn og log ind med koden fra banken."" Hun var lidt nervøs for sikkerheden. ""Er det farligt?"" spurgte hun. Jeg forklarede, at det er sikkert, hvis man passer på: del aldrig din kode, log altid ud, når du er færdig, og tryk kun på links, du stoler på. Vi øvede sammen: hun betalte en regning, bookede en tid hos lægen og tjekkede sin saldo. Til sidst smilede hun stolt. ""Nu kan jeg selv,"" sagde hun. ""Men hvis jeg glemmer det, ringer jeg til dig!"" Jeg skrev en kort vejledning på et stykke papir, så hun kunne følge trinene: åbn, log ind, vælg, bekræft, og log ud.",d0-l148-t.mp3,,,
Log ind med dit NemID.,d0-l148-c1.mp3,,,
Tryk på knappen for at bekræfte.,d0-l148-c2.mp3,,,
Husk at logge ud bagefter.,d0-l148-c3.mp3,,,
Del aldrig din kode med andre.,d0-l148-c4.mp3,,,
Vælg et sikkert kodeord.,d0-l148-c5.mp3,,,
en app,d0-l148-v01.mp3,,,
at logge ud,d0-l148-v04.mp3,,,
et kodeord,d0-l148-v05.mp3,,,
et brugernavn,d0-l148-v06.mp3,,,
at booke,d0-l148-v07.mp3,,,
at bekræfte,d0-l148-v08.mp3,,,
en knap,d0-l148-v09.mp3,,,
at indtaste,d0-l148-v10.mp3,,,
sikkerhed,d0-l148-v11.mp3,,,
at downloade,d0-l148-v12.mp3,,,
en saldo,d0-l148-v14.mp3,,,
"del aldrig din kode, log altid ud, når du er færdig, og tryk kun på links, du stoler på.",d0-l148-r1.mp3,,,
"Husk at logge ud, når du er færdig.",d0-l148-l11.mp3,,,
"Man skal spise mange grøntsager, og grøntsagerne skæres i små stykker.",d0-l149-a.mp3,,,
"Sund mad behøver ikke at være kedelig eller dyr. Ifølge de danske kostråd skal man spise mange grøntsager, fuldkorn og fisk, og man bør skære ned på sukker og rødt kød. Det vigtigste er variation: man skal ikke spise det samme hver dag. Her er en nem opskrift på en grøn suppe. Man skal bruge en løg, to gulerødder, en broccoli, en liter vand og lidt salt. Først skæres løget og gulerødderne i små stykker. Derefter koges grøntsagerne i vandet i tyve minutter. Til sidst blandes det hele, og suppen krydres med salt og peber. Man kan tilsætte en spiseskefuld fløde, hvis man vil have den lidt federe. Min læge siger altid, at sunde vaner er vigtigere end en enkelt sund dag. Man skal bevæge sig hver dag, sove nok og spise regelmæssigt. Det lyder simpelt, men det er svært at holde fast i. Alligevel prøver jeg, for jeg har det bedre, når jeg passer på min krop.",d0-l149-t.mp3,,,
Man skal spise mindre sukker.,d0-l149-c1.mp3,,,
Grøntsagerne skæres i små stykker.,d0-l149-c2.mp3,,,
Æggene røres i dejen.,d0-l149-c3.mp3,,,
Man bør drikke to liter vand om dagen.,d0-l149-c4.mp3,,,
Tilsæt en spiseskefuld olie.,d0-l149-c5.mp3,,,
sundhed,d0-l149-v01.mp3,,,
et kostråd,d0-l149-v03.mp3,,,
en grøntsag,d0-l149-v04.mp3,,,
fuldkorn,d0-l149-v05.mp3,,,
at skære,d0-l149-v07.mp3,,,
at koge,d0-l149-v08.mp3,,,
at røre,d0-l149-v09.mp3,,,
at blande,d0-l149-v10.mp3,,,
en spiseskefuld,d0-l149-v11.mp3,,,
en vane,d0-l149-v12.mp3,,,
at bevæge sig,d0-l149-v13.mp3,,,
regelmæssigt,d0-l149-v14.mp3,,,
Først skæres løget og gulerødderne i små stykker. Derefter koges grøntsagerne i vandet i tyve minutter.,d0-l149-r1.mp3,,,
"Toget var forsinket i to timer, så jeg klagede til togselskabet.",d0-l150-a.mp3,,,
"Sidste sommer rejste min familie og jeg til Norge. Vi havde planlagt turen i flere måneder: vi bookede et hus i bjergene, købte togbilletter og pakkede vores kufferter. Alt så perfekt ud, indtil vi kom til stationen. Toget til Oslo var forsinket i næsten to timer, fordi der var problemer på sporet. Vi ventede utålmodigt på perronen, og min lille søn blev sur og træt. Da vi endelig kom frem, var det sent om aftenen, og restauranten på hotellet var lukket. Vi spiste bare noget brød og gik i seng. Heldigvis blev resten af ferien meget bedre. Vi vandrede i bjergene, sejlede på en fjord og så det smukkeste landskab, jeg nogensinde har oplevet. Da vi kom hjem, skrev jeg alligevel en klage til togselskabet over forsinkelsen, og en måned senere fik vi en delvis refusion. Trods den dårlige start var det en tur, jeg aldrig vil glemme.",d0-l150-t.mp3,,,
Vi tog toget til København.,d0-l150-c1.mp3,,,
Flyet var forsinket i tre timer.,d0-l150-c2.mp3,,,
Jeg bookede et hotel online.,d0-l150-c3.mp3,,,
Jeg vil gerne klage over forsinkelsen.,d0-l150-c4.mp3,,,
Vi fløj til Spanien i sommer.,d0-l150-c5.mp3,,,
en rejse,d0-l150-v01.mp3,,,
en forsinkelse,d0-l150-v05.mp3,,,
at klage,d0-l150-v07.mp3,,,
en refusion,d0-l150-v08.mp3,,,
et landskab,d0-l150-v11.mp3,,,
at vandre,d0-l150-v12.mp3,,,
et togselskab,d0-l150-v14.mp3,,,
"Toget til Oslo var forsinket i næsten to timer, fordi der var problemer på sporet.",d0-l150-r1.mp3,,,
Vi havde planlagt turen i flere måneder.,d0-l150-l11.mp3,,,
"Jeg er kommet i bedre form, efter jeg begyndte.",d0-l175-a.mp3,,,
"At holde sig i form I Danmark dyrker rigtig mange mennesker motion, men ikke altid i et dyrt fitnesscenter. Faktisk er foreningsidræt tit både billigere og sjovere. I den lokale forening spiller man fodbold, håndbold eller badminton sammen med naboerne, og kontingentet koster kun nogle få hundrede kroner om året. Sara har prøvet begge dele. Før gik hun i fitnesscenter tre gange om ugen, men hun syntes, det var kedeligt at træne alene. Nu spiller hun håndbold i en forening, og hun synes, det er lige så god motion — bare mere socialt. »Jeg er faktisk kommet i bedre form, efter jeg begyndte,« siger hun, »for jeg møder op hver gang. Man svigter ikke sit hold.« Hendes bror Aziz løber i stedet. Løb er billigere end alt andet, mener han, for man skal kun bruge et par gode sko. Han løber hurtigere nu end for et år siden, og en tur i skoven gør ham mere rolig end en hel weekend på sofaen. »Det vigtigste er ikke at være hurtigst,« siger han. »Det vigtigste er at blive ved.«",d0-l175-t.mp3,,,
Fodbold er billigere end fitness.,d0-l175-c1.mp3,,,
Han løber hurtigere end mig.,d0-l175-c2.mp3,,,
Svømning er lige så sund som løb.,d0-l175-c3.mp3,,,
Yoga er ikke så hårdt som løb.,d0-l175-c4.mp3,,,
Løb er mere populært end tennis.,d0-l175-c5.mp3,,,
foreningsidræt (en),d0-l175-v02.mp3,,,
at dyrke motion,d0-l175-v03.mp3,,,
at holde sig i form,d0-l175-v04.mp3,,,
at svigte,d0-l175-v09.mp3,,,
en motionsvane,d0-l175-v13.mp3,,,
socialt,d0-l175-v14.mp3,,,
at blive ved,d0-l175-v15.mp3,,,
"Nu spiller hun håndbold i en forening, og hun synes, det er lige så god motion — bare mere socialt.",d0-l175-r1.mp3,,,
Løb er billigere end alt andet,d0-l175-l7.mp3,,,
"»Det vigtigste er ikke at være hurtigst,« siger han. »Det vigtigste er at blive ved.«",d0-l175-r10.mp3,,,
Det kan betale sig at spare op.,d0-l176-a.mp3,,,
"Er det pengene værd? Sara og Aziz bor sammen, og en gang om måneden sætter de sig ned og kigger på familiens budget. »Det lyder kedeligt,« siger Sara, »men det giver ro. Vi ved altid, hvor pengene bliver af.« Deres regel er enkel. Først betaler de husets faste udgifter — husleje, el og forsikring. Bagefter lægger de lidt til side hver måned. »Selv hundrede kroner om ugen bliver til mange penge på et år,« siger Aziz. »Opsparing handler ikke om at være rig. Det handler om at planlægge.« De kigger også på ugens tilbud, før de handler. Hvis kaffen er på tilbud, køber de to pakker, for det kan betale sig. Men de passer på med impulskøb. »Butikkens trick er at gøre alt lækkert lige ved kassen,« griner Sara. »En chokolade her, et blad der — pludselig er indkøbskurvens pris dobbelt så høj.« »Det vigtigste,« siger Aziz til sidst, »er ikke, hvor meget man tjener. Det er, hvor meget man beholder.«",d0-l176-t.mp3,,,
Saras budget er stramt.,d0-l176-c1.mp3,,,
Månedens tilbud er godt.,d0-l176-c2.mp3,,,
Jeg sparer op hver måned.,d0-l176-c3.mp3,,,
Det kan betale sig at vente på tilbud.,d0-l176-c4.mp3,,,
Familiens økonomi er sund.,d0-l176-c5.mp3,,,
et budget,d0-l176-v01.mp3,,,
en opsparing,d0-l176-v02.mp3,,,
at spare op,d0-l176-v03.mp3,,,
en rabat,d0-l176-v05.mp3,,,
et impulskøb,d0-l176-v06.mp3,,,
en udgift,d0-l176-v07.mp3,,,
en forsikring,d0-l176-v09.mp3,,,
at handle,d0-l176-v10.mp3,,,
det kan betale sig,d0-l176-v13.mp3,,,
faste udgifter,d0-l176-v14.mp3,,,
at beholde,d0-l176-v16.mp3,,,
En gang om måneden sætter de sig ned og kigger på familiens budget.,d0-l176-r1.mp3,,,
Det kan betale sig at spare op,d0-l176-l7.mp3,,,
"»Butikkens trick er at gøre alt lækkert lige ved kassen,« griner Sara.",d0-l176-r10.mp3,,,
Antallet af rygere er faldet fra 32 til 14 procent.,d0-l39-a.mp3,,,
"Danskernes sundhed i tal Danskerne lever sundere end for tyve år siden. Antallet af rygere er faldet fra 32 procent til under 14 procent, og flere og flere motionerer i deres fritid. Hver tredje voksne løber eller cykler mindst en gang om ugen. Men der er også dårlige nyheder: Mange unge sover for lidt, og antallet af stressede danskere stiger. Eksperterne siger, at balancen er vigtigst — sund mad, motion og god søvn. I Danmark spiller kommunerne en vigtig rolle for sundheden. Der tilbydes gratis rygestopkurser, og i mange byer er der bygget nye cykelstier, for at flere kan lade bilen stå. Undersøgelser viser, at otte ud af ti danskere mener, at sundhed er et fælles ansvar — ikke kun den enkeltes. Alligevel er der stadig store forskelle: Mennesker med korte uddannelser lever i gennemsnit kortere end mennesker med lange uddannelser, og den forskel er ikke blevet mindre de sidste ti år. Derfor diskuteres det ofte, om sunde varer skal gøres billigere, så alle har råd til at leve sundt. Til prøven skal du kunne beskrive en graf om emnet og give din egen mening. Husk, at gevinsten for helbredet er størst, når man ændrer små ting i hverdagen — og jo tidligere man begynder, jo større bliver gevinsten. Unges søvn — et voksende problem? En ny undersøgelse fra 2024 viser, at næsten fire ud af ti unge mellem 13 og 19 år sover under syv timer på skolenætter — for ti år siden var det kun hver fjerde. Samtidig er antallet af unge, der føler sig stressede i hverdagen, steget fra 21 til 34 procent. Forskerne peger på skærmen som en vigtig årsag: Mange unge tager telefonen med i seng, og det blå lys gør det sværere at falde i søvn. Derfor foreslår nogle politikere, at skolen først skal begynde klokken ni, så de unge kan sove længere. Men ikke alle er enige. Kritikere mener, at senere skolestart bare flytter problemet: Jo senere man står op, jo senere går man i seng. De mener, at forældrene må tage ansvaret og indføre faste sengetider — også for teenagere. Eksperterne står et sted midt imellem: Skolen kan hjælpe, men de gode vaner skabes i hjemmet. Én ting er alle dog enige om: Søvn er ikke luksus — den er en del af et sundt liv.",d0-l39-t.mp3,,,
Antallet af rygere falder.,d0-l39-c1.mp3,,,
Flere og flere træner.,d0-l39-c2.mp3,,,
Hver tredje dansker løber.,d0-l39-c3.mp3,,,
Antallet er steget til 60 procent.,d0-l39-c4.mp3,,,
Sundhed er et fælles ansvar.,d0-l39-c5.mp3,,,
en livsstil,d0-l39-v02.mp3,,,
at stige (steget),d0-l39-v03.mp3,,,
at falde (faldet),d0-l39-v04.mp3,,,
en stigning,d0-l39-v05.mp3,,,
et fald,d0-l39-v06.mp3,,,
antallet af,d0-l39-v07.mp3,,,
procent,d0-l39-v08.mp3,,,
en ryger,d0-l39-v09.mp3,,,
at motionere,d0-l39-v10.mp3,,,
søvn,d0-l39-v11.mp3,,,
stresset,d0-l39-v12.mp3,,,
mindst,d0-l39-v14.mp3,,,
et ansvar,d0-l39-v16.mp3,,,
et helbred,d0-l39-v19.mp3,,,
en gevinst,d0-l39-v20.mp3,,,
en årsag,d0-l39-v21.mp3,,,
at foreslå,d0-l39-v22.mp3,,,
at falde i søvn,d0-l39-v23.mp3,,,
fire ud af ti,d0-l39-v24.mp3,,,
"Antallet af rygere er faldet fra 32 procent til under 14 procent, og flere og flere motionerer i deres fritid.",d0-l39-r1.mp3,,,
flere og flere motionerer,d0-l39-l7.mp3,,,
"Mennesker med korte uddannelser lever i gennemsnit kortere end mennesker med lange uddannelser, og den forskel er ikke blevet mindre de sidste ti år.",d0-l39-r10.mp3,,,
sundhed er et fælles ansvar,d0-l39-l12.mp3,,,
"En ny undersøgelse fra 2024 viser, at næsten fire ud af ti unge mellem 13 og 19 år sover under syv timer på skolenætter — for ti år siden var det kun hver fjerde.",d0-l39-r14.mp3,,,
søvn er ikke luksus,d0-l39-l17.mp3,,,
"Jo mere man træner, jo bedre sover man.",d0-l40-a.mp3,,,
"Debat i frokostpausen — Jeg synes, at alle burde løbe hver morgen. Jo mere man træner, jo mere energi har man! — Jeg er ikke helt enig. Det kommer an på kroppen — for meget løb kan give skader. — Måske. Men på den ene side koster motion tid, på den anden side giver den bedre søvn og humør. — Dér er jeg enig. Jeg cykler selv til arbejde, og jo oftere jeg gør det, jo gladere bliver jeg. — Præcis! Skal vi ikke starte en løbeklub på arbejdet? — God idé — hvis vi løber langsomt! Diskussionen om sund livsstil fylder meget i Danmark. Mange arbejdspladser tilbyder gratis frugt og betalt motion, fordi sunde medarbejdere har mindre sygefravær. Kritikerne mener dog, at sundhed er en privat sag: Arbejdsgiveren skal ikke bestemme, hvad man spiser i sin fritid. Undersøgelser viser, at motivation virker bedre end regler. Jo mere presset man føler sig, jo sværere er det at ændre sine vaner — og forbud virker sjældent. Derfor anbefaler eksperterne små skridt: en kort gåtur efter frokost, lidt mindre skærm om aftenen og flere grøntsager på tallerkenen. Til den mundtlige prøve kan du bruge emnet direkte: Præsentér begge sider, sig din egen mening, og afslut med et kompromis — så viser du, at du kan diskutere på dansk. Læserbrev: Lad voksne mennesker bestemme selv Kære redaktion. I sidste uge foreslog min kommune, at alle medarbejdere skal registrere deres motion i en app. Jeg synes, det går for langt. Selvfølgelig er sundhed vigtig — undersøgelser viser, at medarbejdere, der motionerer, i gennemsnit har 20 procent færre sygedage. Det er godt for alle. Men der er en grænse. Jo mere arbejdspladsen blander sig i vores fritid, jo mindre lyst får vi til at deltage. Motion skal være en glæde, ikke en pligt, og et pres fra chefen virker sjældent. Mine kolleger er delte: Nogle synes, at appen er en sjov konkurrence. Andre føler sig overvåget og melder sig helt ud. Mit forslag er et kompromis: Tilbyd gratis frugt, betal for en løbeklub — og lad så voksne mennesker bestemme selv. Det kommer an på motivation, ikke på kontrol. Med venlig hilsen Mette, 42 år, Aalborg",d0-l40-t.mp3,,,
Jeg er helt enig.,d0-l40-c2.mp3,,,
Det kommer an på tiden.,d0-l40-c3.mp3,,,
På den ene side er det sundt …,d0-l40-c4.mp3,,,
Forbud virker sjældent.,d0-l40-c5.mp3,,,
en debat,d0-l40-v01.mp3,,,
uenig,d0-l40-v03.mp3,,,
det kommer an på,d0-l40-v04.mp3,,,
på den ene side,d0-l40-v05.mp3,,,
på den anden side,d0-l40-v06.mp3,,,
burde,d0-l40-v07.mp3,,,
energi,d0-l40-v08.mp3,,,
et humør,d0-l40-v10.mp3,,,
oftere,d0-l40-v11.mp3,,,
en løbeklub,d0-l40-v12.mp3,,,
for meget,d0-l40-v13.mp3,,,
sygefravær,d0-l40-v15.mp3,,,
et forbud,d0-l40-v17.mp3,,,
en arbejdsgiver,d0-l40-v18.mp3,,,
et skridt,d0-l40-v19.mp3,,,
en gåtur,d0-l40-v20.mp3,,,
at blande sig i,d0-l40-v21.mp3,,,
en pligt,d0-l40-v22.mp3,,,
en glæde,d0-l40-v23.mp3,,,
overvåget,d0-l40-v24.mp3,,,
— Præcis! Skal vi ikke starte en løbeklub på arbejdet? — God idé — hvis vi løber langsomt!,d0-l40-r1.mp3,,,
jeg er helt enig,d0-l40-l6.mp3,,,
"Kritikerne mener dog, at sundhed er en privat sag: Arbejdsgiveren skal ikke bestemme, hvad man spiser i sin fritid.",d0-l40-r9.mp3,,,
forbud virker sjældent,d0-l40-l11.mp3,,,
"Mine kolleger er delte: Nogle synes, at appen er en sjov konkurrence. Andre føler sig overvåget og melder sig helt ud.",d0-l40-r13.mp3,,,
Det er vigtigt at tage en uddannelse.,d0-l41-a.mp3,,,
"Det er aldrig for sent I Danmark er det almindeligt at uddanne sig som voksen. Der er kurser for alle: VUC tilbyder fag fra folkeskolen og gymnasiet, og AMU giver korte kurser til arbejdslivet. Det er muligt at læse om aftenen eller online, mens man arbejder. Mange nye danskere vælger denne vej, fordi det er vigtigt at have papirer på sine kompetencer. Som en kursist på 45 år siger: Det er aldrig for sent at lære noget nyt — der er altid en vej videre! Uddannelse fylder meget i det danske samfund. Undervisningen på universiteterne er gratis, og studerende kan få SU — en støtte fra staten — mens de læser. Det er derfor ikke pengene, der stopper folk"," det er ofte tiden og modet. For voksne indvandrere er sprogskolen det første skridt. Derefter vælger mange en erhvervsuddannelse, hvor teori og praktik kombineres: Man læser nogle måneder og arbejder derefter i en virksomhed. Den model bliver rost i mange andre lande. Statistikken taler sit tydelige sprog: Antallet af voksne, der tager et kursus, er steget de sidste ti år. Det må betyde, at danskerne tror på livslang læring — det er aldrig for sent at åbne en bog. Flere voksne tilbage på skolebænken Antallet af voksne over 30, der begynder på en uddannelse, er steget med 18 procent på fem år, viser nye tal fra Undervisningsministeriet. Især kvinder vender tilbage til skolebænken, og hver fjerde nye studerende på VUC er i dag over 40 år. Det er der flere grunde til. Arbejdsmarkedet forandrer sig hurtigt, og det er blevet nødvendigt at lære nyt hele livet. Samtidig er det muligt at følge undervisningen online, så man kan læse, mens børnene sover. Men udviklingen deler eksperterne. Nogle mener, at det er en succes: Der er brug for flere faglærte, og livslang læring gør samfundet stærkere. Andre advarer: Det er hårdt at arbejde og studere samtidig, og hver tredje voksne studerende gennemfører ikke sin uddannelse. De efterlyser mere støtte — for eksempel bedre mulighed for orlov. Én ting er sikker: Det er ikke længere usædvanligt at sidde til eksamen som 50-årig. Spørgsmålet er, om systemet er klar til de nye studerende.",d0-l41-t.mp3,,
Det er vigtigt at lære dansk.,d0-l41-c1.mp3,,,
Det er aldrig for sent at starte.,d0-l41-c2.mp3,,,
Der er mange muligheder.,d0-l41-c3.mp3,,,
Det er muligt at læse om aftenen.,d0-l41-c4.mp3,,,
"Undervisningen er gratis, og studerende får SU.",d0-l41-c5.mp3,,,
at uddanne sig,d0-l41-v01.mp3,,,
en mulighed,d0-l41-v02.mp3,,,
muligt,d0-l41-v03.mp3,,,
nødvendigt,d0-l41-v04.mp3,,,
almindeligt,d0-l41-v05.mp3,,,
at tilbyde,d0-l41-v06.mp3,,,
"et kursus, kurser",d0-l41-v08.mp3,,,
online,d0-l41-v10.mp3,,,
papirer,d0-l41-v11.mp3,,,
en kompetence,d0-l41-v12.mp3,,,
en vej videre,d0-l41-v13.mp3,,,
en støtte,d0-l41-v15.mp3,,,
staten,d0-l41-v16.mp3,,,
en virksomhed,d0-l41-v18.mp3,,,
livslang læring,d0-l41-v19.mp3,,,
mod,d0-l41-v20.mp3,,,
en skolebænk,d0-l41-v21.mp3,,,
faglært,d0-l41-v22.mp3,,,
at gennemføre,d0-l41-v23.mp3,,,
en orlov,d0-l41-v24.mp3,,,
"Mange nye danskere vælger denne vej, fordi det er vigtigt at have papirer på sine kompetencer.",d0-l41-r1.mp3,,,
det er aldrig for sent,d0-l41-l7.mp3,,,
"Undervisningen på universiteterne er gratis, og studerende kan få SU — en støtte fra staten — mens de læser.",d0-l41-r10.mp3,,,
det er aldrig for sent at åbne en bog,d0-l41-l12.mp3,,,
"Nogle mener, at det er en succes: Der er brug for flere faglærte, og livslang læring gør samfundet stærkere. Andre advarer: Det er hårdt at arbejde og studere samtidig, og hver tredje voksne studerende gennemfører ikke sin uddannelse.",d0-l41-r14.mp3,,,
Loven er blevet ændret.,d0-l42-a.mp3,,,
"Ligestilling i tal For hundrede år siden blev kvinder ikke valgt til Folketinget — i dag er næsten halvdelen af politikerne kvinder. Barslen er blevet ændret, så begge forældre får måneder, der kun kan bruges af dem selv. Alligevel tales der stadig om ligeløn: Kvinders løn er i gennemsnit lavere end mænds. Eksperter siger, at forskellen bliver mindre år for år — men den forsvinder ikke af sig selv. Derfor diskuteres emnet stadig — i medierne, på arbejdspladserne og ved middagsbordene. Ligestilling handler dog ikke kun om løn. I mange familier diskuteres det, hvem der tager barnets første sygedag, og hvem der går ned i tid, mens børnene er små. Tallene viser, at det stadig oftest er kvinden — og det påvirker både karriere og pension. På arbejdsmarkedet sker der også noget: Flere kvinder bliver ledere, og i flere store virksomheder er der indført måltal for at få flere kvinder ind i bestyrelsen. Nogle mener, at det er nødvendigt"," andre synes, at kvalifikationer altid må veje tungest. Til prøven skal du kunne beskrive en graf over løn eller barsel og diskutere begge sider roligt. Brug passiverne aktivt: Loven blev ændret, barslen er blevet delt, og emnet diskuteres stadig — så viser du både sprog og viden. Barsel til begge — hvad siger tallene? Siden reglerne blev ændret i 2022, er fædres andel af barslen steget markant: Før tog fædre i gennemsnit kun cirka en tiendedel af orloven — i dag tages næsten hver fjerde barselsuge af en far. Udviklingen bliver rost af mange eksperter. Når barslen deles mere ligeligt, bliver kvinder ikke længere set som en risiko af arbejdsgiverne, og båndet mellem far og barn styrkes tidligt. Men ordningen er også blevet kritiseret. Nogle familier mener, at der bliver bestemt for meget hen over hovedet på dem: Hvis faren ikke kan tage sine måneder — for eksempel fordi han er selvstændig — bliver ugerne bare væk, og familien mister tid med barnet. De ønsker mere frihed til selv at fordele orloven. Politikerne følger tallene tæt. Målet er klart: Ligestilling skabes ikke ved festtaler, men i hverdagen — ved puslebordet og i køkkenet. Spørgsmålet er, om loven kan ændre kulturen, eller om kulturen skal ændre sig først.",d0-l42-t.mp3,,
Hun bliver valgt.,d0-l42-c1.mp3,,,
Lønnen blev hævet.,d0-l42-c2.mp3,,,
Der tales om ligeløn.,d0-l42-c4.mp3,,,
Flere kvinder bliver ledere.,d0-l42-c5.mp3,,,
at vælge (valgt),d0-l42-v01.mp3,,,
at ændre (ændret),d0-l42-v02.mp3,,,
at hæve,d0-l42-v03.mp3,,,
en lov,d0-l42-v04.mp3,,,
Folketinget,d0-l42-v05.mp3,,,
en politiker,d0-l42-v06.mp3,,,
ligeløn,d0-l42-v08.mp3,,,
lavere,d0-l42-v10.mp3,,,
en forskel,d0-l42-v11.mp3,,,
at forsvinde,d0-l42-v12.mp3,,,
en pension,d0-l42-v16.mp3,,,
en bestyrelse,d0-l42-v17.mp3,,,
at indføre,d0-l42-v18.mp3,,,
en karriere,d0-l42-v19.mp3,,,
en sygedag,d0-l42-v20.mp3,,,
en andel,d0-l42-v21.mp3,,,
at rose (rost),d0-l42-v22.mp3,,,
at kritisere,d0-l42-v23.mp3,,,
selvstændig,d0-l42-v24.mp3,,,
"Alligevel tales der stadig om ligeløn: Kvinders løn er i gennemsnit lavere end mænds. Eksperter siger, at forskellen bliver mindre år for år — men den forsvinder ikke af sig selv.",d0-l42-r1.mp3,,,
loven er blevet ændret,d0-l42-l8.mp3,,,
"Tallene viser, at det stadig oftest er kvinden — og det påvirker både karriere og pension.",d0-l42-r10.mp3,,,
flere kvinder bliver ledere,d0-l42-l12.mp3,,,
"Siden reglerne blev ændret i 2022, er fædres andel af barslen steget markant: Før tog fædre i gennemsnit kun cirka en tiendedel af orloven — i dag tages næsten hver fjerde barselsuge af en far.",d0-l42-r14.mp3,,,
Jeg lærer dansk for at finde et godt job.,d0-l43-a.mp3,,,
"Vejen til det første job Mange nye danskere spørger: Hvordan finder jeg mit første job? Eksperterne svarer: Man skal bruge sit netværk — over halvdelen af alle jobs besættes uden at blive slået op! En praktik er også en god vej: Man arbejder nogle uger for at vise, hvad man kan. Og så er sproget nøglen: Det er svært at komme til samtale uden at kunne dansk. Derfor går mange til danskkurser om aftenen — ikke for at bestå en prøve, men for at åbne en dør. Det danske arbejdsmarked har sin egen kultur. Tonen er uformel, og chefen kaldes ved fornavn. Til en jobsamtale forventes det, at man selv stiller spørgsmål: Man kommer ikke kun for at svare, men også for at vise interesse. Ansøgningen skal være kort og ærlig. Mange virksomheder læser den på under et minut, så de første linjer skal fange læseren — uden at love for meget. Et godt råd er at skrive en ny ansøgning til hvert job i stedet for at sende den samme til alle. CV'et skal være let at læse: uddannelse, erfaring og sprog. Og glem ikke fagforeningen og a-kassen: De fleste danskere er medlem af begge for at være sikret, hvis de mister arbejdet. Det kaldes den danske model — og den er et godt emne at kende til prøven. Udenlandsk arbejdskraft — nødvendig eller et problem? Hver tiende medarbejder på det danske arbejdsmarked er i dag udenlandsk statsborger, og i brancher som rengøring, byggeri og hotel er andelen endnu højere. Uden udenlandsk arbejdskraft ville mange virksomheder ikke kunne besætte deres stillinger — det viser en ny analyse fra arbejdsgiverne. Derfor mener mange virksomhedsledere, at Danmark skal gøre det lettere at hente medarbejdere fra udlandet — ikke for at presse lønnen ned, men for at få hjulene til at køre. Fagbevægelsen ser det lidt anderledes. Den advarer imod, at udenlandske kolleger arbejder uden at kende deres rettigheder — nogle får en løn, som ligger langt under overenskomsten. Løsningen er ifølge fagforeningerne klar: Alle skal arbejde på danske vilkår, uanset hvor de kommer fra. De fleste er dog enige om én ting: Sproget er nøglen til at blive en del af arbejdspladsen — ikke kun for at forstå opgaverne, men også for at være med i småsnakken ved frokostbordet.",d0-l43-t.mp3,,,
Jeg lærer dansk for at finde et job.,d0-l43-c1.mp3,,,
Det er svært uden at tale dansk.,d0-l43-c2.mp3,,,
Mange finder job gennem netværk.,d0-l43-c3.mp3,,,
Hun tog en praktik for at få erfaring.,d0-l43-c4.mp3,,,
Chefen kaldes ved fornavn.,d0-l43-c5.mp3,,,
for at,d0-l43-v01.mp3,,,
uden at,d0-l43-v02.mp3,,,
et netværk,d0-l43-v03.mp3,,,
en praktik,d0-l43-v04.mp3,,,
at besætte,d0-l43-v06.mp3,,,
erfaring,d0-l43-v08.mp3,,,
en nøgle,d0-l43-v09.mp3,,,
at bestå,d0-l43-v10.mp3,,,
en prøve,d0-l43-v11.mp3,,,
at åbne,d0-l43-v12.mp3,,,
gennem,d0-l43-v14.mp3,,,
uformel,d0-l43-v20.mp3,,,
arbejdskraft,d0-l43-v21.mp3,,,
en rettighed,d0-l43-v22.mp3,,,
en overenskomst,d0-l43-v23.mp3,,,
et vilkår,d0-l43-v24.mp3,,,
Man skal bruge sit netværk — over halvdelen af alle jobs besættes uden at blive slået op!,d0-l43-r1.mp3,,,
sproget er nøglen,d0-l43-l8.mp3,,,
"Til en jobsamtale forventes det, at man selv stiller spørgsmål: Man kommer ikke kun for at svare, men også for at vise interesse.",d0-l43-r10.mp3,,,
chefen kaldes ved fornavn,d0-l43-l12.mp3,,,
"Fagbevægelsen ser det lidt anderledes. Den advarer imod, at udenlandske kolleger arbejder uden at kende deres rettigheder — nogle får en løn, som ligger langt under overenskomsten.",d0-l43-r14.mp3,,,
Han må være syg. Han er her ellers altid.,d0-l44-a.mp3,,,
"Hvor er Lars? — Godmorgen! Hvor er Lars? Hans computer er slukket. — Det ved jeg ikke. Han må være syg — han er her ellers altid før otte. — Han kan også være til møde i byen. Det sagde han noget om i går. — Nåh ja! Og har du hørt om den nye afdelingsleder? — Ja, hun skulle være rigtig dygtig. Min veninde har arbejdet sammen med hende. — Det lyder godt. Vi må vente og se! — Ja — og hvis Lars er syg, må vi tage hans møde klokken ti. Småsnak er en vigtig del af arbejdskulturen i Danmark. I frokostpausen tales der om vejret, weekenden og børnene, og her bruges gættesproget hele tiden: Mødet må være blevet aflyst. Toget kan være forsinket. Den nye kollega skulle være rigtig sød. Den slags sætninger gør samtalen blød. Man siger sjældent: Du tager fejl! Man siger: Det kan du have ret i, men det kan også være noget andet. På den måde holder man døren åben, og ingen taber ansigt. Til den mundtlige prøve er gættesproget guld værd. Når du beskriver et billede, ved du jo ikke alt — så gæt højt: Manden må være omkring halvtreds. De kan være i en park. Sådan lyder du naturlig, og du viser tre strukturer på ti sekunder. Trivsel på jobbet — mere end løn En stor undersøgelse af arbejdsmiljøet viser, at syv ud af ti danskere mener, at gode kolleger betyder mere for deres trivsel end lønnen. Den korte snak ved kaffemaskinen er med andre ord ikke spildtid — den må være en del af forklaringen på, at danske arbejdspladser ofte ligger højt i internationale målinger af arbejdsglæde. Men billedet har også en anden side. Efter corona arbejder mange hjemmefra flere dage om ugen, og hver fjerde siger, at de savner fællesskabet på kontoret. Nogle chefer vil derfor have alle tilbage — de mener, at de gode idéer skabes i pauserne, ikke i kalenderen. Andre eksperter ser det anderledes: Frihed og fleksibilitet kan være vigtigere end fælles frokost, og medarbejderne må selv kunne vælge. Måske ligger sandheden i midten. Den nye kollega, der sidder alene derhjemme, skulle efter sigende være dygtig — men ingen på kontoret kender hende endnu. Og det kan være det egentlige problem.",d0-l44-t.mp3,,,
Han må være syg.,d0-l44-c1.mp3,,,
Det kan være rigtigt.,d0-l44-c2.mp3,,,
Chefen skulle være flink.,d0-l44-c3.mp3,,,
Hun må være gået hjem.,d0-l44-c4.mp3,,,
Mødet må være blevet aflyst.,d0-l44-c5.mp3,,,
må være,d0-l44-v01.mp3,,,
kan være,d0-l44-v02.mp3,,,
skulle være,d0-l44-v03.mp3,,,
slukket,d0-l44-v04.mp3,,,
tændt,d0-l44-v05.mp3,,,
ellers,d0-l44-v06.mp3,,,
en afdelingsleder,d0-l44-v07.mp3,,,
dygtig,d0-l44-v08.mp3,,,
flink,d0-l44-v09.mp3,,,
at høre om,d0-l44-v10.mp3,,,
at vente og se,d0-l44-v11.mp3,,,
nåh ja,d0-l44-v12.mp3,,,
at overtage,d0-l44-v13.mp3,,,
dygtigere,d0-l44-v14.mp3,,,
småsnak,d0-l44-v15.mp3,,,
at tage fejl,d0-l44-v18.mp3,,,
at have ret,d0-l44-v19.mp3,,,
trivsel,d0-l44-v21.mp3,,,
fleksibilitet,d0-l44-v24.mp3,,,
"— Og har du hørt om den nye afdelingsleder? — Ja, hun skulle være rigtig dygtig. Min veninde har arbejdet sammen med hende.",d0-l44-r1.mp3,,,
han må være syg,d0-l44-l7.mp3,,,
"Man siger sjældent: Du tager fejl! Man siger: Det kan du have ret i, men det kan også være noget andet.",d0-l44-r10.mp3,,,
toget kan være forsinket,d0-l44-l12.mp3,,,
"En stor undersøgelse af arbejdsmiljøet viser, at syv ud af ti danskere mener, at gode kolleger betyder mere for deres trivsel end lønnen.",d0-l44-r14.mp3,,,
hun skulle være dygtig,d0-l44-l17.mp3,,,
"En fordel er, at man nemt holder kontakt.",d0-l45-a.mp3,,,
"Skærmen og os Danskerne ser mindre og mindre almindeligt tv — men de bruger mere og mere tid på sociale medier. Unge mellem 15 og 25 bruger i gennemsnit over tre timer om dagen på deres telefon. En fordel er, at man nemt holder kontakt — også med familie i andre lande. En ulempe er, at skærmen stjæler tid fra søvn, motion og rigtige samtaler. Efter min mening handler det om balance: Telefonen skal være et værktøj — ikke en chef! Medierne betyder også noget for demokratiet. Færre og færre unge læser aviser, og mange får deres nyheder fra sociale medier, hvor algoritmen vælger, hvad de ser. Derfor tales der meget om falske nyheder og kildekritik: Man skal altid spørge, hvem der står bag en historie, og hvorfor den bliver delt. I de danske skoler undervises der nu i kildekritik, og bibliotekerne tilbyder kurser for voksne. Jo bedre man forstår medierne, jo sværere er det at blive manipuleret. Til prøven kan emnet komme som en graf over skærmtid eller som en debat om sociale medier. Byg dit svar op med den firdelte model — statistik, fordel, ulempe og din egen mening — og slut gerne med et konkret forslag, for eksempel skærmfri aftener i familien. Mobilfri skole — et forsøg der virker? Flere og flere danske skoler samler nu elevernes telefoner ind om morgenen og låser dem inde til klokken 15. På en skole i Jylland, der har prøvet ordningen i et år, fortæller lærerne om markante resultater: Der bliver leget mere i frikvartererne, og koncentrationen i timerne er blevet bedre. En måling blandt eleverne viser, at seks ud af ti faktisk er glade for ordningen — selv om de protesterede højlydt i starten. Men forsøget deler vandene. Tilhængerne mener, at skolen skal være et frirum uden algoritmer, og at børn har ret til en pause fra det sociale pres. Modstanderne peger på, at telefonen også er et værktøj: Eleverne bruger den til at søge information, og forbud lærer dem ikke at bruge medierne fornuftigt — det gør undervisning i kildekritik. Debatten fortsætter ved forældremøderne. Én ting er dog svær at diskutere væk: Jo mindre skærmen fylder i skoletiden, jo mere taler eleverne sammen. Spørgsmålet er, om det samme gælder hjemme i stuen.",d0-l45-t.mp3,,,
en fordel / en ulempe,d0-l45-c1.mp3,,,
Unge bruger tre timer om dagen på skærmen.,d0-l45-c2.mp3,,,
Efter min mening er det for meget.,d0-l45-c3.mp3,,,
Man holder kontakt med familien.,d0-l45-c4.mp3,,,
"Man skal spørge, hvem der står bag.",d0-l45-c5.mp3,,,
"et medie, medier",d0-l45-v01.mp3,,,
sociale medier,d0-l45-v02.mp3,,,
en skærm,d0-l45-v03.mp3,,,
skærmtid,d0-l45-v04.mp3,,,
en fordel,d0-l45-v05.mp3,,,
en ulempe,d0-l45-v06.mp3,,,
at holde kontakt,d0-l45-v07.mp3,,,
at stjæle,d0-l45-v08.mp3,,,
efter min mening,d0-l45-v10.mp3,,,
et værktøj,d0-l45-v12.mp3,,,
nyheder,d0-l45-v13.mp3,,,
at følge med,d0-l45-v14.mp3,,,
en algoritme,d0-l45-v16.mp3,,,
kildekritik,d0-l45-v17.mp3,,,
et forslag,d0-l45-v20.mp3,,,
en tilhænger,d0-l45-v21.mp3,,,
en modstander,d0-l45-v22.mp3,,,
et frirum,d0-l45-v23.mp3,,,
fornuftigt,d0-l45-v24.mp3,,,
"En ulempe er, at skærmen stjæler tid fra søvn, motion og rigtige samtaler.",d0-l45-r1.mp3,,,
efter min mening er det for meget,d0-l45-l7.mp3,,,
"Færre og færre unge læser aviser, og mange får deres nyheder fra sociale medier, hvor algoritmen vælger, hvad de ser.",d0-l45-r10.mp3,,,
færre og færre læser aviser,d0-l45-l12.mp3,,,
"En måling blandt eleverne viser, at seks ud af ti faktisk er glade for ordningen — selv om de protesterede højlydt i starten.",d0-l45-r14.mp3,,,
Det kan bedre betale sig at lave mad selv.,d0-l46-a.mp3,,,
"Hvor bliver pengene af? Priserne på mad er steget meget de sidste år, og mange familier kigger nu på deres budget. Huslejen er den største udgift for de fleste — især i København, hvor det er svært at finde noget billigt. Eksperterne giver tre råd: Lav et budget, lav din egen mad, og køb brugt. Jo bedre man planlægger, jo flere penge har man i slutningen af måneden. Og så det klassiske råd: Spar lidt op hver måned — det kan altid betale sig at have en lille reserve. Danmark er samtidig et af de lande i verden, hvor der betales mest i skat. Til gengæld er lægebesøg, skole og uddannelse gratis, og derfor kaldes modellen ofte velfærdssamfundet. De fleste danskere accepterer den høje skat, fordi de kan se, hvad pengene bruges til. Et andet særligt træk er, at næsten al betaling er digital. Kontanter bruges mindre og mindre, og de fleste betaler med kort eller MobilePay — selv på loppemarkeder. Det er praktisk, men eksperterne advarer: Jo lettere det er at betale, jo hurtigere forsvinder pengene. Til prøven kan emnet komme som en graf over priser eller forbrug. Beskriv udviklingen med statistiksproget, nævn en fordel og en ulempe, og slut med et godt råd — for eksempel at man bør lave et budget og spare op hver måned. Unge og penge — budget eller quicklån? Priserne er steget hurtigere end lønningerne de sidste år, og det kan mærkes hos de yngste voksne. En ny opgørelse viser, at hver sjette dansker under 30 har taget et forbrugslån — ofte med en rente på over 20 procent. Samtidig svarer fire ud af ti unge, at de aldrig har lært at lægge et budget, hverken hjemme eller i skolen. Det bekymrer eksperterne. Nogle mener, at undervisning i privatøkonomi skal være obligatorisk i folkeskolen: Jo tidligere man lærer at styre sine penge, jo mindre er risikoen for gæld. Andre peger på, at problemet ikke er viden, men fristelser: Med MobilePay og et enkelt klik er pengene væk, før man har tænkt sig om. De vil hellere stramme reglerne for hurtige lån og reklamer. Bankerne anbefaler en simpel tommelfingerregel: Betal først de faste udgifter, spar 10 procent op — og brug så resten med god samvittighed. Det lyder kedeligt, men det kan betale sig: En lille reserve gør hverdagen mindre stresset og drømmene mere realistiske.",d0-l46-t.mp3,,,
Vi sparer op til en rejse.,d0-l46-c1.mp3,,,
Priserne er steget i år.,d0-l46-c2.mp3,,,
Huslejen er min største udgift.,d0-l46-c4.mp3,,,
Kontanter bruges mindre og mindre.,d0-l46-c5.mp3,,,
økonomi,d0-l46-v01.mp3,,,
at betale sig,d0-l46-v11.mp3,,,
et råd,d0-l46-v12.mp3,,,
en reserve,d0-l46-v13.mp3,,,
især,d0-l46-v14.mp3,,,
en skat,d0-l46-v15.mp3,,,
et velfærdssamfund,d0-l46-v16.mp3,,,
digital,d0-l46-v18.mp3,,,
at advare,d0-l46-v20.mp3,,,
et lån,d0-l46-v21.mp3,,,
en rente,d0-l46-v22.mp3,,,
gæld,d0-l46-v23.mp3,,,
en fristelse,d0-l46-v24.mp3,,,
"Eksperterne giver tre råd: Lav et budget, lav din egen mad, og køb brugt.",d0-l46-r1.mp3,,,
priserne er steget i år,d0-l46-l7.mp3,,,
"De fleste danskere accepterer den høje skat, fordi de kan se, hvad pengene bruges til.",d0-l46-r10.mp3,,,
kontanter bruges mindre og mindre,d0-l46-l12.mp3,,,
"En ny opgørelse viser, at hver sjette dansker under 30 har taget et forbrugslån — ofte med en rente på over 20 procent.",d0-l46-r14.mp3,,,
priserne er steget hurtigere end lønningerne,d0-l46-l17.mp3,,,
Affaldet sorteres i mange slags.,d0-l47-a.mp3,,,
"Det grønne Danmark Danmark vil være et af verdens grønneste lande. Over halvdelen af strømmen produceres allerede af vindmøller, og målet er endnu højere. I hjemmene sorteres affaldet i mange slags: madaffald, plast, papir, glas og metal. Flere og flere køber brugt, cykler til arbejde og spiser mindre kød — ikke fordi de skal, men fordi de synes, at det giver mening. Som man siger: Der er ikke noget, der hedder dårligt vejr — og heller ikke en for lille indsats. Alt tæller! Klimapolitikken diskuteres også ved middagsbordene. Danmark har sat et ambitiøst mål: CO2-udslippet skal reduceres med 70 procent inden 2030. Nogle mener, at det går for langsomt"," andre peger på, at Danmark allerede sælger grøn teknologi til hele verden. Også maden spiller en rolle. Produktionen af kød belaster klimaet, og derfor serveres der flere grønne retter i kantiner og institutioner. Mange familier har indført en kødfri dag om ugen — ikke som et offer, men som en ny vane. Til prøven skal du kunne læse en graf over CO2 eller affald og diskutere, hvem der har ansvaret: den enkelte, virksomhederne eller politikerne. Det bedste svar er ofte: alle tre — og jo før vi handler, jo billigere bliver det. Flaskepant og genbrug — de små systemer, der virker Danmark har et af verdens mest effektive pantsystemer: Ni ud af ti flasker og dåser bliver afleveret igen og genanvendes. Hvert år betyder det, at over to milliarder stykker emballage ikke ender i naturen. Systemet er så vellykket, at flere lande nu kopierer det. Også genbrugsbutikkerne oplever gyldne tider. Antallet af genbrugsbutikker er steget støt, og især de unge køber brugt tøj — både for at spare penge og for at skåne miljøet. Alligevel er eksperterne ikke helt tilfredse. Nogle peger på, at det vigtigste slet ikke er genbrug, men mindre forbrug: Den grønneste vare er den, der aldrig bliver produceret. Andre svarer, at man skal være realistisk — folk holder ikke op med at købe, så systemerne skal bare gøres bedre og billigere. Måske har begge ret. Pant og genbrug løser ikke klimakrisen alene, men de viser noget vigtigt: Når det gode valg er nemt, vælger de fleste det gode. Og jo nemmere det bliver, jo flere er med.",d0-l47-t.mp3,,
Affaldet sorteres i ti slags.,d0-l47-c1.mp3,,,
Energien produceres af vindmøller.,d0-l47-c2.mp3,,,
Danmark vil være grønnere.,d0-l47-c3.mp3,,,
Vi cykler for at spare CO2.,d0-l47-c4.mp3,,,
Udslippet skal reduceres med 70 procent.,d0-l47-c5.mp3,,,
klimaet,d0-l47-v02.mp3,,,
naturen,d0-l47-v03.mp3,,,
affald,d0-l47-v04.mp3,,,
at sortere,d0-l47-v05.mp3,,,
en vindmølle,d0-l47-v07.mp3,,,
strøm,d0-l47-v08.mp3,,,
vedvarende energi,d0-l47-v09.mp3,,,
et mål,d0-l47-v10.mp3,,,
at tælle,d0-l47-v13.mp3,,,
at give mening,d0-l47-v14.mp3,,,
CO2-udslip,d0-l47-v15.mp3,,,
at reducere,d0-l47-v16.mp3,,,
ambitiøs,d0-l47-v17.mp3,,,
kødfri,d0-l47-v19.mp3,,,
at belaste,d0-l47-v20.mp3,,,
pant,d0-l47-v21.mp3,,,
emballage,d0-l47-v22.mp3,,,
at genanvende,d0-l47-v23.mp3,,,
at skåne,d0-l47-v24.mp3,,,
"Over halvdelen af strømmen produceres allerede af vindmøller, og målet er endnu højere.",d0-l47-r1.mp3,,,
alt tæller,d0-l47-l8.mp3,,,
Danmark har sat et ambitiøst mål: CO2-udslippet skal reduceres med 70 procent inden 2030.,d0-l47-r10.mp3,,,
kød belaster klimaet,d0-l47-l12.mp3,,,
Danmark har et af verdens mest effektive pantsystemer: Ni ud af ti flasker og dåser bliver afleveret igen og genanvendes.,d0-l47-r14.mp3,,,
de unge køber brugt tøj,d0-l47-l17.mp3,,,
"Det er rigtigt, men jeg ser det lidt anderledes.",d0-l48-a.mp3,,,
"Debat: Skal kød være dyrere? — Jeg synes, at kød skal koste mere. Det er bedre for klimaet, hvis vi spiser mindre kød. — Det er rigtigt, at kød påvirker klimaet. Men jeg ser det lidt anderledes: Højere priser rammer familier med små indtægter hårdest. — Godt argument. Men man kan jo spise linser og bønner — de er både billige og grønne! — Måske. Jeg er bare ikke sikker på, at afgifter er den bedste løsning. Hvad med bedre information? — Det kan være rigtigt. Lad os sige: information først, afgifter senere? — Det lyder som et kompromis. Sådan! Den gode debat har sine egne regler i Danmark. Man afbryder ikke, man lytter til modpartens argument, og man angriber sagen — aldrig personen. Derfor hører man ofte sætninger som: Det er en god pointe, eller: Der er noget om det, du siger — selv når man er uenig. I klimadebatten står to hensyn ofte over for hinanden: økonomien og miljøet. En grøn afgift kan virke, men den rammer skævt, hvis den ikke bliver tænkt igennem. Derfor ender mange danske debatter med et kompromis — det kaldes nogle gange samtaledemokrati. Til den mundtlige prøve bliver du ofte bedt om at diskutere med eksaminator. Vis værktøjskassen: Giv modparten lidt ret, sig men, begrund din holdning med fordi — og foreslå til sidst en løsning. Det er præcis den samtale, censor gerne vil høre. Læserbrev: Flyrejser er blevet for billige Kære redaktion. I sidste måned fløj jeg til København for 149 kroner. Togbilletten til samme tur kostede over 600. Er det fornuftigt, når vi ved, at flyet udleder mange gange mere CO2 end toget? Undersøgelser viser, at cirka hver tredje dansker gerne vil flyve mindre af hensyn til klimaet — men når prisen er så lav, vælger de fleste alligevel flyet. Det kan man ikke bebrejde den enkelte: Det er systemet, der er skævt. Nogle vil sige, at en afgift på flyrejser rammer familier med små indtægter. Det er en god pointe, men jeg ser det lidt anderledes: Pengene fra afgiften kan bruges til at gøre toget billigere, så det grønne valg også bliver det billige valg. Jeg siger ikke, at vi aldrig må flyve. Jeg siger bare: Lad os betale den rigtige pris — og lad os give toget en chance. Hvad mener I? Med venlig hilsen Omid, 34 år, Odense",d0-l48-t.mp3,,,
Jeg ser det lidt anderledes.,d0-l48-c1.mp3,,,
"Det er rigtigt, men …",d0-l48-c2.mp3,,,
Hvad mener du?,d0-l48-c3.mp3,,,
Lad os finde en løsning.,d0-l48-c4.mp3,,,
"Der er noget om det, du siger.",d0-l48-c5.mp3,,,
at mene,d0-l48-v01.mp3,,,
at påvirke,d0-l48-v02.mp3,,,
at ramme,d0-l48-v03.mp3,,,
hårdest,d0-l48-v04.mp3,,,
et argument,d0-l48-v05.mp3,,,
en afgift,d0-l48-v06.mp3,,,
et kompromis,d0-l48-v08.mp3,,,
sikker på,d0-l48-v09.mp3,,,
linser,d0-l48-v10.mp3,,,
bønner,d0-l48-v11.mp3,,,
lad os,d0-l48-v12.mp3,,,
sådan,d0-l48-v13.mp3,,,
jo,d0-l48-v14.mp3,,,
at afbryde,d0-l48-v15.mp3,,,
en modpart,d0-l48-v16.mp3,,,
en pointe,d0-l48-v17.mp3,,,
en holdning,d0-l48-v18.mp3,,,
at begrunde,d0-l48-v19.mp3,,,
en eksaminator,d0-l48-v20.mp3,,,
at udlede,d0-l48-v21.mp3,,,
af hensyn til,d0-l48-v22.mp3,,,
at bebrejde,d0-l48-v23.mp3,,,
skæv,d0-l48-v24.mp3,,,
"— Det kan være rigtigt. Lad os sige: information først, afgifter senere? — Det lyder som et kompromis. Sådan!",d0-l48-r1.mp3,,,
hvad mener du,d0-l48-l7.mp3,,,
"Man afbryder ikke, man lytter til modpartens argument, og man angriber sagen — aldrig personen.",d0-l48-r10.mp3,,,
det er en god pointe,d0-l48-l12.mp3,,,
"Nogle vil sige, at en afgift på flyrejser rammer familier med små indtægter. Det er en god pointe, men jeg ser det lidt anderledes: Pengene fra afgiften kan bruges til at gøre toget billigere.",d0-l48-r14.mp3,,,
lad os give toget en chance,d0-l48-l18.mp3,,,
I hovedsætningen står verbet altid på anden plads.,d0-l49-a.mp3,,,
"Det danske sprog — og dig Dansk tales af næsten seks millioner mennesker. Grammatikken er ikke svær: Verberne bøjes ens for alle personer, og der er kun to køn. Det sværeste er ordstillingen — men den har du nu lært! Husk de to kort: I hovedsætningen står verbet altid på anden plads. I ledsætningen står adverbiet før verbet. Når du læser en dansk tekst, kan du nu se maskinen bag sætningerne. Sproget er ikke længere en mur — det er blevet din bro til Danmark. Sprogfolk beskriver den danske sætning med en model, der kaldes sætningsskemaet. Hvert led — subjekt, verbum og adverbium — har sin faste plads, og når man kender skemaet, kan man finde sine egne fejl: Læs din sætning højt, find verbet, og tæl — står det på anden plads? Der er også hjælp at hente i sproget selv. Små ord som fordi, at, hvis, når og som starter altid en ledsætning — de er dine advarselslamper: Nu kommer SAV! Og når ledsætningen står først, begynder hovedsætningen med verbet: Hvis det regner, bliver vi hjemme. Til den skriftlige prøve betaler det sig at bruge fem minutter til sidst på én ting: ordstillingen. Ret verbets plads, og husk, at ordet ikke står før verbet i ledsætningen — så løfter din tekst sig. Sproget er et håndværk, og nu har du værktøjet. Dansk under pres — eller i udvikling? Engelsk fylder mere og mere i hverdagen. På universiteterne udbydes næsten hver tredje uddannelse på engelsk, og i mange virksomheder er arbejdssproget ikke længere dansk. Samtidig låner de unge konstant engelske ord — de 'liker', 'streamer' og 'chiller'. Det bekymrer nogle sprogfolk. De frygter, at dansk taber områder, som det hedder, når et sprog ikke længere bruges inden for fx forskning. Hvis fagsproget kun findes på engelsk, bliver det sværere at tale om vigtige emner på dansk, siger de. Andre forskere ser roligere på udviklingen. Sprog har altid lånt ord af hinanden, påpeger de — dansk er fuldt af gamle lån fra tysk og fransk, og sproget lever i bedste velgående: Der skrives, synges og debatteres på dansk som aldrig før. For dig, der lærer dansk, er debatten faktisk en god nyhed: Danskerne elsker deres sprog og bliver glade, når nye borgere taler det. Hver gang du vælger dansk i stedet for engelsk, stemmer du — med stemmebåndet — for sprogets fremtid.",d0-l49-t.mp3,,,
en sætning,d0-l49-v01.mp3,,,
en hovedsætning,d0-l49-v02.mp3,,,
en ledsætning,d0-l49-v03.mp3,,,
"et verbum, verber",d0-l49-v04.mp3,,,
et adverbium,d0-l49-v05.mp3,,,
ordstilling,d0-l49-v06.mp3,,,
at bøje,d0-l49-v07.mp3,,,
ens,d0-l49-v08.mp3,,,
en maskine,d0-l49-v11.mp3,,,
en mur,d0-l49-v12.mp3,,,
en bro,d0-l49-v13.mp3,,,
bag,d0-l49-v14.mp3,,,
et led,d0-l49-v15.mp3,,,
et subjekt,d0-l49-v16.mp3,,,
et sætningsskema,d0-l49-v17.mp3,,,
en fejl,d0-l49-v18.mp3,,,
højt,d0-l49-v19.mp3,,,
et håndværk,d0-l49-v20.mp3,,,
under pres,d0-l49-v21.mp3,,,
at frygte,d0-l49-v22.mp3,,,
at påpege,d0-l49-v23.mp3,,,
et arbejdssprog,d0-l49-v24.mp3,,,
"Grammatikken er ikke svær: Verberne bøjes ens for alle personer, og der er kun to køn. Det sværeste er ordstillingen — men den har du nu lært!",d0-l49-r1.mp3,,,
sproget er blevet din bro,d0-l49-l7.mp3,,,
"Små ord som fordi, at, hvis, når og som starter altid en ledsætning — de er dine advarselslamper: Nu kommer SAV!",d0-l49-r10.mp3,,,
sproget er et håndværk,d0-l49-l12.mp3,,,
"Andre forskere ser roligere på udviklingen. Sprog har altid lånt ord af hinanden, påpeger de — dansk er fuldt af gamle lån fra tysk og fransk, og sproget lever i bedste velgående.",d0-l49-r14.mp3,,,
"Jo mere hverdagen foregår på dansk, jo hurtigere falder man til.",d0-l89-a.mp3,,,
"To veje til dansk Alle nye danskere kender diskussionen: Hvad kommer først — sproget eller arbejdet? Nogle mener, at sproget er fundamentet: Uden dansk får man ikke rigtige kolleger, kun kolleger, man smiler til. De peger på, at kursister med god dansk hurtigere finder varigt arbejde. Andre siger, at klasseværelset ikke er nok: Man lærer «kaffe-dansk» i frokostpausen, ikke i grammatikbogen. En praktikplads giver sprog, netværk og selvtillid på én gang. Forskningen viser, at kombinationen virker bedst: danskuddannelse OG arbejde eller praktik samtidig. Jo mere hverdagen foregår på dansk — i bussen, i børnehaven, i opgangen — jo hurtigere falder man til. Amir siger det sådan ved sin eksamen: «Mit modersmål er persisk, mit arbejdssprog er dansk — og mine drømme er efterhånden på begge sprog.»",d0-l89-t.mp3,,,
Vi er faldet godt til.,d0-l89-c1.mp3,,,
Sproget er nøglen til arbejde og venner.,d0-l89-c2.mp3,,,
Man lærer hurtigst dansk på en arbejdsplads.,d0-l89-c3.mp3,,,
I Iran gør man X — her gør man Y.,d0-l89-c4.mp3,,,
integration,d0-l89-v01.mp3,,,
at falde til,d0-l89-v02.mp3,,,
et modersmål,d0-l89-v03.mp3,,,
tosproget,d0-l89-v04.mp3,,,
en danskuddannelse,d0-l89-v05.mp3,,,
et fundament,d0-l89-v06.mp3,,,
varigt arbejde,d0-l89-v07.mp3,,,
en praktikplads,d0-l89-v08.mp3,,,
selvtillid,d0-l89-v09.mp3,,,
en kombination,d0-l89-v10.mp3,,,
samtidig,d0-l89-v11.mp3,,,
at foregå,d0-l89-v12.mp3,,,
efterhånden,d0-l89-v13.mp3,,,
en omgangskreds,d0-l89-v14.mp3,,,
at pege på,d0-l89-v15.mp3,,,
begge dele,d0-l89-v16.mp3,,,
et kvarter,d0-l89-v18.mp3,,,
"Forskningen viser, at kombinationen virker bedst: danskuddannelse OG arbejde eller praktik samtidig.",d0-l89-r1.mp3,,,
vi er faldet godt til,d0-l89-l8.mp3,,,
Boligpriserne i de store byer er steget kraftigt.,d0-l90-a.mp3,,,
"Byen eller landet? Boligpriserne i de store byer er steget kraftigt de sidste ti år — i København er kvadratmeterprisen næsten fordoblet. Derfor vælger flere og flere familier at flytte ud af byen. De siger: På landet får vi et helt hus med have for prisen af en lille lejlighed. Børnene får plads, og naboerne kender hinanden. Men andre bliver i byen og forklarer hvorfor: Arbejdet, uddannelserne og det meste kultur ligger stadig i byerne. Uden bil er livet på landet svært — bussen kører måske én gang i timen. Eksperterne peger på en mellemvej: de mindre byer tæt på en storby. Der er huslejen lavere, men toget kører tit. Amir og Sara har regnet på det: I deres by får de tre værelser for det, en etværelses koster i København. — Vi bliver her, siger Sara. — Vores by er måske ikke stor, men vores stue er!",d0-l90-t.mp3,,,
Huspriserne i København er steget kraftigt.,d0-l90-c1.mp3,,,
På landet får man mere for pengene.,d0-l90-c2.mp3,,,
"Jo længere væk, jo billigere.",d0-l90-c3.mp3,,,
en ejerbolig / en lejebolig / en andelsbolig,d0-l90-c4.mp3,,,
boligmarkedet,d0-l90-v01.mp3,,,
en boligpris,d0-l90-v02.mp3,,,
en kvadratmeter,d0-l90-v03.mp3,,,
fordoblet,d0-l90-v04.mp3,,,
kraftigt,d0-l90-v05.mp3,,,
at eje,d0-l90-v06.mp3,,,
en ejerbolig,d0-l90-v07.mp3,,,
en andelsbolig,d0-l90-v08.mp3,,,
boligmangel,d0-l90-v09.mp3,,,
på landet,d0-l90-v10.mp3,,,
en storby,d0-l90-v11.mp3,,,
en mellemvej,d0-l90-v13.mp3,,,
en etværelses,d0-l90-v14.mp3,,,
at regne på,d0-l90-v15.mp3,,,
plads,d0-l90-v16.mp3,,,
tårnhøj,d0-l90-v17.mp3,,,
"Eksperterne peger på en mellemvej: de mindre byer tæt på en storby. Der er huslejen lavere, men toget kører tit.",d0-l90-r1.mp3,,,
på landet får man mere for pengene,d0-l90-l8.mp3,,,
Behandlingen er gratis og betales af skatten.,d0-l91-a.mp3,,,
"Verdens bedste system — med kø Danskerne er stolte af deres sundhedsvæsen: Behandlingen er gratis, og den betales af skatten. Ingen familie går fallit, fordi et barn bliver sygt. Men systemet har et kendt problem: ventetiden. På nogle undersøgelser venter man uger — på visse operationer måneder. Derfor tegner flere og flere en privat sundhedsforsikring gennem arbejdet, så de kan komme hurtigere til. Kritikerne spørger: Hvis de rige kan springe køen over, er systemet så stadig lige for alle? Tilhængerne svarer: Kernen holder — akut sygdom behandles altid med det samme, uanset hvem du er. Køen gælder det, der kan vente. Amirs erfaring ligger et sted imellem: Da hans datter fik høj feber, blev hun set samme aften. Men hans egen rygundersøgelse tog tre måneder. — Systemet er godt, siger han, — men tålmodighed er også en del af behandlingen!",d0-l91-t.mp3,,,
Sundhedsvæsenet er skattefinansieret.,d0-l91-c1.mp3,,,
Alle får behandling — uanset pengepung.,d0-l91-c2.mp3,,,
Ventelisterne er for lange.,d0-l91-c3.mp3,,,
Patienten henvises til sygehuset.,d0-l91-c4.mp3,,,
et sundhedsvæsen,d0-l91-v01.mp3,,,
skattefinansieret,d0-l91-v02.mp3,,,
en behandling,d0-l91-v03.mp3,,,
en venteliste,d0-l91-v06.mp3,,,
en operation,d0-l91-v08.mp3,,,
en sundhedsforsikring,d0-l91-v09.mp3,,,
at tegne en forsikring,d0-l91-v10.mp3,,,
at springe køen over,d0-l91-v11.mp3,,,
uanset,d0-l91-v12.mp3,,,
en pengepung,d0-l91-v13.mp3,,,
at gå fallit,d0-l91-v14.mp3,,,
tryghed,d0-l91-v15.mp3,,,
lighed,d0-l91-v16.mp3,,,
tålmodighed,d0-l91-v18.mp3,,,
"Tilhængerne svarer: Kernen holder — akut sygdom behandles altid med det samme, uanset hvem du er. Køen gælder det, der kan vente.",d0-l91-r1.mp3,,,
hun blev set samme aften,d0-l91-l8.mp3,,,
"Nogle jobs erstattes, men nye skabes.",d0-l92-a.mp3,,,
"Maskinen taler dansk Danmark digitaliserede tidligt: NemKonto, MitID, digital post. Nu kommer næste bølge — kunstig intelligens. På sygehusene hjælper AI lægerne med at læse røntgenbilleder hurtigere. I kommunerne svarer chatbots på simple spørgsmål døgnet rundt. Og i sprogundervisningen øver kursister udtale med apps, der aldrig bliver trætte. Men debatten er også kritisk. Fagforeningerne spørger, hvilke jobs der forsvinder — og hvilke der skabes. Ældreorganisationerne minder om dem, der ikke er digitale: Omkring hver tiende voksne dansker har svært ved de digitale løsninger. Eksperterne foreslår en dansk mellemvej: Brug maskinen til det, den er god til — og mennesket til det, der kræver hjerte. Amir smiler, når han hører debatten. Hans udtale-app retter ham tålmodigt hver aften. — Maskinen lærer mig dansk, siger han, — men det var et menneske, der lærte mig at sige tak for sidst!",d0-l92-t.mp3,,,
Danmark er et af verdens mest digitale lande.,d0-l92-c1.mp3,,,
Nogle jobs erstattes — men nye skabes.,d0-l92-c2.mp3,,,
"Hvad med dem, der ikke er digitale?",d0-l92-c3.mp3,,,
"Jeg bruger selv AI, når jeg øver dansk.",d0-l92-c4.mp3,,,
teknologi,d0-l92-v01.mp3,,,
digitalisering,d0-l92-v02.mp3,,,
kunstig intelligens,d0-l92-v03.mp3,,,
en robot,d0-l92-v04.mp3,,,
en chatbot,d0-l92-v05.mp3,,,
en digital løsning,d0-l92-v06.mp3,,,
at erstatte,d0-l92-v07.mp3,,,
at skabe,d0-l92-v08.mp3,,,
at spare tid,d0-l92-v09.mp3,,,
et røntgenbillede,d0-l92-v10.mp3,,,
døgnet rundt,d0-l92-v11.mp3,,,
en bølge,d0-l92-v12.mp3,,,
at minde om,d0-l92-v14.mp3,,,
at have svært ved,d0-l92-v15.mp3,,,
at kræve,d0-l92-v16.mp3,,,
et hjerte,d0-l92-v17.mp3,,,
tålmodigt,d0-l92-v18.mp3,,,
"Eksperterne foreslår en dansk mellemvej: Brug maskinen til det, den er god til — og mennesket til det, der kræver hjerte.",d0-l92-r1.mp3,,,
teknologien skaber også nye jobs,d0-l92-l8.mp3,,,
Danskerne har høj tillid til hinanden.,d0-l93-a.mp3,,,
"Tilliden på bordet Da Amir første gang så en barnevogn stå alene foran en café — med en sovende baby! — ringede han næsten til politiet. I dag smiler han af historien: Det var hans første møde med den danske tillid. Tilliden er måske Danmarks vigtigste værdi. Man stoler på naboen, på kommunen, på den fremmede i toget. Forskerne siger, at tilliden gør landet både lykkeligere og rigere — det er dyrt at kontrollere alt. Den anden side af kulturen er janteloven: Man praler ikke. Da Amir til en fest fortalte, at hans datter var bedst i klassen, blev der lidt stille. Hans nabo hviskede venligt: — Sig hellere, at hun trives. Så forstår alle. Og alligevel — midt i al beskedenheden — fejrer danskerne hinanden med flag, sange og taler til enhver fødselsdag. Amirs konklusion efter tre år: — Danmark er stille begejstring og højlydt hygge. Jeg er holdt op med at oversætte kulturen — nu bor jeg bare i den.",d0-l93-t.mp3,,,
"Janteloven: Tro ikke, du er bedre end os!",d0-l93-c2.mp3,,,
Jeg har vænnet mig til den danske ro.,d0-l93-c3.mp3,,,
Jeg holder af begge kulturer.,d0-l93-c4.mp3,,,
"en værdi, værdier",d0-l93-v01.mp3,,,
at stole på,d0-l93-v03.mp3,,,
frihed,d0-l93-v04.mp3,,,
janteloven,d0-l93-v06.mp3,,,
at prale,d0-l93-v07.mp3,,,
beskedenhed,d0-l93-v08.mp3,,,
en kulturforskel,d0-l93-v10.mp3,,,
at respektere,d0-l93-v11.mp3,,,
at holde af,d0-l93-v13.mp3,,,
gæstfrihed,d0-l93-v14.mp3,,,
at hviske,d0-l93-v15.mp3,,,
begejstring,d0-l93-v16.mp3,,,
en tale,d0-l93-v17.mp3,,,
at holde op med,d0-l93-v18.mp3,,,
"Da Amir til en fest fortalte, at hans datter var bedst i klassen, blev der lidt stille. Hans nabo hviskede venligt: — Sig hellere, at hun trives. Så forstår alle.",d0-l93-r1.mp3,,,
hun trives,d0-l93-l8.mp3,,,
"Man kan ikke stoppe bølgen, men man kan lære at svømme.",d0-l94-a.mp3,,,
"En mundtlig prøve — som den kunne lyde Eksaminator: Du har trukket temaet «Det digitale Danmark». Fortæl. Kandidat: Gerne! Danmark er et af verdens mest digitale lande — jeg bruger selv MitID til alt, fra banken til kommunen. En fordel er, at det sparer tid: Jeg søgte om friplads på ti minutter. Men en ulempe er, at hver tiende voksne har svært ved de digitale løsninger — især nogle ældre. Eksaminator: Hvad kan man gøre for dem? Kandidat: Kommunerne tilbyder kurser, og biblioteket hjælper gratis. Min egen underbo fik hjælp dér — nu sender hun selv sikker post! Men jeg synes stadig, at der skal være en telefon, man kan ringe til, uanset hvor digital man er. Eksaminator: Og AI — truer den vores jobs? Kandidat: Nogle jobs erstattes, men nye skabes. Jeg ser det som en bølge: Man kan ikke stoppe den, men man kan lære at svømme. Det er faktisk lidt ligesom integration — jo mere man deltager, jo mindre skræmmende bliver det! Eksaminator (smiler): Godt svar. Og godt billede!",d0-l94-t.mp3,,,
Uanset pengepung.,d0-l94-c3.mp3,,,
Nogle jobs erstattes — nye skabes.,d0-l94-c4.mp3,,,
at trække et tema,d0-l94-v01.mp3,,,
at true,d0-l94-v02.mp3,,,
sikker post,d0-l94-v03.mp3,,,
at tilbyde et kursus,d0-l94-v04.mp3,,,
skræmmende,d0-l94-v05.mp3,,,
et billede (sprogligt),d0-l94-v06.mp3,,,
ligesom,d0-l94-v07.mp3,,,
fra … til …,d0-l94-v11.mp3,,,
"Kommunerne tilbyder kurser, og biblioteket hjælper gratis. … Men jeg synes stadig, at der skal være en telefon, man kan ringe til, uanset hvor digital man er.",d0-l94-r1.mp3,,,
du har trukket temaet,d0-l94-l9.mp3,,,
godt svar og godt billede,d0-l94-l10.mp3,,,
"Jo flere der deltager, jo hurtigere går det.",d0-l50-a.mp3,,,
"Danmark i bevægelse Danmark forandrer sig. Antallet af elbiler stiger, affaldet sorteres bedre, og flere og flere vælger cyklen — for at spare penge og for at passe på klimaet. På arbejdspladserne diskuteres balance og flekstid, og det er blevet almindeligt at arbejde hjemmefra nogle dage om ugen. Eksperterne er ikke altid enige: Nogle mener, at forandringerne går for langsomt, andre synes, at der allerede sker meget. Men én ting er sikker: Jo flere der deltager, jo hurtigere går det. Og du? Du er ikke længere tilskuer — du kan læse, forstå og sige din mening på dansk. Det må være den bedste nyhed i hele teksten! Til sidst et blik på selve prøven. Prøve i Dansk 3 består af en skriftlig og en mundtlig del. I den skriftlige del skal du læse tekster, beskrive en graf og skrive en længere tekst med din egen holdning. I den mundtlige del skal du holde en kort præsentation og diskutere et emne med eksaminator. De otte temaer fra dette niveau dækker det meste af det, der plejer at blive spurgt om: sundhed, uddannelse, ligestilling, arbejde, medier, økonomi, miljø — og sproget selv. Genlæs teksterne, og øv dig i at sige din mening højt, gerne med et kompromis til sidst. Og husk formlen, der virker til alle temaer: Beskriv tallene, vis begge sider, sig din mening, og foreslå en løsning. Jo oftere du øver den, jo roligere bliver du på prøvedagen. Held og lykke — vi ses på næste niveau! Prøvedagen — hvad siger tallene? Hvert år går flere end 15.000 kursister op til Prøve i Dansk 3, og omkring otte ud af ti består. Tallene fra prøvecentrene viser noget interessant: Det er sjældent ordforrådet, der trækker ned — det er ordstillingen og de manglende eksempler. Censorerne er ret enige om, hvad der virker. Et godt svar begynder med tallene fra grafen, viser begge sider af sagen og slutter med en egen mening og et forslag. Og så bliver der lyttet efter småordene: alligevel, derfor, på den anden side — de binder sætningerne sammen. Kursisterne selv er delte før prøven. Nogle øver med gamle prøvesæt hver dag, fordi trygheden ligger i rutinen. Andre mener, at man lærer mest af at bruge sproget i virkeligheden — ved kaffemaskinen, i toget og til forældremøder. Sandheden må være, at begge dele tæller: Rutinen giver ro, og hverdagen giver ord. Så sov godt natten før, kom i god tid — og husk: Censor er ikke din modstander. Han vil gerne have, at du består.",d0-l50-t.mp3,,,
Antallet af cyklister stiger.,d0-l50-c1.mp3,,,
"Jo mere man øver, jo bedre bliver man.",d0-l50-c2.mp3,,,
Det er vigtigt at deltage.,d0-l50-c3.mp3,,,
Han må være på ferie.,d0-l50-c4.mp3,,,
"Beskriv tallene, vis begge sider, sig din mening.",d0-l50-c5.mp3,,,
at forandre sig,d0-l50-v01.mp3,,,
en forandring,d0-l50-v02.mp3,,,
en elbil,d0-l50-v03.mp3,,,
at ske,d0-l50-v05.mp3,,,
sikker,d0-l50-v06.mp3,,,
en tilskuer,d0-l50-v08.mp3,,,
i bevægelse,d0-l50-v10.mp3,,,
skriftlig,d0-l50-v11.mp3,,,
mundtlig,d0-l50-v12.mp3,,,
en præsentation,d0-l50-v13.mp3,,,
at dække,d0-l50-v15.mp3,,,
at pleje at,d0-l50-v16.mp3,,,
held og lykke,d0-l50-v19.mp3,,,
en censor,d0-l50-v20.mp3,,,
at trække ned,d0-l50-v21.mp3,,,
et prøvesæt,d0-l50-v22.mp3,,,
"Og du? Du er ikke længere tilskuer — du kan læse, forstå og sige din mening på dansk. Det må være den bedste nyhed i hele teksten!",d0-l50-r1.mp3,,,
du er ikke længere tilskuer,d0-l50-l9.mp3,,,
"Prøve i Dansk 3 består af en skriftlig og en mundtlig del. I den skriftlige del skal du læse tekster, beskrive en graf og skrive en længere tekst med din egen holdning.",d0-l50-r11.mp3,,,
"Tallene fra prøvecentrene viser noget interessant: Det er sjældent ordforrådet, der trækker ned — det er ordstillingen og de manglende eksempler.",d0-l50-r15.mp3,,,
"Man har ret til fem ugers ferie, men man er også forpligtet til at passe sit arbejde.",d0-l106-a.mp3,,,
"Den danske model På det danske arbejdsmarked er der noget, mange nye danskere bliver overraskede over: Staten blander sig ikke ret meget i lønnen. I stedet forhandler fagforeninger og arbejdsgivere en overenskomst, og det er den, der bestemmer løn, arbejdstid og pension. Derfor betaler mange et beløb hver måned for at være medlem af en fagforening. Til gengæld har man en organisation i ryggen, hvis noget går galt på jobbet. Nogle rettigheder står dog i loven. Ferieloven giver alle ret til ferie, og en arbejdsgiver er forpligtet til at give et opsigelsesvarsel, før man bliver opsagt. Man kan ikke bare blive sendt hjem fra den ene dag til den anden. Maryam fortæller: «Da jeg blev opsagt, ringede jeg til min fagforening. De forklarede, at jeg havde ret til tre måneders varsel og til at få min sidste løn. Uden dem havde jeg ikke turdet sige noget.» Modellen bygger på tillid: Arbejdsgiveren skal behandle folk ordentligt, og arbejdstageren skal passe sit arbejde. Begge parter har både rettigheder og pligter.",d0-l106-t.mp3,,,
Man har ret til fem ugers ferie om året.,d0-l106-c1.mp3,,,
Arbejdsgiveren er forpligtet til at give et opsigelsesvarsel.,d0-l106-c2.mp3,,,
"Lønnen aftales i overenskomsten, ikke i loven.",d0-l106-c3.mp3,,,
Du skal sige op skriftligt.,d0-l106-c4.mp3,,,
Du bør altid læse din kontrakt først.,d0-l106-c5.mp3,,,
et arbejdsmarked,d0-l106-v01.mp3,,,
ferieloven,d0-l106-v04.mp3,,,
en arbejdstager,d0-l106-v08.mp3,,,
at forhandle,d0-l106-v09.mp3,,,
at blive opsagt,d0-l106-v12.mp3,,,
at sige op,d0-l106-v13.mp3,,,
løn under sygdom,d0-l106-v15.mp3,,,
"Staten blander sig ikke ret meget i lønnen. I stedet forhandler fagforeninger og arbejdsgivere en overenskomst, og det er den, der bestemmer løn.",d0-l106-r1.mp3,,,
Jeg er medlem af en fagforening.,d0-l106-l9.mp3,,,
Hver fjerde dansker vil gerne spise mindre kød for klimaets skyld.,d0-l107-a.mp3,,,
"Grøn omstilling — kan hverdagen redde klimaet? Klimaet fylder meget i den danske debat, og tallene bruges flittigt. Undersøgelser viser, at hver fjerde dansker gerne vil spise mindre kød for klimaets skyld, og at antallet af elbiler er steget kraftigt — der sælges næsten dobbelt så mange som for få år siden. Den store CO2-udledning kommer dog ikke kun fra biler. Meget udledes af industri, landbrug og opvarmning af huse. Derfor siger nogle, at det ikke nytter, at den enkelte sorterer affald, hvis fabrikkerne fortsætter som før. Andre er uenige. De mener, at hverdagen betyder noget: Når affald sorteres, genbruges materialerne, og en stigning på bare ti procent i genbrug sparer store mængder CO2. Desuden ændrer vaner sig smittende — bruger naboen cyklen, gør man det måske selv. Sandheden ligger nok midt imellem. Den grønne omstilling kræver både politik og personlige valg. Som en forsker sagde i radioen: «Vi kan ikke shoppe os ud af klimakrisen alene, men vi kan heller ikke vente på, at andre gør arbejdet.»",d0-l107-t.mp3,,,
Hver fjerde dansker cykler til arbejde.,d0-l107-c1.mp3,,,
Vi ser en stigning på 20 procent i genbrug.,d0-l107-c2.mp3,,,
Der er dobbelt så mange elbiler som før.,d0-l107-c3.mp3,,,
"CO2 udledes, når vi brænder kul og olie.",d0-l107-c4.mp3,,,
Affaldet sorteres i seks fraktioner.,d0-l107-c5.mp3,,,
klimaforandringer,d0-l107-v01.mp3,,,
bæredygtig,d0-l107-v02.mp3,,,
en CO2-udledning,d0-l107-v03.mp3,,,
den grønne omstilling,d0-l107-v04.mp3,,,
landbrug,d0-l107-v11.mp3,,,
en mængde,d0-l107-v15.mp3,,,
Antallet af elbiler er steget kraftigt — der sælges næsten dobbelt så mange som for få år siden.,d0-l107-r1.mp3,,,
"Jeg har stået på venteliste i tre måneder, før jeg blev henvist til en speciallæge.",d0-l108-a.mp3,,,
"Forebyggelse eller behandling? Det danske sundhedsvæsen er gratis for patienten, men det betyder ikke, at alt er let. Mange har stået på en venteliste i månedsvis, før de bliver henvist til en speciallæge. Derfor taler politikere og læger meget om forebyggelse: Det er billigere og bedre at undgå sygdom end at behandle den bagefter. Man taler ofte om KRAM-faktorerne — kost, rygning, alkohol og motion. Læger siger, at små ændringer i hverdagen betyder mest på lang sigt. Den, der har røget i årevis, får mest ud af at stoppe, og den, der aldrig dyrker motion, mærker en stor forskel ved bare at gå en tur hver dag. Reza fortæller: «Jeg har boet i Danmark i seks år og har lært at tænke anderledes om sundhed. I begyndelsen ventede jeg, til jeg blev syg. Nu prøver jeg at forebygge: Jeg cykler, sover nok og spiser grønt. Min læge siger, at jeg har gjort det rigtige — men hun minder mig også om, at man ikke behøver at leve perfekt for at leve sundt.»",d0-l108-t.mp3,,,
Jeg har boet her i årevis.,d0-l108-c1.mp3,,,
Hun har stået på venteliste i tre måneder.,d0-l108-c2.mp3,,,
Jeg er blevet henvist til en speciallæge.,d0-l108-c3.mp3,,,
Forebyggelse er bedre end behandling.,d0-l108-c4.mp3,,,
"KRAM står for kost, rygning, alkohol og motion.",d0-l108-c5.mp3,,,
sundhedsvæsenet,d0-l108-v01.mp3,,,
forebyggelse,d0-l108-v02.mp3,,,
kost,d0-l108-v08.mp3,,,
rygning,d0-l108-v09.mp3,,,
at undgå,d0-l108-v12.mp3,,,
Det er billigere og bedre at undgå sygdom end at behandle den bagefter.,d0-l108-r1.mp3,,,
Jeg har stået på venteliste i tre måneder.,d0-l108-l10.mp3,,,
en sund livsstil,d0-l108-l11.mp3,,,
"Dem, der ikke er vant til computere, kan få hjælp på biblioteket.",d0-l109-a.mp3,,,
"Et digitalt samfund — for alle? Danmark er blevet et af verdens mest digitale lande. Man betaler regninger, booker lægetid og læser breve fra kommunen på nettet. Al offentlig post kommer i e-Boks, og man logger ind med MitID på Borger.dk. For de fleste er det nemt og hurtigt. Men ikke for alle. Hver tiende borger har svært ved det digitale, og dem, der ikke er vant til computere, kan føle sig sat uden for. Derfor findes der stadig hjælp: Man kan blive fritaget for digital post, og biblioteket hjælper folk, som har brug for det. Samtidig fylder kunstig intelligens mere og mere i debatten. Nogle er bekymrede og mener, at AI erstatter mange job. Andre er mere optimistiske: De siger, at teknologien også skaber nye opgaver, og at mennesket stadig skal træffe de vigtige beslutninger. Leila, som arbejder på et bibliotek, siger det sådan: «Jeg hjælper hver dag dem, der ikke selv kan bruge MitID. Det digitale gør livet lettere — men kun hvis ingen bliver ladt tilbage.»",d0-l109-t.mp3,,,
"Dem, der ikke er digitale, kan få hjælp.",d0-l109-c1.mp3,,,
Man logger ind med MitID.,d0-l109-c2.mp3,,,
Al offentlig post kommer i e-Boks.,d0-l109-c3.mp3,,,
"AI erstatter nogle job, men skaber også nye.",d0-l109-c4.mp3,,,
Hver tiende borger har svært ved det digitale.,d0-l109-c5.mp3,,,
offentlig post,d0-l109-v04.mp3,,,
en teknologi,d0-l109-v10.mp3,,,
at træffe en beslutning,d0-l109-v11.mp3,,,
at blive fritaget,d0-l109-v12.mp3,,,
bekymret,d0-l109-v13.mp3,,,
vant til,d0-l109-v14.mp3,,,
"Man kan blive fritaget for digital post, og biblioteket hjælper folk, som har brug for det.",d0-l109-r1.mp3,,,
"Selvom det tog år, føler jeg mig hjemme her nu.",d0-l110-a.mp3,,,
"At høre til Hvornår føler man sig virkelig dansk? For nogle handler medborgerskab om et pas, men for de fleste handler det om noget andet: at høre til. Man falder til, når man forstår de små ting — hvornår man siger «tak for mad», hvordan man skifter i børnehaven, og hvad naboen mener med et hurtigt smil på trappen. Selvom mange nye danskere savner familien i hjemlandet, finder de alligevel en plads her. Foreningslivet spiller en stor rolle. I en sportsklub eller en frivillig forening møder man mennesker, uanset om man taler perfekt dansk eller ej. Der lærer man også «kaffe-dansk» — det sprog, man bruger, når man snakker løst over en kop kaffe. Tillid er nøgleordet. I Danmark stoler folk ofte på hinanden og på systemet, og den tillid skal gå begge veje. Amina fortæller: «Selvom det tog år, føler jeg mig hjemme nu. Jeg er med i forældrerådet på skolen. Uanset om man er født her eller ej, kan man være med — man skal bare turde sige ja, når nogen spørger.»",d0-l110-t.mp3,,,
"Selvom jeg savner mit hjemland, er jeg faldet til her.",d0-l110-c1.mp3,,,
"Alle er velkomne, uanset om man er ny eller gammel.",d0-l110-c2.mp3,,,
Tillid er en vigtig del af det danske samfund.,d0-l110-c3.mp3,,,
I foreningslivet møder man naboer og nye venner.,d0-l110-c4.mp3,,,
Man lærer kaffe-dansk i pauserne.,d0-l110-c5.mp3,,,
medborgerskab,d0-l110-v01.mp3,,,
at høre til,d0-l110-v03.mp3,,,
foreningsliv,d0-l110-v05.mp3,,,
kaffe-dansk,d0-l110-v08.mp3,,,
et hjemland,d0-l110-v10.mp3,,,
et forældreråd,d0-l110-v12.mp3,,,
at turde,d0-l110-v14.mp3,,,
"Man falder til, når man forstår de små ting — hvornår man siger «tak for mad», og hvad naboen mener med et hurtigt smil på trappen.",d0-l110-r1.mp3,,,
"Barnet bor hos mig hver anden uge, og vi deler ansvaret på skift.",d0-l137-a.mp3,,,
"Når forældre går fra hinanden I dag ender næsten halvdelen af alle ægteskaber i Danmark med skilsmisse. Men en skilsmisse betyder ikke, at forældrene holder op med at være forældre. Tværtimod skal de nu samarbejde om børnene på en ny måde. Den mest almindelige løsning hedder en deleordning. Barnet bor hos den ene forælder den ene uge og hos den anden forælder hver anden uge. På den måde ser barnet begge forældre lige meget. Forældrene deler ansvaret på skift: den ene henter i børnehaven om mandagen, den anden om torsdagen. Nogle mener, at det er hårdt for et barn hele tiden at flytte mellem to hjem med to soveværelser og to tandbørster. Andre synes, det er bedre end at miste kontakten til den ene forælder helt. Samtidig taler mange om work-life balance. Når man er alene med børnene hver anden uge, er det svært at arbejde over. Derfor vælger flere forældre kortere arbejdsdage, så de kan hente børnene til tiden. Familien og samfundet hænger tæt sammen: gode vilkår på arbejdet gør det lettere at være en god forælder.",d0-l137-t.mp3,,,
Barnet bor hos far hver anden uge.,d0-l137-c1.mp3,,,
Vi henter børnene på skift.,d0-l137-c2.mp3,,,
Efter skilsmissen valgte de en deleordning.,d0-l137-c3.mp3,,,
Forældrene deler ansvaret ligeligt.,d0-l137-c4.mp3,,,
"Det er svært at arbejde over, når man er alene med børnene.",d0-l137-c5.mp3,,,
en skilsmisse,d0-l137-v01.mp3,,,
et ægteskab,d0-l137-v02.mp3,,,
en deleordning,d0-l137-v03.mp3,,,
et forældreansvar,d0-l137-v04.mp3,,,
hver anden uge,d0-l137-v06.mp3,,,
på skift,d0-l137-v07.mp3,,,
et hjem,d0-l137-v09.mp3,,,
en forælder,d0-l137-v10.mp3,,,
work-life balance,d0-l137-v12.mp3,,,
at arbejde over,d0-l137-v13.mp3,,,
vilkår,d0-l137-v14.mp3,,,
at gå fra hinanden,d0-l137-v15.mp3,,,
Barnet bor hos den ene forælder den ene uge og hos den anden forælder hver anden uge. På den måde ser barnet begge forældre lige meget.,d0-l137-r1.mp3,,,
De valgte en deleordning efter skilsmissen.,d0-l137-l9.mp3,,,
Vi deler ansvaret på skift.,d0-l137-l10.mp3,,,
Det kan ikke betale sig at leve over evne — læg hellere lidt til side hver måned.,d0-l138-a.mp3,,,
"At få pengene til at række Mange unge danskere flytter hjemmefra, før de har lært at styre en økonomi. Første måned går det galt: huslejen, mad, mobil og en aften i byen — og pludselig er kontoen tom. Derfor anbefaler eksperter at lægge et budget. Man skriver op, hvor mange penge der kommer ind, og hvor mange der går ud. Målet er mindst at gå i nul, altså at bruge lige så meget, som man tjener — helst mindre, så der bliver noget til en opsparing. En opsparing er vigtig, hvis vaskemaskinen går i stykker, eller cyklen bliver stjålet. Uden opsparing må man tage et lån, og lån koster renter. Jo længere man er om at betale tilbage, jo dyrere bliver det. ""Det kan ikke betale sig at købe på afbetaling,"" siger en økonom. ""Man ender med at betale langt mere end varens pris."" Den største fælde hedder at leve over evne: at bruge penge, man ikke har, på ting, man ikke har brug for. Et godt råd er enkelt: læg lidt til side hver måned, og spørg altid dig selv, om købet virkelig betaler sig.",d0-l138-t.mp3,,,
Det betaler sig at lægge et budget.,d0-l138-c1.mp3,,,
I denne måned gik vi lige i nul.,d0-l138-c2.mp3,,,
Han lever over evne og har ingen opsparing.,d0-l138-c3.mp3,,,
Et lån koster renter.,d0-l138-c4.mp3,,,
Læg lidt til side hver måned.,d0-l138-c5.mp3,,,
en privatøkonomi,d0-l138-v01.mp3,,,
renter,d0-l138-v05.mp3,,,
at gå i nul,d0-l138-v12.mp3,,,
at leve over evne,d0-l138-v13.mp3,,,
at købe på afbetaling,d0-l138-v14.mp3,,,
at lægge til side,d0-l138-v15.mp3,,,
"Man skriver op, hvor mange penge der kommer ind, og hvor mange der går ud. Målet er mindst at gå i nul.",d0-l138-r1.mp3,,,
Det kan ikke betale sig at købe på afbetaling.,d0-l138-l10.mp3,,,
Det tager mig kun tyve minutter at cykle på arbejde frem for at sidde i kø.,d0-l139-a.mp3,,,
"Cyklen frem for bilen I mange lande er bilen det første valg. I Danmark — og især i København — vælger mange cyklen frem for bilen, også når det regner. Hvorfor? For det første er det ofte hurtigere. I myldretiden tager det længere tid at sidde i kø i en bil end at cykle. ""Det tager mig tyve minutter at cykle på arbejde,"" siger Sofie. ""I bil ville det tage mindst en halv time at finde en parkeringsplads."" For det andet er det billigt og sundt. Man sparer penge på benzin og parkering, og man får rørt sig hver dag. Men ikke alle kan cykle. De, der pendler langt mellem to byer, er ofte afhængige af tog eller bil. Her fremhæver politikerne den kollektive trafik: gode tog og busser gør det lettere at lade bilen stå. Samtidig taler alle om elbiler. En elbil forurener mindre end en almindelig bil, men den holder stadig i den samme kø. Derfor mener mange, at fremtidens by handler mindre om, hvilken bil vi kører, og mere om at gøre det nemt at cykle og tage toget frem for at køre alene.",d0-l139-t.mp3,,,
Det tager tyve minutter at cykle derhen.,d0-l139-c1.mp3,,,
Jeg tager cyklen frem for bilen.,d0-l139-c2.mp3,,,
I myldretiden holder bilerne i kø.,d0-l139-c3.mp3,,,
En elbil forurener mindre.,d0-l139-c4.mp3,,,
Mange pendler med tog mellem to byer.,d0-l139-c5.mp3,,,
kollektiv trafik,d0-l139-v01.mp3,,,
en pendler,d0-l139-v03.mp3,,,
at pendle,d0-l139-v04.mp3,,,
en cykelkultur,d0-l139-v06.mp3,,,
myldretiden,d0-l139-v07.mp3,,,
en kø,d0-l139-v08.mp3,,,
en parkeringsplads,d0-l139-v09.mp3,,,
benzin,d0-l139-v10.mp3,,,
at forurene,d0-l139-v11.mp3,,,
frem for,d0-l139-v12.mp3,,,
en halv time,d0-l139-v14.mp3,,,
at lade bilen stå,d0-l139-v15.mp3,,,
Det tager mig tyve minutter at cykle på arbejde. I bil ville det tage mindst en halv time at finde en parkeringsplads.,d0-l139-r1.mp3,,,
Det tager tyve minutter at cykle på arbejde.,d0-l139-l9.mp3,,,
Jeg arbejder frivilligt i klubben for at gøre en forskel for børnene i vores kvarter.,d0-l140-a.mp3,,,
"Det danske ""vi"" Danmark er et land af foreninger. Der findes en forening for næsten alt: fodbold, spejder, kor, fugle og gamle biler. Man regner med, at de fleste danskere er medlem af mindst én forening. Hvorfor er det vigtigt? Fordi foreningslivet skaber et fællesskab. Man mødes ikke kun for at spille håndbold, men også for at drikke kaffe, snakke og hjælpe hinanden. På den måde lærer nye naboer hinanden at kende. En stor del af arbejdet er frivilligt. Træneren i børnenes fodboldklub får ingen løn — han gør det for at give noget til andre. ""Jeg bruger to aftener om ugen på klubben,"" fortæller Anders. ""Jeg gør det for at gøre en forskel for børnene i vores kvarter."" Mange indvandrere fortæller, at foreningen var vejen ind i det danske samfund. Da man først var med i et fællesskab, blev det lettere at forstå sproget og kulturen — og at få venner. Politikerne taler tit om ""det danske vi"". De mener, at samfundet ikke kun bygger på staten, men også på almindelige mennesker, der bruger deres fritid på hinanden.",d0-l140-t.mp3,,,
Jeg arbejder frivilligt i klubben.,d0-l140-c1.mp3,,,
Han gør det for at gøre en forskel.,d0-l140-c2.mp3,,,
Foreningen skaber et fællesskab.,d0-l140-c3.mp3,,,
Vi mødes for at hjælpe hinanden.,d0-l140-c4.mp3,,,
Et godt naboskab starter med en hilsen.,d0-l140-c5.mp3,,,
frivilligt arbejde,d0-l140-v02.mp3,,,
et foreningsliv,d0-l140-v04.mp3,,,
at gøre en forskel,d0-l140-v08.mp3,,,
at hjælpe hinanden,d0-l140-v14.mp3,,,
en indvandrer,d0-l140-v15.mp3,,,
Jeg bruger to aftener om ugen på klubben. Jeg gør det for at gøre en forskel for børnene i vores kvarter.,d0-l140-r1.mp3,,,
Jeg arbejder frivilligt for at gøre en forskel.,d0-l140-l10.mp3,,,
På trods af historierne i medierne er kriminaliteten faldet i takt med bedre forebyggelse.,d0-l141-a.mp3,,,
"Tryghed i tal Mange danskere tror, at kriminaliteten stiger. Men statistikken viser noget andet: På trods af historier i medierne er antallet af indbrud og vold faldet de sidste ti år. Hvorfor tror folk så, at det bliver værre? En grund er, at vi hører om hver eneste sag på telefonen med det samme. I takt med at nyhederne bliver hurtigere, føler mange sig mere utrygge — selvom tallene går den rigtige vej. Eksperter peger på forebyggelse. Det handler ikke kun om at straffe, men om at hjælpe unge, før de kommer galt af sted. Gode klubber, skoler og fritidstilbud betyder, at færre unge havner i kriminalitet. En anden vigtig ting er tillid til politiet. I Danmark er den tillid høj. Folk tør ringe til politiet og fortælle, hvad de har set. På trods af enkelte dårlige sager stoler de fleste stadig på systemet. ""Tryghed er ikke kun et spørgsmål om, hvor mange betjente der er på gaden,"" siger en forsker. ""Det handler også om, at naboer kender hinanden. I takt med at et kvarter bliver stærkere, falder kriminaliteten næsten af sig selv.""",d0-l141-t.mp3,,,
På trods af medierne falder kriminaliteten.,d0-l141-c1.mp3,,,
Utrygheden stiger i takt med hurtige nyheder.,d0-l141-c2.mp3,,,
Forebyggelse er bedre end straf.,d0-l141-c3.mp3,,,
Danskerne har høj tillid til politiet.,d0-l141-c4.mp3,,,
Folk tør stole på systemet.,d0-l141-c5.mp3,,,
en kriminalitet,d0-l141-v01.mp3,,,
en tryghed,d0-l141-v02.mp3,,,
en statistik,d0-l141-v03.mp3,,,
en forebyggelse,d0-l141-v04.mp3,,,
at forebygge,d0-l141-v05.mp3,,,
politiet,d0-l141-v07.mp3,,,
en betjent,d0-l141-v08.mp3,,,
et indbrud,d0-l141-v09.mp3,,,
vold,d0-l141-v10.mp3,,,
at straffe,d0-l141-v11.mp3,,,
i takt med,d0-l141-v12.mp3,,,
på trods af,d0-l141-v13.mp3,,,
utryg,d0-l141-v15.mp3,,,
På trods af historier i medierne er antallet af indbrud og vold faldet de sidste ti år.,d0-l141-r1.mp3,,,
På trods af tallene føler mange sig utrygge.,d0-l141-l10.mp3,,,
Barsel deles nu oftere mellem forældrene.,d0-l171-a.mp3,,,
"I Danmark bliver ligestilling ofte fremhævet som en vigtig værdi, men virkeligheden er mere kompliceret. Selvom kvinder og mænd formelt har de samme rettigheder, viser tallene, at der stadig er forskelle. Kvinder tjener i gennemsnit omkring 13 procent mindre end mænd, og de fleste ledere i de største virksomheder er stadig mænd. Samtidig tages der flere skridt for at ændre situationen. Barsel deles nu oftere mellem forældrene, fordi en del af orloven er øremærket til fædre. På den måde forventes det, at flere mænd tager ansvar derhjemme, mens kvinderne får bedre muligheder på arbejdsmarkedet. Mangfoldighed diskuteres også meget på danske arbejdspladser. Mange virksomheder siger, at forskellige baggrunde, køn og aldre gør et team stærkere. Kritikere mener dog, at der bliver talt mere om mangfoldighed, end der bliver gjort. Nye medarbejdere med udenlandske navne bliver stadig oftere valgt fra, når der ansættes. Derfor mener mange, at ligestilling og mangfoldighed ikke kun handler om smukke ord, men om konkrete handlinger, som kan måles og følges over tid.",d0-l171-t.mp3,,,
Barsel deles mellem forældrene.,d0-l171-c1.mp3,,,
Ligestilling diskuteres ofte i medierne.,d0-l171-c2.mp3,,,
Kvinder tilbydes sjældnere en lederstilling.,d0-l171-c3.mp3,,,
Der ansættes mange nye medarbejdere hvert år.,d0-l171-c4.mp3,,,
Kvinder tjener i gennemsnit 13% mindre end mænd.,d0-l171-c5.mp3,,,
en ligestilling,d0-l171-v01.mp3,,,
en mangfoldighed,d0-l171-v02.mp3,,,
en barsel,d0-l171-v03.mp3,,,
at øremærke,d0-l171-v05.mp3,,,
en leder,d0-l171-v09.mp3,,,
en baggrund,d0-l171-v11.mp3,,,
at ansætte,d0-l171-v12.mp3,,,
at fremhæve,d0-l171-v15.mp3,,,
"En del af barselsorloven er nu øremærket til fædre. Det betyder, at hvis faren ikke tager sin del, mister familien den. Derfor tager flere fædre orlov end før.",d0-l171-r1.mp3,,,
"Jo mere engelsk vi bruger, jo sværere bliver det at holde fast i dansk.",d0-l172-a.mp3,,,
"Globalisering påvirker Danmark på godt og ondt. På den ene side giver den os adgang til varer, ideer og teknologi fra hele verden. Danske virksomheder kan sælge deres produkter på store markeder, og unge kan studere og arbejde i udlandet. På den anden side frygter nogle, at det danske sprog og den danske kultur langsomt kommer under pres. Jo mere engelsk vi bruger i hverdagen, jo sværere kan det være at holde fast i danske ord og udtryk. På universiteterne foregår mange kurser i dag på engelsk, og i erhvervslivet er engelsk ofte arbejdssproget. Nogle mener, at det er en naturlig udvikling, mens andre er bekymrede for, at dansk med tiden bliver et mindre sprog. Samtidig bliver det danske samfund mere mangfoldigt, fordi mennesker fra mange lande flytter hertil. Spørgsmålet er, hvordan man både kan være åben over for verden og samtidig passe på sin egen identitet. For de fleste danskere handler det ikke om at vælge det ene eller det andet, men om at finde en balance, hvor det lokale og det globale kan leve side om side.",d0-l172-t.mp3,,,
"Jo mere engelsk vi bruger, jo sværere bliver dansk.",d0-l172-c1.mp3,,,
"Jo større markedet er, jo flere muligheder får virksomheden.",d0-l172-c2.mp3,,,
Globalisering påvirker os på godt og ondt.,d0-l172-c3.mp3,,,
Det lokale og det globale kan leve side om side.,d0-l172-c4.mp3,,,
"Jo mere åbne vi er, jo mere lærer vi.",d0-l172-c5.mp3,,,
en globalisering,d0-l172-v01.mp3,,,
en identitet,d0-l172-v02.mp3,,,
en udvikling,d0-l172-v04.mp3,,,
et erhvervsliv,d0-l172-v05.mp3,,,
et marked,d0-l172-v07.mp3,,,
en vare,d0-l172-v09.mp3,,,
mangfoldig,d0-l172-v11.mp3,,,
et udtryk,d0-l172-v13.mp3,,,
på godt og ondt,d0-l172-v14.mp3,,,
side om side,d0-l172-v15.mp3,,,
"På universiteterne foregår mange kurser på engelsk, og i erhvervslivet er engelsk ofte arbejdssproget. Nogle er bekymrede for, at dansk med tiden bliver et mindre sprog.",d0-l172-r1.mp3,,,
Derfor bliver jeg hjemme i dag.,d0-l51-a.mp3,,,
"Hvorfor jeg elsker min cykel Jeg cykler til arbejde hver dag. For det første er det billigt — en bus koster mange penge om måneden. For det andet er det sundt: Jeg får motion uden at tænke over det. Desuden er cyklen tit hurtigere end bussen i myldretiden. Nogle siger, at det danske vejr er for vådt. Alligevel cykler jeg hele året — med regntøj! Derfor er cyklen mit bedste køb nogensinde. Model 2: Skal vi droppe bilen? Mange familier i Danmark diskuterer, om de skal droppe bilen. For det første er en bil dyr — benzin, forsikring og værksted koster tusindvis af kroner om året. For det andet er der tit trafikprop i byerne om morgenen"," man sidder i kø og spilder tiden. Derimod kører toget uden om køerne, og til gengæld kan man læse eller slappe af undervejs. Desværre kører bussen ikke så tit ude på landet — dér er bilen stadig nødvendig. Heldigvis bliver den kollektive trafik bedre år for år, og dog vælger mange stadig bilen af gammel vane. Kort sagt: I byen kan man sagtens leve uden bil, men på landet er det stadig svært. Med andre ord afhænger svaret af, hvor man bor — og derfor findes der ikke ét rigtigt svar for alle. (Læg mærke til: hvert eneste bindeord står først i sætningen — og verbet kommer altid lige efter.) Kladde med fejl: Jeg vil skrive om mit arbejde. Jeg har travlt. Jeg kan lide mit arbejde. Mine kolleger er søde. Lønnen er ikke høj. Jeg bliver i mit job. Rettet version: Jeg vil skrive om mit arbejde. Jeg har travlt — oven i købet arbejder jeg nogle weekender. Alligevel kan jeg rigtig godt lide mit arbejde"," mine kolleger er nemlig søde og hjælpsomme. Lønnen er ganske vist ikke høj — tværtimod ligger den under gennemsnittet. Til gengæld lærer jeg noget nyt hver dag, og derfor bliver jeg i mit job. Kan du se forskellen? Den første version er en liste af korte sætninger uden sammenhæng. Den anden binder sætningerne sammen med konnektorer, så teksten hænger sammen — og det er præcis den forskel, censor kigger efter, når karakteren skal gives.",d0-l51-t.mp3,
Derfor bliver jeg hjemme.,d0-l51-c1.mp3,,,
Desuden er den sund.,d0-l51-c2.mp3,,,
Alligevel købte jeg den.,d0-l51-c3.mp3,,,
For det første er det billigt.,d0-l51-c4.mp3,,,
Derimod kører toget uden om køerne.,d0-l51-c5.mp3,,,
Kort sagt: Cyklen vinder.,d0-l51-c6.mp3,,,
desuden,d0-l51-v02.mp3,,,
nemlig,d0-l51-v04.mp3,,,
for det første,d0-l51-v05.mp3,,,
for det andet,d0-l51-v06.mp3,,,
vådt,d0-l51-v09.mp3,,,
regntøj,d0-l51-v10.mp3,,,
et køb,d0-l51-v11.mp3,,,
at tænke over,d0-l51-v12.mp3,,,
derimod,d0-l51-v13.mp3,,,
til gengæld,d0-l51-v14.mp3,,,
kort sagt,d0-l51-v17.mp3,,,
med andre ord,d0-l51-v18.mp3,,,
dog,d0-l51-v19.mp3,,,
oven i købet,d0-l51-v20.mp3,,,
tværtimod,d0-l51-v21.mp3,,,
ganske vist,d0-l51-v22.mp3,,,
at binde sammen,d0-l51-v23.mp3,,,
en sammenhæng,d0-l51-v24.mp3,,,
"Nogle siger, at det danske vejr er for vådt. Alligevel cykler jeg hele året — med regntøj!",d0-l51-r1.mp3,,,
alligevel cykler jeg hele året,d0-l51-l7.mp3,,,
"Derimod kører toget uden om køerne, og til gengæld kan man læse eller slappe af undervejs. Desværre kører bussen ikke så tit ude på landet — dér er bilen stadig nødvendig.",d0-l51-r10.mp3,,,
kort sagt er bussen billigst,d0-l51-l11.mp3,,,
"Den første version er en liste af korte sætninger uden sammenhæng. Den anden binder sætningerne sammen med konnektorer, så teksten hænger sammen.",d0-l51-r15.mp3,,,
I denne tekst vil jeg skrive om mit liv i Danmark.,d0-l52-a.mp3,,,
"Eksempeltekst: Mit liv med to sprog I denne tekst vil jeg skrive om at leve med to sprog i hverdagen. For det første er det en styrke. Jeg kan tale med min familie på persisk og med mine kolleger på dansk. Desuden forstår jeg to kulturer indefra. På den anden side kan det være hårdt. Nogle dage blander sprogene sig, og jeg skal lede efter ordene. Alligevel bliver det bedre måned for måned. Alt i alt synes jeg, at to sprog er en gave — de åbner to verdener. Eksempeltekst 2: Mobiltelefoner i skolen Mange mennesker diskuterer i dag, om børn skal have mobiltelefon med i skolen. I denne tekst vil jeg se på både fordele og ulemper. Et vigtigt punkt er, at telefonen kan forstyrre undervisningen. Børnene ser på skærmen i stedet for at høre efter. Desuden viser undersøgelser, at mange børn bliver stressede af de mange beskeder. Det er dog også værd at nævne, at telefonen kan være praktisk. Forældrene kan få fat i deres børn efter skole, og nogle apps kan bruges i undervisningen. En fordel er altså tryghed — en ulempe er uro i timerne. Afslutningsvis vil jeg sige, at telefonen hører til i tasken i timerne, men den behøver ikke blive hjemme. Sammenfattende kan man sige, at en klar regel er bedre end et totalt forbud. Kladde med fejl: Jeg vil skrive om motion. Jeg løber. Det er sundt. Min ven svømmer. Svømning er også godt. Man sover bedre. Jeg har ikke tid nogle dage. Motion er godt. Rettet version: I denne tekst vil jeg skrive om motion i hverdagen. For det første er motion sundt for kroppen. Jeg løber selv to gange om ugen, og min ven svømmer hver morgen. Desuden sover man bedre, når kroppen er træt. På den anden side kan det være svært at finde tiden. Nogle dage arbejder jeg længe, og så vinder sofaen. Alligevel prøver jeg at holde fast i mine vaner. Alt i alt synes jeg, at lidt motion hver dag er bedre end ingenting. Læg mærke til forskellen: Den rettede version har en tydelig indledning, to afsnit med hver sin idé og en afslutning — samme indhold, men nu kan læseren følge tankerne fra start til slut.",d0-l52-t.mp3,,,
en indledning,d0-l52-v01.mp3,,,
en hoveddel,d0-l52-v02.mp3,,,
en afslutning,d0-l52-v03.mp3,,,
en disposition,d0-l52-v04.mp3,,,
et afsnit,d0-l52-v05.mp3,,,
alt i alt,d0-l52-v06.mp3,,,
indefra,d0-l52-v08.mp3,,,
at blande sig,d0-l52-v09.mp3,,,
at lede efter,d0-l52-v10.mp3,,,
"en verden, verdener",d0-l52-v12.mp3,,,
afslutningsvis,d0-l52-v15.mp3,,,
sammenfattende,d0-l52-v16.mp3,,,
"det er værd at nævne, at",d0-l52-v17.mp3,,,
at forstyrre,d0-l52-v18.mp3,,,
tydelig,d0-l52-v21.mp3,,,
at holde fast i,d0-l52-v22.mp3,,,
"I denne tekst vil jeg skrive om at leve med to sprog i hverdagen. For det første er det en styrke. … Desuden forstår jeg to kulturer indefra. På den anden side kan det være hårdt. … Alligevel bliver det bedre måned for måned. Alt i alt synes jeg, at to sprog er en gave — de åbner to verdener.",d0-l52-r1.mp3,,,
"Det er dog også værd at nævne, at telefonen kan være praktisk. Forældrene kan få fat i deres børn efter skole, og nogle apps kan bruges i undervisningen.",d0-l52-r9.mp3,,,
"afslutningsvis vil jeg sige, at det er en god idé",d0-l52-l10.mp3,,,
"Den rettede version har en tydelig indledning, to afsnit med hver sin idé og en afslutning — samme indhold, men nu kan læseren følge tankerne fra start til slut.",d0-l52-r14.mp3,,,
Efter min mening burde alle lære et fremmedsprog.,d0-l53-a.mp3,,,
"Eksempel-afsnit Efter min mening burde alle voksne lære mindst ét fremmedsprog. For det første åbner sprog døre til andre mennesker og kulturer, fordi man pludselig kan tale sammen — ikke kun smile. For eksempel fik jeg selv mit første danske job, fordi jeg kunne tage samtalen på dansk. Desuden viser forskning, at sprogindlæring holder hjernen ung. Derfor er mit råd enkelt: Start i dag — det er aldrig for sent! Eksempel 2: Byen eller landet? Efter min mening er livet på landet bedre for børnefamilier. For det første er der mere plads og frisk luft, fordi husene er større og billigere end i byen. For eksempel har mine naboer en have, hvor børnene leger ude hver eneste dag. Nogle vil måske sige, at der er for langt til arbejde og skole. Det er et godt modargument — men på den anden side er man tit hurtigere med toget end i byens myldretid. Desuden er jeg overbevist om, at ro og natur gør hverdagen mindre stresset. På den ene side koster to biler penge"," på den anden side sparer man en dyr lejlighed. Alt i alt mener jeg, at fordelene ved landet vejer tungere end ulemperne — i hvert fald når børnene er små. Kladde med fejl: Hjemmearbejde er godt. Alle burde arbejde hjemme. Det er bare bedre. Kontoret er dårligt. Rettet version: Efter min mening burde flere have mulighed for at arbejde hjemme et par dage om ugen. For det første sparer man transporttid, fordi man ikke skal pendle frem og tilbage hver dag. For eksempel sparer min kollega to timer, hver gang hun arbejder hjemmefra — tid, som hun nu bruger med sine børn. Nogle vil måske sige, at man mister det sociale fællesskab på kontoret. Det er delvist rigtigt, men man kan jo mødes fast to eller tre dage om ugen. Alt i alt vejer fordelene tungere end ulemperne — i hvert fald for familier med små børn. Kort sagt: Kladden påstår kun — den rettede version begrunder med fordi, viser med for eksempel og svarer på et modargument. Det er forskellen mellem en mening og en argumentation.",d0-l53-t.mp3,,
et synspunkt,d0-l53-v01.mp3,,,
for eksempel,d0-l53-v04.mp3,,,
et fremmedsprog,d0-l53-v05.mp3,,,
forskning,d0-l53-v06.mp3,,,
en hjerne,d0-l53-v07.mp3,,,
sprogindlæring,d0-l53-v08.mp3,,,
enkel,d0-l53-v09.mp3,,,
at åbne døre,d0-l53-v10.mp3,,,
at være overbevist om,d0-l53-v13.mp3,,,
enig i,d0-l53-v16.mp3,,,
uenig i,d0-l53-v17.mp3,,,
et modargument,d0-l53-v18.mp3,,,
at veje tungere end,d0-l53-v19.mp3,,,
at påstå,d0-l53-v24.mp3,,,
"For eksempel fik jeg selv mit første danske job, fordi jeg kunne tage samtalen på dansk.",d0-l53-r1.mp3,,,
sprog åbner døre,d0-l53-l7.mp3,,,
"Nogle vil måske sige, at der er for langt til arbejde og skole. Det er et godt modargument — men på den anden side er man tit hurtigere med toget end i byens myldretid.",d0-l53-r10.mp3,,,
på den ene side er det dyrt,d0-l53-l11.mp3,,,
"Kort sagt: Kladden påstår kun — den rettede version begrunder med fordi, viser med for eksempel og svarer på et modargument.",d0-l53-r15.mp3,,,
"Grafen viser, at antallet er steget.",d0-l54-a.mp3,,,
"Eksempel: en graf om cykling Grafen viser, hvor mange danskere der cykler til arbejde. Man kan se, at antallet er steget fra 20 procent i 2010 til 32 procent i dag. Det er interessant, at stigningen er størst i de store byer — i København cykler næsten halvdelen. Det kan skyldes, at byerne har bygget flere cykelstier, og at det er blevet dyrere at køre bil. Alt i alt viser grafen en klar tendens: Cyklen vinder. Eksempel 2: en graf om tv og streaming Grafen viser, hvor mange timer unge mellem 15 og 25 år ser almindeligt tv og streaming om ugen. Det fremgår af grafen, at tv-tiden er faldet fra cirka ti timer i 2015 til under tre timer i dag — der er altså sket et stort fald, og antallet er mere end halveret. Streaming er derimod steget kraftigt: fra seks timer til næsten tolv timer om ugen — en fordobling på under ti år. Sammenlignet med 2015 bruger de unge altså mere skærmtid i alt, selv om det klassiske tv taber. Det kan skyldes, at streaming er billigere, og at man selv kan vælge, hvornår og hvor man vil se. På den baggrund kan man sige, at en hel generation er ved at sige farvel til det gamle fjernsyn. Alt i alt viser grafen en klar tendens — og to tal er nok til at bevise den: tre timer mod tolv. Kladde med fejl: Grafen viser cykler. Tallet går op. Det er mange. Måske folk kan lide cykler. Rettet version: Grafen viser, hvor mange indbyggere i Aarhus der bruger cyklen som deres vigtigste transportmiddel. Det fremgår af grafen, at andelen er steget fra cirka 25 procent i 2018 til næsten 40 procent i dag. Det er interessant, at stigningen er størst blandt de unge under 30 år. Det kan skyldes, at byen har åbnet nye cykelstier, og at flere unge dropper bilen af hensyn til klimaet. På den baggrund kan man sige, at tendensen er både klar og stabil. Sammenlign selv de to versioner: Kladden har ingen tal, ingen faste vendinger og et gæt uden form. Den rettede version følger de fire trin — og så skriver grafteksten næsten sig selv. Lær trinene udenad, og lad tallene gøre arbejdet.",d0-l54-t.mp3,,,
en graf,d0-l54-v01.mp3,,,
"man kan se, at",d0-l54-v03.mp3,,,
interessant,d0-l54-v04.mp3,,,
at skyldes,d0-l54-v05.mp3,,,
en tendens,d0-l54-v06.mp3,,,
klar,d0-l54-v07.mp3,,,
en cykelsti,d0-l54-v08.mp3,,,
at bygge,d0-l54-v09.mp3,,,
at vinde,d0-l54-v10.mp3,,,
størst,d0-l54-v11.mp3,,,
"det fremgår af grafen, at",d0-l54-v13.mp3,,,
at fordoble,d0-l54-v16.mp3,,,
at halvere,d0-l54-v17.mp3,,,
sammenlignet med,d0-l54-v18.mp3,,,
på den baggrund,d0-l54-v19.mp3,,,
cirka,d0-l54-v20.mp3,,,
en indbygger,d0-l54-v21.mp3,,,
et transportmiddel,d0-l54-v23.mp3,,,
"Det kan skyldes, at byerne har bygget flere cykelstier, og at det er blevet dyrere at køre bil.",d0-l54-r1.mp3,,,
grafen viser en klar tendens,d0-l54-l8.mp3,,,
"Det fremgår af grafen, at tv-tiden er faldet fra cirka ti timer i 2015 til under tre timer i dag — der er altså sket et stort fald, og antallet er mere end halveret.",d0-l54-r10.mp3,,,
"det fremgår af grafen, at antallet er faldet",d0-l54-l11.mp3,,,
"Kladden har ingen tal, ingen faste vendinger og et gæt uden form. Den rettede version følger de fire trin — og så skriver grafteksten næsten sig selv.",d0-l54-r15.mp3,,,
"det kan skyldes, at byen har åbnet nye cykelstier",d0-l54-l18.mp3,,,
"Jeg skriver, fordi jeg gerne vil ændre min adresse.",d0-l55-a.mp3,,,
"To breve, én sag (Til en ven) Hej Mette! Tak for sidst — det var en dejlig aften! Jeg skriver, fordi jeg skal flytte næste måned og har brug for hjælp. Kan du hjælpe mig på lørdag? Jeg giver pizza! Mange hilsner, Amir (Til kommunen) Til Borgerservice, Aarhus Kommune Jeg skriver, fordi jeg flytter den 1. juni og gerne vil ændre min adresse. Jeg vil desuden gerne bede om information om parkering i det nye område. På forhånd tak. Med venlig hilsen, Amir Ahmadi Brev 3: en klage (formelt) Til Kundeservice, RejsePlus Jeg skriver, fordi jeg gerne vil klage over en busrejse, som jeg købte hos jer den 3. maj. Bussen kom over to timer for sent til København, og vi fik ingen information undervejs. Jeg kom derfor for sent til en vigtig aftale. Jeg vil gerne bede om at få en del af pengene tilbage. Jeg har vedhæftet min billet og min kvittering som dokumentation. Jeg håber, at I kan hjælpe mig, og jeg ser frem til jeres svar. På forhånd tak. Med venlig hilsen Amir Ahmadi (Og til en ven skriver man bare: Hej Lars! Tusind tak for i lørdag — du reddede min flytning! Jeg glæder mig til at høre fra dig. Hils familien! Mange hilsner, Amir) Brev 4: en aflysning (formelt) Til Tandlægehuset Vest Jeg skriver, fordi jeg desværre er nødt til at aflyse min tid på torsdag den 12. juni klokken 14. Mit barn er blevet sygt, og jeg kan derfor ikke komme. Jeg vil gerne bede om en ny tid — gerne en formiddag i næste uge, hvis det er muligt. Jeg beklager ulejligheden og håber, at I hurtigt kan finde en ledig tid til mig. På forhånd tak. Med venlig hilsen Sara Karimi Brev 5: en invitation (uformelt) Hej Jonas! Vi holder fest på lørdag, fordi Amir har bestået sin prøve — det skal fejres! Vi begynder klokken 18, og du må meget gerne tage din kæreste med. Kan du give besked senest torsdag, om I kommer? Vi glæder os til at se jer! Mange hilsner, Sara To nye situationer, samme regel som altid: Find først modtageren — og vælg så sproget.",d0-l55-t.mp3,,,
"Kære Lars … Kærlig hilsen, Amir",d0-l55-c1.mp3,,,
"Til kommunen … Med venlig hilsen, Amir Ahmadi",d0-l55-c2.mp3,,,
"Jeg skriver, fordi …",d0-l55-c3.mp3,,,
Jeg vil gerne bede om …,d0-l55-c4.mp3,,,
Jeg vil gerne klage over …,d0-l55-c5.mp3,,,
Jeg ser frem til jeres svar.,d0-l55-c6.mp3,,,
"et brev, breve",d0-l55-v01.mp3,,,
formel,d0-l55-v02.mp3,,,
kære,d0-l55-v04.mp3,,,
med venlig hilsen,d0-l55-v05.mp3,,,
mange hilsner,d0-l55-v06.mp3,,,
at bede om,d0-l55-v07.mp3,,,
på forhånd tak,d0-l55-v08.mp3,,,
at have brug for,d0-l55-v10.mp3,,,
et område,d0-l55-v12.mp3,,,
en klage,d0-l55-v14.mp3,,,
kundeservice,d0-l55-v15.mp3,,,
at vedhæfte,d0-l55-v16.mp3,,,
at se frem til,d0-l55-v18.mp3,,,
undervejs,d0-l55-v19.mp3,,,
jeg glæder mig til at høre fra dig,d0-l55-v20.mp3,,,
jeg beklager ulejligheden,d0-l55-v22.mp3,,,
at give besked,d0-l55-v23.mp3,,,
"Jeg skriver, fordi jeg flytter den 1. juni og gerne vil ændre min adresse. Jeg vil desuden gerne bede om information om parkering i det nye område.",d0-l55-r1.mp3,,,
"Jeg skriver, fordi jeg gerne vil klage over en busrejse, som jeg købte hos jer den 3. maj. Bussen kom over to timer for sent til København, og vi fik ingen information undervejs.",d0-l55-r10.mp3,,,
jeg ser frem til jeres svar,d0-l55-l11.mp3,,,
"Jeg skriver, fordi jeg desværre er nødt til at aflyse min tid på torsdag den 12. juni klokken 14. Mit barn er blevet sygt, og jeg kan derfor ikke komme. Jeg vil gerne bede om en ny tid — gerne en formiddag i næste uge, hvis det er muligt.",d0-l55-r15.mp3,,,
Jeg søger stillingen som køkkenassistent.,d0-l56-a.mp3,,,
"Ansøgning: køkkenassistent Kære Nordvest Køkken Jeg søger stillingen som køkkenassistent, som I har slået op på jobnet.dk. Jeg elsker at arbejde med mad, og jeres køkken har et rigtig godt ry. Jeg har arbejdet tre år som kok i Iran og et år i en dansk kantine. Jeg er vant til travlhed, jeg er fleksibel med arbejdstider, og mine kolleger siger, at jeg altid er i godt humør. Jeg kommer meget gerne til en samtale, så I kan møde mig. I kan kontakte mig på 12 34 56 78. Med venlig hilsen Amir Ahmadi Ansøgning 2: butiksassistent Kære Netto Åbyhøj Jeg så jeres opslag om en butiksassistent på jeres hjemmeside, og jeg søger hermed stillingen. Jeg har to års erfaring med kundeservice fra en kiosk, hvor jeg stod for både kassen og varerne. Jeg trives med at arbejde i et team, og jeg er ikke bange for at tage fat, når der er travlt. Mine kolleger siger, at kunderne altid får et smil med på vejen. Jeg kan arbejde både aftener og weekender, og jeg bor kun ti minutter fra butikken. Der er vedhæftet et CV med mine tidligere jobs. Jeg står til rådighed for en samtale, når det passer jer. Med venlig hilsen Sara Karimi Kladde med fejl: Hej! Jeg vil have jobbet. Jeg er den bedste. Jeg kan alt. Ring til mig. Hilsen Ali. Rettet version: Kære Café Morgen Jeg søger stillingen som medhjælper, som I har slået op i vinduet. Jeg har arbejdet et år i en kantine, og jeg er vant til travle formiddage. Mine kolleger siger, at jeg altid møder til tiden og holder hovedet koldt, når der er kø. Jeg kan begynde med det samme, og jeg er fleksibel med vagter — også i weekenden. Jeg kommer gerne til en samtale, når det passer jer. Med venlig hilsen Ali Rezaei Hvad var galt i kladden? Tonen var forkert (Hej! til en arbejdsgiver), og sætningen »Jeg er den bedste« virker pralende i Danmark. Den rettede version viser det samme selvværd — men gennem konkrete eksempler, og det er den tone, en dansk arbejdsgiver forventer.",d0-l56-t.mp3,,,
Jeg søger stillingen som …,d0-l56-c1.mp3,,,
Jeg er vant til travlhed.,d0-l56-c2.mp3,,,
Jeg er fleksibel og ansvarlig.,d0-l56-c3.mp3,,,
Jeg kommer gerne til en samtale.,d0-l56-c4.mp3,,,
Jeg har to års erfaring med kundeservice.,d0-l56-c5.mp3,,,
Jeg står til rådighed for en samtale.,d0-l56-c6.mp3,,,
travlhed,d0-l56-v04.mp3,,,
fleksibel,d0-l56-v05.mp3,,,
udadvendt,d0-l56-v07.mp3,,,
stabil,d0-l56-v08.mp3,,,
et ry,d0-l56-v09.mp3,,,
at kontakte,d0-l56-v11.mp3,,,
en arbejdstid,d0-l56-v12.mp3,,,
et opslag,d0-l56-v13.mp3,,,
erfaring med,d0-l56-v14.mp3,,,
at trives med,d0-l56-v15.mp3,,,
at tage fat,d0-l56-v16.mp3,,,
at stå til rådighed,d0-l56-v18.mp3,,,
hermed,d0-l56-v19.mp3,,,
en butiksassistent,d0-l56-v20.mp3,,,
en medhjælper,d0-l56-v21.mp3,,,
at møde til tiden,d0-l56-v22.mp3,,,
at holde hovedet koldt,d0-l56-v23.mp3,,,
pralende,d0-l56-v24.mp3,,,
"Jeg har arbejdet tre år som kok i Iran og et år i en dansk kantine. Jeg er vant til travlhed, jeg er fleksibel med arbejdstider, og mine kolleger siger, at jeg altid er i godt humør.",d0-l56-r1.mp3,,,
I kan kontakte mig på telefon,d0-l56-l8.mp3,,,
"Jeg har to års erfaring med kundeservice fra en kiosk, hvor jeg stod for både kassen og varerne. Jeg trives med at arbejde i et team, og jeg er ikke bange for at tage fat, når der er travlt.",d0-l56-r10.mp3,,,
jeg står til rådighed for en samtale,d0-l56-l11.mp3,,,
"Hvad var galt i kladden? Tonen var forkert (Hej! til en arbejdsgiver), og sætningen »Jeg er den bedste« virker pralende i Danmark.",d0-l56-r15.mp3,,,
jeg kan begynde med det samme,d0-l56-l18.mp3,,,
Derfor tager jeg bussen hver dag.,d0-l57-a.mp3,,,
"Teksten før og efter (Før — med fejl:) derfor jeg tager bussen hver dag. jeg synes, at bussen er ikke dyr. det er en stort fordel. (Efter — rettet:) Derfor tager jeg bussen hver dag. Jeg synes, at bussen ikke er dyr. Det er en stor fordel. Tre fejl, tre nøgler: V2 efter derfor, SAV efter at, og en/et-bøjning. Fem minutter — og teksten løfter sig en hel karakter! Endnu en tekst — før og efter (Før:) jeg vil fortælle om min ferie. vi rejste til italien i juli, og vejret var dejligt varmt. min søn siger, at han vil gerne tilbage igen. det var en dejligt tur. (Efter:) Jeg vil fortælle om min ferie. Vi rejste til Italien i juli, og vejret var dejligt varmt. Min søn sagde, at han gerne ville tilbage igen. Det var en dejlig tur. Denne gang gemmer der sig fejl i fem familier: små bogstaver i starten af sætningerne, Italien med lille bogstav (lande skrives med stort!), et tidsskifte (siger → sagde), en SAV-fejl (gerne skal stå før ville) og en adjektivfejl (en dejlig tur — en-ord uden t). Læs teksten bagfra, sætning for sætning — så finder øjet formen i stedet for meningen. Fem minutter med rettenøglen, og teksten løfter sig igen en hel karakter. En tredje tekst — prøv selv først (Før:) Jeg arbejder på en butik i mandag til fredag. Butikken åbner klokken otte, og butikken lukker klokken otte om aftenen. Butikken har mange kunder på sommeren. (Efter:) Jeg arbejder i en butik fra mandag til fredag. Butikken åbner klokken otte, og den lukker klokken otte om aftenen. Den har mange kunder om sommeren. Denne gang var det jagt nummer seks og syv: tre forkerte præpositioner (i en butik, fra mandag, om sommeren) og ordet »butikken«, som blev gentaget tre gange — anden og tredje gang skal det bare hedde den. Præpositionsfejl er lumske, fordi teksten stadig kan forstås"," derfor ser øjet dem ikke ved en almindelig gennemlæsning. Tag altid en ekstra runde kun for præpositioner og gentagelser — det tager to minutter og fanger de fejl, som resten af rettenøglen springer over.",d0-l57-t.mp3,,
en rettenøgle,d0-l57-v01.mp3,,,
en karakter,d0-l57-v04.mp3,,,
stort bogstav,d0-l57-v06.mp3,,,
at løfte sig,d0-l57-v08.mp3,,,
at tjekke,d0-l57-v09.mp3,,,
omhyggelig,d0-l57-v10.mp3,,,
en gennemlæsning,d0-l57-v12.mp3,,,
bagfra,d0-l57-v13.mp3,,,
et tidsskifte,d0-l57-v15.mp3,,,
en fejlliste,d0-l57-v16.mp3,,,
at gemme sig,d0-l57-v17.mp3,,,
et navneord,d0-l57-v18.mp3,,,
at fortælle om,d0-l57-v19.mp3,,,
en præposition,d0-l57-v21.mp3,,,
lumsk,d0-l57-v22.mp3,,,
en gentagelse,d0-l57-v23.mp3,,,
"(Før:) derfor jeg tager bussen hver dag. jeg synes, at bussen er ikke dyr. det er en stort fordel. Tre fejl, tre nøgler: V2 efter derfor, SAV efter at, og en/et-bøjning.",d0-l57-r1.mp3,,,
"(Før:) min søn siger, at han vil gerne tilbage igen. det var en dejligt tur. (Efter:) Min søn sagde, at han gerne ville tilbage igen. Det var en dejlig tur.",d0-l57-r10.mp3,,,
læs teksten bagfra,d0-l57-l11.mp3,,,
"Præpositionsfejl er lumske, fordi teksten stadig kan forstås", derfor ser øjet dem ikke ved en almindelig gennemlæsning.,d0-l57-r15.mp3,,
"Alt i alt synes jeg, at rejsen har været det hele værd.",d0-l58-a.mp3,,,
"Mit liv i Danmark — før og nu I denne tekst vil jeg skrive om, hvordan mit liv har forandret sig i Danmark. Da jeg kom hertil for tre år siden, kunne jeg ingenting sige. For det første var sproget en mur. Jeg forstod ikke engang bussens skilte. Desuden kendte jeg ingen mennesker. I dag er alt anderledes. Jeg arbejder, jeg har danske venner, og jeg er medlem af en forening. Jo mere jeg deltager, jo mere føler jeg mig hjemme. Alligevel savner jeg nogle gange min familie — det er helt naturligt. Alt i alt synes jeg, at rejsen har været det hele værd. Sproget er ikke længere en mur — det er blevet min bro. Endnu et eksempel: Mit sprog — min nøgle I denne tekst vil jeg skrive om, hvad det danske sprog betyder for mig. For det første handler sprog om arbejde. Da jeg kun kunne lidt dansk, fik jeg kun små jobs. Efter min mening åbner sproget døre, fordi kollegerne pludselig ser dig — ikke kun dit arbejde. For eksempel blev jeg inviteret med til julefrokost, da jeg begyndte at tale dansk i pausen. Desuden handler sprog om følelser. På mit modersmål kan jeg lave sjov"," på dansk var jeg længe alt for stille. Alligevel prøver jeg hver dag, og heldigvis griner mine kolleger nu med mig — og ikke ad mig. Alt i alt er sproget min nøgle til Danmark. Kort sagt: Uden dansk står døren på klem — med dansk står den helt åben. Kladde med fejl: jeg vil skrive om mine venner i danmark. i starten jeg havde ingen venner. jeg synes, at det var ikke nemt. nu jeg har mange venner. Rettet version: I denne tekst vil jeg skrive om mine venner i Danmark. I starten havde jeg ingen venner, og jeg synes, at det ikke var nemt at komme i kontakt med danskerne. Derfor meldte jeg mig ind i en løbeklub. For det første fik jeg motion, og desuden mødte jeg mennesker med samme interesse. For eksempel inviterede min løbemakker mig med til sin fødselsdag efter kun en måned. Alt i alt har venskaber gjort Danmark til mit hjem — og det hele begyndte med et par løbesko. Fire slags fejl blev rettet: små begyndelsesbogstaver, Danmark med lille, manglende inversion og én SAV-fejl. Og læg mærke til, hvordan den rettede version bruger hele værktøjskassen: indledning, konnektorer, eksempel og afslutning.",d0-l58-t.mp3,,
1. Disposition,d0-l58-c1.mp3,,,
2. Skriv med konnektorer,d0-l58-c2.mp3,,,
3. Rettenøglen — fem tjek,d0-l58-c3.mp3,,,
4. Send til feedback,d0-l58-c4.mp3,,,
5. Gem dine tekster,d0-l58-c5.mp3,,,
et projekt,d0-l58-v01.mp3,,,
et skilt,d0-l58-v02.mp3,,,
ikke engang,d0-l58-v03.mp3,,,
at føle sig hjemme,d0-l58-v04.mp3,,,
naturligt,d0-l58-v06.mp3,,,
det hele værd,d0-l58-v08.mp3,,,
feedback,d0-l58-v09.mp3,,,
at forbedre,d0-l58-v10.mp3,,,
et udkast,d0-l58-v11.mp3,,,
at lave sjov,d0-l58-v14.mp3,,,
at grine med,d0-l58-v16.mp3,,,
på klem,d0-l58-v19.mp3,,,
at melde sig ind i,d0-l58-v21.mp3,,,
et venskab,d0-l58-v22.mp3,,,
en værktøjskasse,d0-l58-v23.mp3,,,
"Alt i alt synes jeg, at rejsen har været det hele værd. Sproget er ikke længere en mur — det er blevet min bro.",d0-l58-r1.mp3,,,
jeg føler mig hjemme,d0-l58-l6.mp3,,,
Desuden handler sprog om følelser. På mit modersmål kan jeg lave sjov," på dansk var jeg længe alt for stille. Alligevel prøver jeg hver dag, og heldigvis griner mine kolleger nu med mig — og ikke ad mig.",d0-l58-r9.mp3,,
sproget er min nøgle til danmark,d0-l58-l10.mp3,,,
"Derfor meldte jeg mig ind i en løbeklub. For det første fik jeg motion, og desuden mødte jeg mennesker med samme interesse. For eksempel inviterede min løbemakker mig med til sin fødselsdag efter kun en måned.",d0-l58-r14.mp3,,,
Prøven består af tre dele.,d0-l59-a.mp3,,,
"Kære kursist Du er nu tæt på målet: Prøve i Dansk 3. Prøven består af tre dele: læsning, skrivning og en mundtlig prøve. Det vigtigste at vide er, at prøven ikke tester perfektion — den tester, om du kan klare hverdagen på dansk. Du må gerne lave små fejl, hvis du kan kommunikere klart. I de næste lektioner får du en strategi for hver del — og du træner i appens simulatorer, som ligner den rigtige prøve. Husk: Du har allerede sproget. Nu handler det om teknik og ro! Sådan foregår selve dagen De skriftlige prøver ligger normalt på én dag: Om formiddagen læser du, og efter en pause skriver du. Husk at medbringe billedlegitimation — for eksempel dit pas eller dit opholdskort — ellers må du ikke komme ind i lokalet. Mobilen skal være slukket og ligge i tasken. Til skriveprøven må du bruge en ordbog, men til læseprøven må du ikke. Den mundtlige prøve ligger på en anden dag. Du venter uden for lokalet, og en eksaminator og en censor tager imod dig — de smiler mere, end du tror! Kom i god tid, gerne en halv time før, så du kan finde lokalet, drikke lidt vand og trække vejret roligt. Resultatet kommer efter nogle uger. Og når du har bestået, så husk at fejre det — det har du fortjent. En uges tjekliste før prøvedagen Syv dage før: Find dit pas eller dit opholdskort frem, og tjek, at det ikke er udløbet. Fem dage før: Undersøg, hvor prøven ligger, og hvordan du kommer derhen — findes der parkering, eller skal du med bus? Tre dage før: Læs din indkaldelse igen. Hvornår skal du møde? Hvad må du medbringe? Dagen før: Pak tasken med legitimation, vand, en lille snack og din ordbog til skrivedelen. Sæt to vækkeure. På selve dagen: Spis morgenmad, tag hjemmefra i god tid, og sluk telefonen, før du går ind. Og ét råd til, som mange glemmer: Tal dansk hele morgenen — hør dansk radio på vejen, så hjernen allerede er i gang, når prøven begynder. En kursist med en færdig tjekliste bruger sin energi på sproget — ikke på panik.",d0-l59-t.mp3,,,
Læseforståelse — 90 min.,d0-l59-c1.mp3,,,
Skriftlig fremstilling — 120 min.,d0-l59-c2.mp3,,,
Mundtlig prøve — ca. 20 min.,d0-l59-c3.mp3,,,
Karakterskala: 02 er bestået.,d0-l59-c4.mp3,,,
Husk billedlegitimation!,d0-l59-c5.mp3,,,
"en del, dele",d0-l59-v02.mp3,,,
at bestå af,d0-l59-v03.mp3,,,
læsning,d0-l59-v05.mp3,,,
skrivning,d0-l59-v06.mp3,,,
perfektion,d0-l59-v10.mp3,,,
at kommunikere,d0-l59-v11.mp3,,,
en strategi,d0-l59-v12.mp3,,,
en simulator,d0-l59-v13.mp3,,,
billedlegitimation,d0-l59-v15.mp3,,,
et opholdskort,d0-l59-v17.mp3,,,
at medbringe,d0-l59-v19.mp3,,,
i god tid,d0-l59-v20.mp3,,,
udløbet,d0-l59-v21.mp3,,,
en indkaldelse,d0-l59-v22.mp3,,,
et vækkeur,d0-l59-v23.mp3,,,
"Det vigtigste at vide er, at prøven ikke tester perfektion — den tester, om du kan klare hverdagen på dansk. Du må gerne lave små fejl, hvis du kan kommunikere klart.",d0-l59-r1.mp3,,,
du har allerede sproget,d0-l59-l7.mp3,,,
"Husk at medbringe billedlegitimation — for eksempel dit pas eller dit opholdskort — ellers må du ikke komme ind i lokalet. Mobilen skal være slukket og ligge i tasken. Til skriveprøven må du bruge en ordbog, men til læseprøven må du ikke.",d0-l59-r9.mp3,,,
kom i god tid,d0-l59-l10.mp3,,,
"Og ét råd til, som mange glemmer: Tal dansk hele morgenen — hør dansk radio på vejen, så hjernen allerede er i gang, når prøven begynder.",d0-l59-r13.mp3,,,
sæt to vækkeure,d0-l59-l16.mp3,,,
"Læs først spørgsmålene, så du ved, hvad du leder efter.",d0-l60-a.mp3,,,
"Sådan læser du til prøven Mange kursister læser hele teksten fra start til slut — og løber tør for tid. Gør det modsatte: Læs først spørgsmålene, så du ved, hvad du leder efter. Skim derefter overskrifterne og den første linje i hvert afsnit. Når du kender tekstens struktur, skanner du efter nøgleord: navne, tal og datoer springer i øjnene. Mød du et ukendt ord? Gæt fra sammenhængen, og læs videre — du behøver ikke forstå hvert ord for at svare rigtigt. Med denne teknik har de fleste tid til at tjekke svarene til sidst. Et eksempel fra virkeligheden Læs dette lille opslag, som det kunne se ud i prøven: »Svømmehallen holder lukket i uge 29 på grund af rengøring. Morgensvømning flytter i denne periode til hallen på Parkvej, som åbner klokken 6.30. Billetter købt i juli gælder også i august.« Et typisk spørgsmål lyder: Hvornår åbner hallen på Parkvej? Du skanner efter et tal — 6.30 — og svaret er fundet på ti sekunder. Læg mærke til fælderne: Opslaget indeholder flere tal og oplysninger (uge 29, klokken 6.30, juli og august), og de forkerte svarmuligheder bruger netop dem. Tjek derfor altid dit svar mod teksten, før du går videre — og begynd gerne med de korte opslag, for de giver hurtige point. Endnu et eksempel — overskrift-opgaven I prøven skal du tit matche overskrifter med afsnit. Prøv med dette afsnit: »Flere og flere danskere dyrker vinterbadning. De mødes ved havet tidligt om morgenen, dypper sig i det iskolde vand og drikker derefter kaffe sammen. Forskerne mener, at det kolde vand kan styrke både kroppen og humøret.« Tre mulige overskrifter: 1) Kaffe er blevet dyrere, 2) Koldt vand, varmt fællesskab, 3) Farligt at bade om vinteren. Nummer 1 nævner kaffe — men kaffen er en detalje, ikke pointen. Nummer 3 lyder dramatisk, men teksten siger intet om fare. Nummer 2 dækker begge dele: det kolde vand og det sociale. Strategien er altid den samme: Find afsnittets hovedidé — ikke en detalje, der tilfældigvis også står i overskriften. Detaljefælden er den mest almindelige fejl i netop denne opgavetype.",d0-l60-t.mp3,,,
1. Læs spørgsmålene først!,d0-l60-c1.mp3,,,
2. Skim overskrifter og første linjer.,d0-l60-c2.mp3,,,
3. Skan efter nøgleord.,d0-l60-c3.mp3,,,
4. Læs kun dét sted grundigt.,d0-l60-c4.mp3,,,
en læsestrategi,d0-l60-v01.mp3,,,
et spørgsmål,d0-l60-v02.mp3,,,
en overskrift,d0-l60-v03.mp3,,,
et nøgleord,d0-l60-v04.mp3,,,
at skimme,d0-l60-v05.mp3,,,
at skanne,d0-l60-v06.mp3,,,
grundigt,d0-l60-v07.mp3,,,
at løbe tør for,d0-l60-v08.mp3,,,
det modsatte,d0-l60-v09.mp3,,,
at gætte,d0-l60-v11.mp3,,,
ukendt,d0-l60-v12.mp3,,,
at springe i øjnene,d0-l60-v13.mp3,,,
på grund af,d0-l60-v16.mp3,,,
at gælde,d0-l60-v17.mp3,,,
en fælde,d0-l60-v18.mp3,,,
vinterbadning,d0-l60-v20.mp3,,,
en hovedidé,d0-l60-v21.mp3,,,
en detalje,d0-l60-v22.mp3,,,
tilfældigvis,d0-l60-v23.mp3,,,
"Mange kursister læser hele teksten fra start til slut — og løber tør for tid. Gør det modsatte: Læs først spørgsmålene, så du ved, hvad du leder efter.",d0-l60-r1.mp3,,,
læs spørgsmålene først,d0-l60-l7.mp3,,,
"»Svømmehallen holder lukket i uge 29 på grund af rengøring. Morgensvømning flytter i denne periode til hallen på Parkvej, som åbner klokken 6.30. Billetter købt i juli gælder også i august.«",d0-l60-r9.mp3,,,
tjek altid dit svar mod teksten,d0-l60-l10.mp3,,,
"Nummer 1 nævner kaffe — men kaffen er en detalje, ikke pointen. Nummer 2 dækker begge dele: det kolde vand og det sociale.",d0-l60-r13.mp3,,,
de mødes ved havet tidligt om morgenen,d0-l60-l16.mp3,,,
Gem de sidste tyve minutter til rettenøglen.,d0-l61-a.mp3,,,
"Din plan for de 120 minutter Brug de første ti minutter på at læse opgaverne grundigt — mange point tabes, fordi en del af opgaven ikke besvares. Lav en kort disposition til begge tekster, før du skriver. Skriv den korte opgave først: en mail på cirka 100 ord. Brug derefter en time på den store opgave, og følg din disposition — indledning, hoveddel, afslutning. Gem de sidste tyve minutter til rettenøglen: verbet på anden plads? SAV? en eller et? Og husk: En enkel sætning uden fejl er bedre end en lang sætning med tre fejl. Et eksempel på opgave 1 Opgaven kunne lyde: »Din veninde Sara flytter til en ny by med sine to børn. Skriv en mail til skolen: Præsentér familien, forklar hvorfor de flytter, og spørg om skolestart.« Et godt svar rammer alle tre punkter: »Kære Nordskolen Jeg skriver på vegne af min veninde Sara, som flytter til byen i august sammen med sine to børn. Familien flytter, fordi Sara har fået nyt arbejde på sygehuset. Børnene er 7 og 10 år gamle, og de glæder sig til at starte. Kan I oplyse, hvornår de kan begynde, og hvad de skal medbringe den første dag? På forhånd tak for hjælpen. Med venlig hilsen Mina« Tæl selv efter: tre punkter i opgaven, tre afsnit i svaret — sådan sikrer du dig alle point. Et kig på opgave 2 — sådan tænker bedømmeren Forestil dig, at to kursister skriver om den samme graf over unges skærmtid. Kursist A skriver ti flotte linjer — men kun om sin egen mening"," grafen bliver aldrig nævnt. Kursist B skriver enklere sætninger, men følger opgaven: to tal fra grafen, en tendens, en mulig forklaring og til sidst en personlig vurdering. Kursist B får den bedste karakter. Hvorfor? Fordi bedømmeren først og fremmest ser på, om opgaven er løst — sprogets skønhed kommer i anden række. Derfor: Læs opgaven to gange, og understreg alle krav med din blyant. Skriv kravene som en lille huskeliste øverst på papiret, og sæt et kryds, hver gang et krav er opfyldt. Når du har lært den vane, mister du aldrig point på noget, du faktisk godt kunne have skrevet.",d0-l61-t.mp3,,
at besvare,d0-l61-v02.mp3,,,
et point,d0-l61-v03.mp3,,,
at tabe,d0-l61-v04.mp3,,,
begge,d0-l61-v05.mp3,,,
at følge,d0-l61-v07.mp3,,,
at nå,d0-l61-v11.mp3,,,
på vegne af,d0-l61-v17.mp3,,,
at oplyse,d0-l61-v18.mp3,,,
en bedømmer,d0-l61-v20.mp3,,,
et krav,d0-l61-v21.mp3,,,
at understrege,d0-l61-v22.mp3,,,
en huskeliste,d0-l61-v23.mp3,,,
"Brug de første ti minutter på at læse opgaverne grundigt — mange point tabes, fordi en del af opgaven ikke besvares.",d0-l61-r1.mp3,,,
lav en kort disposition,d0-l61-l7.mp3,,,
"Kan I oplyse, hvornår de kan begynde, og hvad de skal medbringe den første dag? På forhånd tak for hjælpen.",d0-l61-r9.mp3,,,
på forhånd tak for hjælpen,d0-l61-l10.mp3,,,
"Kursist B får den bedste karakter. Hvorfor? Fordi bedømmeren først og fremmest ser på, om opgaven er løst — sprogets skønhed kommer i anden række.",d0-l61-r13.mp3,,,
Jeg vil gerne fortælle om motion i hverdagen.,d0-l62-a.mp3,,,
"Eksempel på en præsentation: Motion i hverdagen Jeg vil gerne fortælle om motion i hverdagen. For det første er motion vigtig for både kroppen og humøret. Man sover bedre, og man får mere energi. Desuden behøver det ikke koste noget: Man kan gå, løbe eller cykle — naturen er gratis! For eksempel cykler jeg selv til arbejde hver dag, og jeg går en tur med min kone om aftenen. Alt i alt synes jeg, at små vaner er vigtigere end store planer. Det var det — er der spørgsmål? Endnu et eksempel: Traditioner i min familie Jeg vil gerne fortælle om traditioner i min familie. For det første fejrer vi både danske og persiske traditioner: Vi holder jul med min mands familie, og i marts fejrer vi nowruz, det persiske nytår, med god mad og mange gæster. Desuden synes jeg, at traditioner er vigtige for børn — de giver minder og en følelse af at høre til. For eksempel dækker min datter altid bordet til nowruz, og hun fortæller stolt sine venner om det bagefter. Alt i alt tror jeg, at man sagtens kan have to kulturer i én familie — det gør livet rigere. Det var det — er der spørgsmål? Øv den højt med et ur foran dig — to minutter går hurtigere, end man tror. Efter præsentationen — eksaminators spørgsmål Eksaminator: Tak for din præsentation om motion. Du siger, at små vaner er vigtige — kan du give et eksempel til? Kursist: Ja, selvfølgelig. Jeg tager altid trappen i stedet for elevatoren, og jeg står af bussen ét stop før arbejdet. Eksaminator: Hvorfor tror du, at mange alligevel dropper motionen? Kursist: Det er et godt spørgsmål. Jeg tror, det handler om tid — mange har travlt med arbejde og børn. Derfor er små vaner netop bedre end store planer: De kræver ingen ekstra tid. Eksaminator: Har du selv et mål? Kursist: Ja, jeg vil gerne løbe fem kilometer til sommer. Jeg træner sammen med en kollega, for det er lettere, når man er to. Læg mærke til, hvad kursisten gør: svarer med eksempler, bruger sine faste vendinger og bliver rolig ved det svære spørgsmål — præcis det, prøven belønner.",d0-l62-t.mp3,,,
Jeg vil gerne fortælle om min hverdag.,d0-l62-c1.mp3,,,
For det første … Desuden …,d0-l62-c2.mp3,,,
For eksempel har jeg selv …,d0-l62-c3.mp3,,,
Det var det!,d0-l62-c4.mp3,,,
10-12 sætninger = 2 minutter.,d0-l62-c5.mp3,,,
at trække et emne,d0-l62-v03.mp3,,,
på en anden måde,d0-l62-v05.mp3,,,
det var det,d0-l62-v06.mp3,,,
er der spørgsmål?,d0-l62-v07.mp3,,,
at øve sig,d0-l62-v08.mp3,,,
sagtens,d0-l62-v18.mp3,,,
en kultur,d0-l62-v19.mp3,,,
en elevator,d0-l62-v21.mp3,,,
"Alt i alt synes jeg, at små vaner er vigtigere end store planer. Det var det — er der spørgsmål?",d0-l62-r1.mp3,,,
jeg vil gerne fortælle om min hverdag,d0-l62-l6.mp3,,,
"Desuden synes jeg, at traditioner er vigtige for børn — de giver minder og en følelse af at høre til.",d0-l62-r9.mp3,,,
traditioner er vigtige for børn,d0-l62-l10.mp3,,,
"Kursist: Ja, selvfølgelig. Jeg tager altid trappen i stedet for elevatoren, og jeg står af bussen ét stop før arbejdet.",d0-l62-r13.mp3,,,
Det er et godt spørgsmål. Kan du gentage det?,d0-l63-a.mp3,,,
"Til den mundtlige prøve Eksaminator: Her er et billede af en familie, der spiser sammen. Hvad ser du? Kursist: Jeg ser en familie ved middagsbordet. De taler sammen, og der er ingen telefoner — det er måske pointen! Eksaminator: Godt set! Spiser man sammen i din familie? Kursist: Ja, næsten hver aften. Jeg synes, at det er vigtigt, fordi vi taler om dagen. Men mine teenagebørn vil nogle gange hellere se en skærm … Har du det også sådan derhjemme? Eksaminator: Haha, det kender jeg godt! Kursist: Så er vi enige om, at det ikke altid er nemt — men det er værd at kæmpe for! Samtalen fortsætter Eksaminator: Nogle mener, at familier har for travlt i dag. Hvad tænker du om det? Kursist: Det er jeg delvist enig i. På den ene side arbejder mange forældre meget, og børnene har mange aktiviteter. På den anden side vælger man jo selv sin hverdag. Eksaminator: Hvordan er det i dit hjemland? Kursist: Det er lidt anderledes i Iran. Man bor tættere på familien, og man spiser næsten altid sammen — men til gengæld har unge måske mindre frihed. Der er fordele og ulemper ved begge dele. Eksaminator: Det er et godt svar. Har du et sidste ord? Kursist: Ja — jeg tror, det vigtigste er tiden sammen, ikke hvor perfekt maden er! En samtale om en statistik Eksaminator: Her er en lille statistik. Den viser, at 60 procent af danskerne træner mindst én gang om ugen. Hvad tænker du om det? Kursist: Det overrasker mig faktisk lidt. Tallet er højt — men på den anden side ser man jo også løbere overalt i parkerne. Eksaminator: Tror du, tallet ser sådan ud i alle aldersgrupper? Kursist: Nej, det tvivler jeg på. Jeg vil tro, at de unge træner mest. Men ældre går måske lange ture — tæller det med? Hvad tænker du? Eksaminator: Godt spørgsmål — ja, gåture tæller ofte med. Kursist: Så giver tallet god mening. I mit hjemland tror jeg, tallet er lavere, fordi fitness er dyrt, og byerne har færre grønne områder. Men det ændrer sig heldigvis. Læg mærke til teknikken: Kursisten reagerer på tallet, gætter forsigtigt, stiller et modspørgsmål og sammenligner med sit hjemland — fire træk, der holder samtalen i gang.",d0-l63-t.mp3,,,
Det er et godt spørgsmål.,d0-l63-c1.mp3,,,
Kan du gentage det?,d0-l63-c2.mp3,,,
"Som du siger, …",d0-l63-c3.mp3,,,
Jeg synes … Hvad mener du?,d0-l63-c4.mp3,,,
hellere,d0-l63-v06.mp3,,,
at kæmpe for,d0-l63-v07.mp3,,,
værd,d0-l63-v08.mp3,,,
godt set,d0-l63-v09.mp3,,,
et middagsbord,d0-l63-v11.mp3,,,
en teenager,d0-l63-v12.mp3,,,
delvist,d0-l63-v13.mp3,,,
at tvivle på,d0-l63-v21.mp3,,,
en aldersgruppe,d0-l63-v22.mp3,,,
et modspørgsmål,d0-l63-v23.mp3,,,
"Kursist: … Men mine teenagebørn vil nogle gange hellere se en skærm … Har du det også sådan derhjemme? Eksaminator: Haha, det kender jeg godt!",d0-l63-r1.mp3,,,
kan du gentage det,d0-l63-l6.mp3,,,
det er et godt spørgsmål,d0-l63-l7.mp3,,,
"Kursist: Det er lidt anderledes i Iran. Man bor tættere på familien, og man spiser næsten altid sammen — men til gengæld har unge måske mindre frihed. Der er fordele og ulemper ved begge dele.",d0-l63-r9.mp3,,,
der er fordele og ulemper ved begge dele,d0-l63-l10.mp3,,,
"Læg mærke til teknikken: Kursisten reagerer på tallet, gætter forsigtigt, stiller et modspørgsmål og sammenligner med sit hjemland — fire træk, der holder samtalen i gang.",d0-l63-r13.mp3,,,
det overrasker mig lidt,d0-l63-l16.mp3,,,
"En ven, vennen, venner, vennerne.",d0-l64-a.mp3,,,
"Bøjningens familie Hver dansk glose har en familie: Substantivet: en ven, vennen, venner, vennerne. Adjektivet: god, godt, gode — og den gode ven. Verbet: at se, ser, så, har set. Når du lærer et nyt ord, så lær hele familien med det samme. Det tager ti sekunder ekstra — og sparer dig for hundrede fejl til prøven. Drilsene i denne lektion træner netop det: hurtige, sikre former. Flere familier at træne Nogle ord følger ikke reglerne, og netop dem elsker prøven: Et barn, barnet, børn, børnene — og en mand, manden, mænd, mændene. Adjektivet lille bliver til små i flertal: et lille hus, men to små huse. Ved verberne er der to store grupper: arbejder/arbejdede/har arbejdet og læser/læste/har læst. Og så de vilde: at tage — tog — har taget, at give — gav — har givet, at skrive — skrev — har skrevet, at drikke — drak — har drukket, at komme — kom — er kommet. Bemærk: Verber om bevægelse eller forandring tager er i perfektum — jeg er kommet, hun er gået, vi er flyttet. Træn fem minutter hver dag, indtil formerne sidder i fingrene. Start med substantiverne i dag, tag adjektiverne i morgen — og lad verberne fylde resten af ugen. Minidrillen — fra form til sætning Formerne skal ikke kun læres i tabeller — de skal ud i sætninger. Prøv kæden her: Jeg har en god ven. Vennen bor i Odense. Mine venner siger, at jeg besøger dem for sjældent. Så i lørdags besøgte jeg vennerne i Odense — og vi har allerede planlagt næste besøg. Én familie, fire former — og alle fire brugt rigtigt i en lille historie. Prøv det samme med et barn: Naboens barn leger i haven. Barnet er tre år. Der er mange børn på vejen, og alle børnene kender hinanden. Lav din egen kæde med en mand, et hus og en lille kop kaffe — og sig den højt, mens du venter på bussen. Når formerne bor i sætninger, husker hjernen dem dobbelt så godt som i en tabel.",d0-l64-t.mp3,,,
en bøjning,d0-l64-v01.mp3,,,
en glose,d0-l64-v02.mp3,,,
et substantiv,d0-l64-v03.mp3,,,
et adjektiv,d0-l64-v04.mp3,,,
en form,d0-l64-v05.mp3,,,
et sekund,d0-l64-v07.mp3,,,
ekstra,d0-l64-v08.mp3,,,
netop,d0-l64-v10.mp3,,,
hurtig og sikker,d0-l64-v11.mp3,,,
en drill,d0-l64-v12.mp3,,,
"et barn, børn",d0-l64-v13.mp3,,,
et flertal,d0-l64-v15.mp3,,,
en bevægelse,d0-l64-v16.mp3,,,
at sidde i fingrene,d0-l64-v18.mp3,,,
en kæde,d0-l64-v19.mp3,,,
"Når du lærer et nyt ord, så lær hele familien med det samme. Det tager ti sekunder ekstra — og sparer dig for hundrede fejl til prøven.",d0-l64-r1.mp3,,,
"en ven, vennen, venner, vennerne",d0-l64-l7.mp3,,,
"Bemærk: Verber om bevægelse eller forandring tager er i perfektum — jeg er kommet, hun er gået, vi er flyttet.",d0-l64-r9.mp3,,,
formerne sidder i fingrene,d0-l64-l10.mp3,,,
"Når formerne bor i sætninger, husker hjernen dem dobbelt så godt som i en tabel.",d0-l64-r13.mp3,,,
I morgen holder jeg generalprøve.,d0-l65-a.mp3,,,
"Dagen før generalprøven I morgen holder jeg generalprøve, og jeg er både spændt og lidt nervøs. Jeg har lagt en plan: læsning om formiddagen, skrivning om eftermiddagen og mundtlig træning med min nabo om aftenen. Telefonen bliver slukket, og jeg holder pauserne, som om det var den rigtige dag. Bagefter skriver jeg tre ting ned, som jeg vil forbedre. Min lærer siger, at en generalprøve giver mere ro end ti timers ekstra læsning — nu finder jeg ud af, om hun har ret! Dagen efter — min lille rapport Generalprøven er overstået, og jeg er faktisk lidt stolt. Læsningen gik fint: 32 rigtige ud af 40, men jeg brugte for lang tid på den første tekst. Skrivningen var sværere — jeg glemte at svare på det sidste spørgsmål i mailen, præcis den fejl min lærer altid advarer imod! Om aftenen holdt jeg min præsentation for min nabo, og jeg optog den på telefonen. Da jeg lyttede til optagelsen, opdagede jeg, at jeg siger »øh« alt for tit. Mine tre punkter til den sidste uge: Hold øje med tiden i læsedelen, tjek at alle spørgsmål er besvaret, og øv præsentationen uden »øh«. Det føles godt at kende sine svagheder — nu ved jeg præcis, hvad jeg skal træne. Samtale med læreren efter generalprøven Lærer: Nå, hvordan gik din generalprøve? Kursist: Bedre end ventet! Læsningen gik fint, men jeg mistede point i skrivningen, fordi jeg sprang et spørgsmål over. Lærer: Det er den klassiske fejl — og den er heldigvis nem at rette. Hvad med den mundtlige del? Kursist: Jeg siger »øh« alt for tit. Min nabo talte dem: sytten gange på to minutter! Lærer: Så har du et tydeligt mål. Øv præsentationen igen, og hold en lille pause i stedet for at sige øh — en pause lyder faktisk rolig og professionel. Kursist: Det prøver jeg. Skal jeg tage en generalprøve mere? Lærer: Ja, om en uge — men kun for at teste dine tre punkter. Du skal ikke lære nyt nu"," du skal spidse det, du allerede kan. Kursist: Tak! Nu ved jeg præcis, hvad jeg skal arbejde med.",d0-l65-t.mp3,,
Formiddag: læsning — 90 min.,d0-l65-c1.mp3,,,
Eftermiddag: skrivning — 120 min.,d0-l65-c2.mp3,,,
Aften: mundtlig med en ven.,d0-l65-c3.mp3,,,
Bagefter: tre ting at forbedre.,d0-l65-c4.mp3,,,
en generalprøve,d0-l65-v01.mp3,,,
spændt,d0-l65-v02.mp3,,,
at lægge en plan,d0-l65-v03.mp3,,,
en formiddag,d0-l65-v04.mp3,,,
en eftermiddag,d0-l65-v05.mp3,,,
som om,d0-l65-v08.mp3,,,
at skrive ned,d0-l65-v09.mp3,,,
at finde ud af,d0-l65-v10.mp3,,,
udholdenhed,d0-l65-v12.mp3,,,
overstået,d0-l65-v13.mp3,,,
at optage,d0-l65-v14.mp3,,,
en optagelse,d0-l65-v15.mp3,,,
at opdage,d0-l65-v16.mp3,,,
at advare imod,d0-l65-v17.mp3,,,
at holde øje med,d0-l65-v18.mp3,,,
bedre end ventet,d0-l65-v19.mp3,,,
at springe over,d0-l65-v21.mp3,,,
professionel,d0-l65-v22.mp3,,,
at spidse,d0-l65-v23.mp3,,,
"Min lærer siger, at en generalprøve giver mere ro end ti timers ekstra læsning — nu finder jeg ud af, om hun har ret!",d0-l65-r1.mp3,,,
jeg har lagt en plan,d0-l65-l7.mp3,,,
"Skrivningen var sværere — jeg glemte at svare på det sidste spørgsmål i mailen, præcis den fejl min lærer altid advarer imod!",d0-l65-r9.mp3,,,
jeg optog den på telefonen,d0-l65-l10.mp3,,,
"Øv præsentationen igen, og hold en lille pause i stedet for at sige øh — en pause lyder faktisk rolig og professionel.",d0-l65-r13.mp3,,,
Du har gjort arbejdet. Nu skal du bare vise det.,d0-l66-a.mp3,,,
"Kære dig — et brev fra din fremtid Om en uge sidder du til prøven. Lad mig fortælle dig noget: Da du startede dette kursus, kunne du ikke sige andet end hej og tak. Nu kan du fortælle din historie, skrive et brev til kommunen, beskrive en graf og diskutere ligestilling — på dansk! Prøven er bare en dag. Sproget er dit for altid. Sov godt, spis godt, og gå derind med ro i maven. Du har gjort arbejdet. Nu skal du bare vise det. Held og lykke — vi ses på den anden side! 🎓 Min plan for den sidste uge Mandag til onsdag: tyve minutters Leitner om morgenen og en halv times arbejde med én svaghed om aftenen — ikke mere. Torsdag: én læsetekst med timer og en kort mail, så hånden husker skabelonerne. Fredag: kun mundtlig — jeg siger min præsentation højt tre gange og går så en lang tur. Lørdag: fri! Jeg pakker min taske: pas, opholdskort, en flaske vand og en lille chokolade. Søndag aften: film, te og tidligt i seng — bøgerne bliver på hylden. På selve dagen spiser jeg en god morgenmad, kommer i god tid og siger til mig selv: Jeg har gjort arbejdet. Resten er bare at vise det. Og efter prøven? Så fejrer vi — det har vi fortjent! Selve morgenen — minut for minut Klokken syv: Stå op, tag et brusebad, og spis en ordentlig morgenmad — gerne havregryn og et æg, ikke kun kaffe. Klokken halv otte: Tjek tasken en sidste gang: legitimation, vand, snack, ordbog. Alt lå klar fra i går, så det tager ét minut. På vejen: Hør dansk radio eller en dansk podcast. Tal eventuelt med dig selv om, hvad du ser fra bussen — hjernen skal varmes op på dansk, ikke på persisk. Foran lokalet: Træk vejret dybt tre gange, og sig din første sætning stille for dig selv: Jeg vil gerne fortælle om … Inde i lokalet: Læs opgaverne roligt, og husk planen — du har trænet præcis det her mange gange. Og når dagen er slut: Ring til en, du holder af, og sig det højt: Jeg gjorde mit bedste. Mere kan ingen gøre.",d0-l66-t.mp3,,,
Dag 7-5: dine tre svagheder + Leitner.,d0-l66-c1.mp3,,,
Dag 2: kun mundtlig — og tidligt i seng!,d0-l66-c2.mp3,,,
Dagen før: ingen bøger!,d0-l66-c3.mp3,,,
På dagen: rolig morgenmad og ro i maven.,d0-l66-c4.mp3,,,
at forberede sig,d0-l66-v03.mp3,,,
tidligt i seng,d0-l66-v04.mp3,,,
dagen før,d0-l66-v05.mp3,,,
ro i maven,d0-l66-v06.mp3,,,
for altid,d0-l66-v08.mp3,,,
at beskrive,d0-l66-v09.mp3,,,
en fremtid,d0-l66-v10.mp3,,,
en skabelon,d0-l66-v14.mp3,,,
en flaske vand,d0-l66-v15.mp3,,,
en hylde,d0-l66-v16.mp3,,,
selve dagen,d0-l66-v17.mp3,,,
et brusebad,d0-l66-v19.mp3,,,
havregryn,d0-l66-v20.mp3,,,
at varme op,d0-l66-v21.mp3,,,
eventuelt,d0-l66-v22.mp3,,,
Prøven er bare en dag. Sproget er dit for altid. Du har gjort arbejdet. Nu skal du bare vise det.,d0-l66-r1.mp3,,,
sproget er dit for altid,d0-l66-l8.mp3,,,
"Lørdag: fri! Jeg pakker min taske: pas, opholdskort, en flaske vand og en lille chokolade. Søndag aften: film, te og tidligt i seng — bøgerne bliver på hylden.",d0-l66-r10.mp3,,,
bøgerne bliver på hylden,d0-l66-l11.mp3,,,
"På vejen: Hør dansk radio eller en dansk podcast. Tal eventuelt med dig selv om, hvad du ser fra bussen — hjernen skal varmes op på dansk, ikke på persisk.",d0-l66-r14.mp3,,,
"Derfor mener jeg, at kommunen bør lukke midtbyen for biler.",d0-l101-a.mp3,,,
"Byd cyklisterne velkommen i midtbyen Kære redaktion, Hver morgen ser jeg det samme: lange køer af biler, der holder i tomgang på Torvegade, mens luften bliver grå og tung. Derfor mener jeg, at kommunen bør lukke midtbyen for privatbiler og i stedet anlægge brede, sikre cykelstier. For det første vil renere luft gavne os alle. Da min nabo begyndte at cykle til arbejde, forsvandt hans hovedpine på få uger. For det andet er cykler billigere for byen: en cykelsti koster langt mindre at bygge og vedligeholde end en firsporet vej. Nogle vil indvende, at butikkerne mister kunder uden biler. Det er dog ikke rigtigt. Undersøgelser fra flere danske byer viser, at cyklister faktisk handler oftere, fordi de nemt kan stoppe undervejs. Derfor opfordrer jeg byrådet til at handle nu. Lad os give byen tilbage til menneskene — ikke til bilerne. Skriv under på borgerforslaget inden fredag, så vi sammen kan gøre en forskel. Med venlig hilsen Sofie Lund",d0-l101-t.mp3,,,
Hver morgen ser jeg det samme.,d0-l101-c1.mp3,,,
"Derfor mener jeg, at kommunen bør handle.",d0-l101-c2.mp3,,,
For det første gavner det alle.,d0-l101-c3.mp3,,,
"Nogle vil indvende, at butikkerne taber.",d0-l101-c4.mp3,,,
Det er dog ikke rigtigt.,d0-l101-c5.mp3,,,
Jeg opfordrer byrådet til at handle nu.,d0-l101-c6.mp3,,,
et læserbrev,d0-l101-v01.mp3,,,
en redaktion,d0-l101-v02.mp3,,,
en påstand,d0-l101-v03.mp3,,,
at indvende,d0-l101-v06.mp3,,,
at imødegå,d0-l101-v07.mp3,,,
en opfordring,d0-l101-v08.mp3,,,
at opfordre til,d0-l101-v09.mp3,,,
bør,d0-l101-v10.mp3,,,
at gavne,d0-l101-v11.mp3,,,
et borgerforslag,d0-l101-v12.mp3,,,
at anlægge,d0-l101-v13.mp3,,,
at vedligeholde,d0-l101-v14.mp3,,,
en køretøjskø,d0-l101-v15.mp3,,,
Derfor opfordrer jeg byrådet til at handle nu. Lad os give byen tilbage til menneskene — ikke til bilerne. Skriv under på borgerforslaget inden fredag.,d0-l101-r1.mp3,,,
"Nogle vil indvende, at butikkerne taber kunder.",d0-l101-l7.mp3,,,
Jeg vil bede jer om at reparere varmen så hurtigt som muligt.,d0-l102-a.mp3,,,
"Til udlejeren, Nørregade Ejendomme Vedr.: Manglende varme i lejlighed 3. tv. Kære udlejer, Jeg skriver for at klage over den manglende varme i min lejlighed. Siden mandag den 6. januar har radiatorerne i både stuen og soveværelset været kolde, selvom termostaten står på maksimum. Jeg har ringet til jeres kontor tre gange, men problemet er stadig ikke løst. Det er ikke tilfredsstillende, især nu hvor temperaturen udenfor er under frysepunktet, og min datter på to år bor her. Jeg vil derfor bede jer om at sende en vvs-montør så hurtigt som muligt. Hvis reparationen ikke kan ske med det samme, beder jeg jer venligst om at stille en elradiator til rådighed i mellemtiden. Jeg ser frem til jeres svar inden tre hverdage. På forhånd tak for jeres hjælp. Med venlig hilsen Karim Hassan Nørregade 12, 3. tv.",d0-l102-t.mp3,,,
Jeg skriver for at klage over støjen.,d0-l102-c1.mp3,,,
Jeg vil bede jer om at reparere varmen.,d0-l102-c2.mp3,,,
Det er ikke tilfredsstillende.,d0-l102-c3.mp3,,,
Jeg beder jer venligst om et hurtigt svar.,d0-l102-c4.mp3,,,
Jeg ser frem til jeres svar inden 14 dage.,d0-l102-c5.mp3,,,
"Det ville være rart, hvis I kunne hjælpe.",d0-l102-c6.mp3,,,
en anmodning,d0-l102-v03.mp3,,,
at anmode om,d0-l102-v04.mp3,,,
at bede nogen om,d0-l102-v05.mp3,,,
vedrørende (vedr.),d0-l102-v07.mp3,,,
manglende,d0-l102-v08.mp3,,,
tilfredsstillende,d0-l102-v09.mp3,,,
venligst,d0-l102-v10.mp3,,,
en vvs-montør,d0-l102-v11.mp3,,,
at stille til rådighed,d0-l102-v12.mp3,,,
et frysepunkt,d0-l102-v16.mp3,,,
"Jeg vil derfor bede jer om at sende en vvs-montør så hurtigt som muligt. Hvis reparationen ikke kan ske med det samme, beder jeg jer om at stille en elradiator til rådighed.",d0-l102-r1.mp3,,,
"Andelen stiger markant, mens den senere stabiliserer sig.",d0-l103-a.mp3,,,
"Beskrivelse af figuren: Danskernes brug af cykler 2010–2022 Figuren viser, hvor mange procent af danskerne der cykler dagligt i perioden fra 2010 til 2022. I begyndelsen af perioden lå tallet stabilt omkring 25 procent. Fra 2014 stiger andelen markant og når op på 34 procent i 2019. Denne kraftige stigning kan skyldes de mange nye cykelstier, som kommunerne anlagde i disse år. I 2020 topper kurven kortvarigt på 36 procent, hvorefter den falder en smule. Faldet kan formentlig forklares med corona-nedlukningen, hvor mange arbejdede hjemme og derfor cyklede mindre. Fra 2021 stabiliserer tallet sig omkring 33 procent. Det er værd at bemærke, at kvinderne cykler lidt mere end mændene i hele perioden: kvindernes andel ligger konstant to til tre procentpoint højere. Samlet set er tendensen tydeligt stigende: danskerne cykler mere i 2022, end de gjorde i 2010, selvom udviklingen ikke har været helt jævn.",d0-l103-t.mp3,,,
Antallet stiger markant.,d0-l103-c1.mp3,,,
Prisen falder en smule.,d0-l103-c2.mp3,,,
Kurven topper i 2020.,d0-l103-c3.mp3,,,
Herefter stabiliserer tallet sig.,d0-l103-c4.mp3,,,
"Eksporten steg, mens importen faldt.",d0-l103-c5.mp3,,,
Stigningen kan skyldes de lave renter.,d0-l103-c6.mp3,,,
en graf / en figur,d0-l103-v01.mp3,,,
at falde,d0-l103-v03.mp3,,,
at toppe,d0-l103-v04.mp3,,,
at stabilisere sig,d0-l103-v05.mp3,,,
markant,d0-l103-v06.mp3,,,
en smule,d0-l103-v07.mp3,,,
et procentpoint,d0-l103-v13.mp3,,,
hvorimod,d0-l103-v14.mp3,,,
gradvist,d0-l103-v15.mp3,,,
samlet set,d0-l103-v16.mp3,,,
"I 2020 topper kurven kortvarigt på 36 procent, hvorefter den falder en smule. Fra 2021 stabiliserer tallet sig omkring 33 procent.",d0-l103-r1.mp3,,,
Kurven topper i 2020 og falder derefter.,d0-l103-l7.mp3,,,
Prisen steg. Følgelig faldt salget en smule.,d0-l104-a.mp3,,,
"Er lektier nødvendige? Debatten om lektier deler både lærere og forældre. Nogle mener, at lektier lærer børn at arbejde selvstændigt. Andre er derimod overbeviste om, at lektier stjæler den fritid, som børn har brug for. Fortalerne har for så vidt en pointe: børn, der øver sig hjemme, husker ofte stoffet bedre. Ikke desto mindre viser flere undersøgelser, at for mange lektier skaber stress, især hos de yngste elever. Når et barn sidder træt ved skrivebordet om aftenen, fordi det ikke kan nå at lege, mister lektierne deres værdi. Min holdning er klar. Lektier bør gives med måde. Følgelig foreslår jeg, at skolerne sætter en øvre grænse — for eksempel tredive minutter om dagen i de små klasser. Ydermere bør opgaverne være meningsfulde og ikke bare travlhed for travlhedens skyld. Kort sagt handler det ikke om, hvorvidt lektier skal afskaffes, men om hvordan de bruges klogt.",d0-l104-t.mp3,,,
Han er stille, hun er derimod snakkesalig.,d0-l104-c1.mp3,,
Det var svært. Ikke desto mindre lykkedes det.,d0-l104-c2.mp3,,,
Prisen steg. Følgelig faldt salget.,d0-l104-c3.mp3,,,
For så vidt har du ret.,d0-l104-c4.mp3,,,
"Jeg kom ikke, fordi jeg ikke kunne.",d0-l104-c5.mp3,,,
Ydermere er løsningen billigere.,d0-l104-c6.mp3,,,
et flow / sammenhæng,d0-l104-v02.mp3,,,
ikke desto mindre,d0-l104-v04.mp3,,,
følgelig,d0-l104-v05.mp3,,,
for så vidt,d0-l104-v06.mp3,,,
ydermere,d0-l104-v07.mp3,,,
en fortaler,d0-l104-v10.mp3,,,
at afskaffe,d0-l104-v12.mp3,,,
med måde,d0-l104-v13.mp3,,,
en øvre grænse,d0-l104-v14.mp3,,,
meningsfuld,d0-l104-v15.mp3,,,
"Følgelig foreslår jeg, at skolerne sætter en øvre grænse — for eksempel tredive minutter om dagen i de små klasser.",d0-l104-r1.mp3,,,
Ikke desto mindre lykkedes det.,d0-l104-l7.mp3,,,
Hun er derimod meget snakkesalig.,d0-l104-l8.mp3,,,
"Læs teksten igen, men led kun efter én fejltype ad gangen.",d0-l105-a.mp3,,,
"Sådan finpudser du din tekst Når du er færdig med at skrive, er du ikke færdig. De sidste minutter bruger du på at rette dig selv — og det betaler sig. Læs teksten flere gange, men led kun efter én fejltype ad gangen. Første gang tjekker du ordstillingen: begynder en sætning med et tidsudtryk, skal verbet stå som nummer to. Mange skriver «I går jeg gik i biografen», men det korrekte er «I går gik jeg i biografen». Anden gang kigger du på ledsætninger. Efter «fordi», «at» og «selvom» skal ordet «ikke» stå før verbet. Tredje gang tæller du en og et, og fjerde gang kontrollerer du tiderne. Til sidst løfter du sproget. Byt de svage verber ud: I stedet for «jeg gjorde en beslutning» skriver du «jeg traf en beslutning». I stedet for «det er vigtigt» skriver du «det har stor betydning». Sådan får din tekst et højere niveau — ikke ved flere ord, men ved bedre ord.",d0-l105-t.mp3,,,
I går gik jeg en tur. (ikke: I går jeg gik),d0-l105-c1.mp3,,,
…fordi jeg ikke kunne komme.,d0-l105-c2.mp3,,,
et stort hus (ikke: et stor hus),d0-l105-c3.mp3,,,
Jeg traf en beslutning.,d0-l105-c4.mp3,,,
Han begik en fejl.,d0-l105-c5.mp3,,,
Vi lægger vægt på kvalitet.,d0-l105-c6.mp3,,,
en selvrettelse,d0-l105-v01.mp3,,,
at finpudse,d0-l105-v02.mp3,,,
en fejltype,d0-l105-v03.mp3,,,
en ordstilling,d0-l105-v04.mp3,,,
kongruens,d0-l105-v06.mp3,,,
at begå en fejl,d0-l105-v08.mp3,,,
at lægge vægt på,d0-l105-v09.mp3,,,
at tage stilling til,d0-l105-v10.mp3,,,
at have stor betydning,d0-l105-v11.mp3,,,
at få øje på,d0-l105-v12.mp3,,,
et tidsudtryk,d0-l105-v14.mp3,,,
svag / stærk,d0-l105-v15.mp3,,,
at løfte sproget,d0-l105-v16.mp3,,,
"Læs teksten flere gange, men led kun efter én fejltype ad gangen. Første gang tjekker du ordstillingen, anden gang ledsætninger.",d0-l105-r1.mp3,,,
Led kun efter én fejltype ad gangen.,d0-l105-l8.mp3,,,
Han begik en alvorlig fejl.,d0-l105-l9.mp3,,,
Jeg skriver vedrørende min ansøgning og vil gerne bede om lidt mere tid.,d0-l131-a.mp3,,,
"Emne: Anmodning om forlængelse af svarfrist Kære Udbetaling Danmark Jeg skriver vedrørende min ansøgning om boligstøtte med sagsnummer 48-201-3377. Den 3. marts modtog jeg et brev, hvor I beder om yderligere dokumentation inden den 15. marts. Jeg vil gerne bede om lidt mere tid. Jeg mangler stadig en lønseddel fra min arbejdsgiver, som først sender den i næste uge. Kunne I derfor forlænge fristen til den 25. marts? Så snart jeg har dokumentet, vedhæfter jeg det til denne sag. Er der andre oplysninger, I har brug for, hører jeg naturligvis gerne fra jer. Jeg vil desuden gerne vide, om jeg kan sende dokumentet digitalt, eller om I foretrækker post. Vedhæftet finder I allerede min lejekontrakt som foreløbig dokumentation. På forhånd tak for jeres hjælp og forståelse. Med venlig hilsen Sara Ahmadi CPR: xxxxxx-xxxx",d0-l131-t.mp3,,,
Jeg skriver vedrørende min årsopgørelse for 2025.,d0-l131-c1.mp3,,,
Jeg vil gerne bede om en kopi af afgørelsen.,d0-l131-c2.mp3,,,
"Kunne I oplyse mig om, hvornår jeg får svar?",d0-l131-c3.mp3,,,
Jeg vedhæfter min lejekontrakt som dokumentation.,d0-l131-c4.mp3,,,
På forhånd tak for jeres hjælp.,d0-l131-c5.mp3,,,
"Med venlig hilsen, Sara Ahmadi",d0-l131-c6.mp3,,,
en myndighed,d0-l131-v01.mp3,,,
at henvende sig,d0-l131-v03.mp3,,,
vedrørende / angående,d0-l131-v04.mp3,,,
en dokumentation,d0-l131-v08.mp3,,,
et sagsnummer,d0-l131-v09.mp3,,,
en frist,d0-l131-v10.mp3,,,
at forlænge,d0-l131-v11.mp3,,,
at være behjælpelig,d0-l131-v16.mp3,,,
"Jeg skriver vedrørende min ansøgning om boligstøtte. Jeg mangler stadig en lønseddel og vil gerne bede om, at fristen forlænges til den 25. marts.",d0-l131-r1.mp3,,,
Jeg skriver vedrørende min ansøgning om boligstøtte.,d0-l131-l10.mp3,,,
Kunne I forlænge fristen til den 25. marts?,d0-l131-l11.mp3,,,
"Teksten handler om, hvordan skærmtid påvirker unges søvn.",d0-l132-a.mp3,,,
"Referat af artiklen «Skærme og søvn» Teksten handler om, hvordan skærmtid om aftenen påvirker unges søvn. Forfatteren, som er forsker, sætter fokus på et voksende problem blandt teenagere. Hovedpointen er, at det blå lys fra telefoner og computere gør det svært at falde i søvn. Forfatteren påpeger, at mange unge tjekker deres telefon lige inden sengetid, og at de derfor sover mindre, end de har brug for. Hun hævder desuden, at dårlig søvn går ud over koncentrationen i skolen. Til sidst nævner hun en undersøgelse, der viser, at unge, der lægger telefonen væk en time før, sover bedre. Artiklen konkluderer, at både forældre og skoler bør tale mere med unge om gode søvnvaner. Forfatteren understreger, at små ændringer kan gøre en stor forskel.",d0-l132-t.mp3,,,
Teksten handler om unges brug af sociale medier.,d0-l132-c1.mp3,,,
"Hovedpointen er, at skærmtid påvirker søvnen.",d0-l132-c2.mp3,,,
"Forfatteren påpeger, at problemet vokser.",d0-l132-c3.mp3,,,
"Hun hævder, at der mangler forskning.",d0-l132-c4.mp3,,,
"Hun sagde, at hun var enig.",d0-l132-c5.mp3,,,
"Artiklen konkluderer, at reglerne bør ændres.",d0-l132-c6.mp3,,,
et referat,d0-l132-v01.mp3,,,
en opsummering,d0-l132-v02.mp3,,,
en hovedpointe,d0-l132-v04.mp3,,,
at hævde,d0-l132-v06.mp3,,,
at konkludere,d0-l132-v08.mp3,,,
at nævne,d0-l132-v09.mp3,,,
en forfatter,d0-l132-v10.mp3,,,
indirekte tale,d0-l132-v11.mp3,,,
neutral,d0-l132-v12.mp3,,,
at gengive,d0-l132-v13.mp3,,,
at sætte fokus på,d0-l132-v15.mp3,,,
at gå ud over,d0-l132-v16.mp3,,,
"Artiklen konkluderer, at både forældre og skoler bør tale mere med unge om gode søvnvaner. Forfatteren understreger, at små ændringer kan gøre en stor forskel.",d0-l132-r1.mp3,,,
"Forfatteren konkluderer, at reglerne bør ændres.",d0-l132-l11.mp3,,,
"Byen er travl, mens landet er roligt og grønt.",d0-l133-a.mp3,,,
"By eller land? Mange danskere drømmer om et roligt liv på landet, mens andre foretrækker byens tempo. Begge steder har klare fordele. I byen er der både gode jobmuligheder og et rigt kulturliv. Til gengæld er huslejen høj, og der er ofte hverken ro eller frisk luft. På den ene side sparer man tid, fordi alt ligger tæt på"," på den anden side betaler man dyrt for det. I modsætning til byen er der på landet plads og stilhed. Husene er billigere, og naturen ligger lige uden for døren. Byen er travl og larmende, mens landet er roligt og grønt. Til gengæld er der længere til arbejde, butikker og læge. Alt i alt afhænger valget af, hvad man vægter højest. Den, der prioriterer karriere og kultur, trives i byen, hvorimod den, der søger fred og natur, er bedst tjent med livet på landet.",d0-l133-t.mp3,,
Både byen og landet har fordele.,d0-l133-c1.mp3,,,
Hverken bilen eller cyklen er gratis.,d0-l133-c2.mp3,,,
I modsætning til byen er landet stille.,d0-l133-c3.mp3,,,
"Byen er travl, mens landet er roligt.",d0-l133-c4.mp3,,,
"På den ene side er byen dyr, på den anden side er der flere job.",d0-l133-c5.mp3,,,
Landet er billigt, byen er til gengæld livlig.,d0-l133-c6.mp3,,
en sammenligning,d0-l133-v01.mp3,,,
en kontrast,d0-l133-v02.mp3,,,
både... og...,d0-l133-v03.mp3,,,
hverken... eller...,d0-l133-v04.mp3,,,
i modsætning til,d0-l133-v05.mp3,,,
mens,d0-l133-v06.mp3,,,
at foretrække,d0-l133-v12.mp3,,,
at vægte / prioritere,d0-l133-v13.mp3,,,
at afhænge af,d0-l133-v14.mp3,,,
et tempo,d0-l133-v15.mp3,,,
stilhed,d0-l133-v16.mp3,,,
"Alt i alt afhænger valget af, hvad man vægter højest. Den, der prioriterer karriere og kultur, trives i byen, hvorimod den, der søger fred, er bedst tjent med livet på landet.",d0-l133-r1.mp3,,,
I modsætning til byen er der på landet plads og stilhed.,d0-l133-l11.mp3,,,
"Da det er nemt og trygt at cykle, vælger mange cyklen frem for bilen.",d0-l134-a.mp3,,,
"Hvorfor cykler danskere så meget? Danmark er kendt som et cykelland, og det skyldes flere ting. For det første er byerne fladt bygget med sikre cykelstier. Da det er både nemt og trygt at cykle, vælger mange cyklen frem for bilen. Desuden er benzin og parkering dyrt. Fordi det koster meget at have bil i byen, sparer folk penge ved at cykle. Prisen på transport fører altså direkte til et bestemt valg. Cyklingen har også gode konsekvenser. Den giver motion, og dermed bliver folk sundere. Mindre biltrafik resulterer desuden i renere luft og mindre støj i byen. Samlet set hænger tingene sammen: god infrastruktur og høje bilpriser får folk til at cykle, og cyklingen fører til bedre sundhed og et bedre miljø. Af den grund fortsætter kommunerne med at bygge nye cykelstier.",d0-l134-t.mp3,,,
"Folk køber mindre, fordi priserne stiger.",d0-l134-c1.mp3,,,
"Da vejret var dårligt, blev vi hjemme.",d0-l134-c2.mp3,,,
Priserne stiger. Derfor køber folk mindre.,d0-l134-c3.mp3,,,
Stress kan føre til søvnproblemer.,d0-l134-c4.mp3,,,
Ændringen resulterede i færre klager.,d0-l134-c5.mp3,,,
Problemet skyldes dårlig planlægning.,d0-l134-c6.mp3,,,
en virkning / en konsekvens,d0-l134-v02.mp3,,,
eftersom,d0-l134-v05.mp3,,,
dermed,d0-l134-v07.mp3,,,
således,d0-l134-v08.mp3,,,
at føre til,d0-l134-v09.mp3,,,
at resultere i,d0-l134-v10.mp3,,,
at medføre,d0-l134-v11.mp3,,,
at hænge sammen,d0-l134-v13.mp3,,,
af den grund,d0-l134-v15.mp3,,,
"Cyklingen har også gode konsekvenser. Den giver motion, og dermed bliver folk sundere. Mindre biltrafik resulterer desuden i renere luft og mindre støj.",d0-l134-r1.mp3,,,
"Det kan diskuteres, om medierne i sig selv gør os ensomme.",d0-l135-a.mp3,,,
"Gør sociale medier os ensomme? Det bliver ofte sagt, at sociale medier gør unge ensomme. Men billedet er mere nuanceret, end det umiddelbart ser ud. Det er rigtigt, at mange unge har tendens til at bruge flere timer om dagen på deres telefon. Måske erstatter skærmen nogle gange rigtige møder med venner. Sandsynligvis føler enkelte sig mere alene, når de sammenligner deres liv med andres. Men det kan diskuteres, om medierne i sig selv er skyld i ensomheden. For nogle er de netop en måde at holde kontakten på. Undersøgelser tyder på, at det ikke er mængden af skærmtid, men måden man bruger den på, der betyder mest. Alt i alt er sociale medier formentlig hverken kun gode eller kun dårlige. De kan i nogen grad påvirke vores humør, men resultatet afhænger sandsynligvis mest af den enkeltes vaner.",d0-l135-t.mp3,,,
Måske har han ret.,d0-l135-c1.mp3,,,
Priserne stiger sandsynligvis næste år.,d0-l135-c2.mp3,,,
Unge har tendens til at bruge meget skærmtid.,d0-l135-c3.mp3,,,
Problemet synes at vokse.,d0-l135-c4.mp3,,,
"Det kan diskuteres, om reglen virker.",d0-l135-c5.mp3,,,
Sociale medier kan i nogen grad være skadelige.,d0-l135-c6.mp3,,,
en nuance,d0-l135-v01.mp3,,,
et forbehold,d0-l135-v02.mp3,,,
muligvis,d0-l135-v04.mp3,,,
sandsynligvis,d0-l135-v05.mp3,,,
formentlig,d0-l135-v06.mp3,,,
at have tendens til,d0-l135-v07.mp3,,,
at synes at,d0-l135-v08.mp3,,,
at tyde på,d0-l135-v09.mp3,,,
det kan diskuteres,d0-l135-v10.mp3,,,
i nogen grad,d0-l135-v11.mp3,,,
nuanceret,d0-l135-v12.mp3,,,
ensom / ensomhed,d0-l135-v16.mp3,,,
Alt i alt er sociale medier formentlig hverken kun gode eller kun dårlige. Resultatet afhænger sandsynligvis mest af den enkeltes vaner.,d0-l135-r1.mp3,,,
"Alt i alt taler meget for, at hjemmearbejde er kommet for at blive.",d0-l136-a.mp3,,,
"Konklusion: Er hjemmearbejde kommet for at blive? Alt i alt taler meget for, at hjemmearbejde er blevet en fast del af arbejdslivet. Gennem hele teksten har vi set både fordele og ulemper. På den ene side giver hjemmearbejde mere frihed og sparer tid på transport. På den anden side kan det være svært at holde grænsen mellem arbejde og fritid. Samlet set viser erfaringerne dog, at fordelene for de fleste vejer tungest. Det står altså klart, at fremtidens arbejdsplads bliver mere fleksibel. Kort sagt handler det ikke om enten kontor eller hjem, men om den rette balance mellem dem. I fremtiden vil flere virksomheder sandsynligvis tilbyde en blanding af begge dele. Derfor bør både ledere og medarbejdere lære at bruge friheden ansvarligt. Det bliver spændende at se, hvordan arbejdslivet udvikler sig de næste år.",d0-l136-t.mp3,,,
"Alt i alt er det tydeligt, at motion gavner både krop og sind.",d0-l136-c1.mp3,,,
"Samlet set viser eksemplerne, at samarbejde betaler sig.",d0-l136-c2.mp3,,,
Kort sagt er der gode grunde til at ændre reglerne.,d0-l136-c3.mp3,,,
I fremtiden vil flere sandsynligvis arbejde hjemmefra.,d0-l136-c4.mp3,,,
Derfor bør vi tage problemet alvorligt.,d0-l136-c5.mp3,,,
"Afslutningsvis kan man sige, at balancen er vigtigst.",d0-l136-c6.mp3,,,
en konklusion,d0-l136-v01.mp3,,,
en afrunding,d0-l136-v02.mp3,,,
en tese / et hovedbudskab,d0-l136-v07.mp3,,,
at veje tungest,d0-l136-v09.mp3,,,
i fremtiden,d0-l136-v12.mp3,,,
ansvarligt,d0-l136-v14.mp3,,,
at tale for,d0-l136-v15.mp3,,,
det står klart,d0-l136-v16.mp3,,,
"Kort sagt handler det ikke om enten kontor eller hjem, men om den rette balance mellem dem. I fremtiden vil flere virksomheder tilbyde en blanding af begge dele.",d0-l136-r1.mp3,,,
Samlet set vejer fordelene tungest.,d0-l136-l11.mp3,,,
"Netop derfor vil jeg argumentere for, at vi bør sætte grænser for skærmtid.",d0-l168-a.mp3,,,
"Hvordan fanger man en læser med det samme? Forestil dig to indledninger til den samme opgave om skærmtid. Den første lyder: «I dette essay vil jeg skrive om skærme og om, hvor meget vi bruger dem.» Den er korrekt, men kedelig, og censor har hørt den tusind gange. Den anden begynder helt anderledes: «Klokken er syv om morgenen. Bussen er fuld, men ingen taler sammen — alle stirrer ned i en skærm.» Med det samme ser læseren et billede for sig. Derefter kommer en lille bro over til påstanden: «Netop dette billede fik mig til at tænke: er vi ved at miste evnen til at kede os?» Læg mærke til, at forfatteren ikke røber hele opgaven på forhånd. En god indledning er kort — tre til fem sætninger — og den gør kun to ting: den fanger, og den fører frem til synspunktet. Vælg én krog, du kan holde fast i. Åbner du med et spørgsmål, så vend tilbage til netop det spørgsmål i din konklusion. På den måde binder du teksten sammen fra første til sidste linje, og læseren mærker en klar rød tråd.",d0-l168-t.mp3,,,
Hvornår har du sidst slukket din telefon en hel dag?,d0-l168-c1.mp3,,,
"«Tid er penge,» siger man — men passer det egentlig?",d0-l168-c2.mp3,,,
De fleste danskere bruger mere tid på skærme end på søvn.,d0-l168-c3.mp3,,,
"Klokken er syv om morgenen, og bussen er allerede fuld.",d0-l168-c4.mp3,,,
"Netop derfor vil jeg argumentere for, at vi bør sætte grænser.",d0-l168-c5.mp3,,,
at fange læseren,d0-l168-v02.mp3,,,
en krog,d0-l168-v03.mp3,,,
et citat,d0-l168-v05.mp3,,,
en overraskende påstand,d0-l168-v06.mp3,,,
en lille scene,d0-l168-v07.mp3,,,
en bro (at bygge bro),d0-l168-v08.mp3,,,
at argumentere for,d0-l168-v11.mp3,,,
netop derfor,d0-l168-v12.mp3,,,
at røbe,d0-l168-v13.mp3,,,
en rød tråd,d0-l168-v14.mp3,,,
"En god indledning er kort — tre til fem sætninger — og den gør kun to ting: den fanger, og den fører frem til synspunktet.",d0-l168-r1.mp3,,,
"Først planlægger jeg, dernæst skriver jeg, og til sidst tjekker jeg teksten.",d0-l169-a.mp3,,,
"Mange dumper ikke, fordi de mangler ord, men fordi de mangler en plan. Forestil dig, at prøven varer halvfems minutter. Det værste, du kan gøre, er at skrive løs fra første sekund. En bedre fremgangsmåde ser sådan ud. Brug de første ti minutter på at læse opgaven grundigt og lave et hurtigt mindmap: skriv emnet i midten, og saml alle idéer, eksempler og nyttige ord rundt om det. Vælg derefter tre hovedpointer, og sæt dem i rækkefølge i en disposition — én pointe pr. afsnit. Nu ved du præcis, hvad hvert afsnit skal handle om, og du går ikke i stå. Brug størstedelen af tiden på selve teksten, og husk at binde afsnittene sammen med ord som «derfor», «alligevel» og «på den anden side». Gem de sidste ti minutter til korrektur. Læs teksten igennem, og tjek især dine verber, datid og stavning. Netop her fanger man halvdelen af de små fejl. En plan stjæler ikke tid"," den redder den, og den giver din tekst en klar rød tråd fra start til slut.",d0-l169-t.mp3,,
"Læs opgaven grundigt, før du skriver.",d0-l169-c1.mp3,,,
"Lav et mindmap, og saml alle dine idéer.",d0-l169-c2.mp3,,,
Vælg tre hovedpointer til din disposition.,d0-l169-c3.mp3,,,
"Først planlægger jeg, dernæst skriver jeg.",d0-l169-c4.mp3,,,
Til sidst tjekker jeg mine verber og min stavning.,d0-l169-c5.mp3,,,
et mindmap,d0-l169-v02.mp3,,,
en tidsstyring,d0-l169-v03.mp3,,,
en rækkefølge,d0-l169-v07.mp3,,,
en korrektur,d0-l169-v08.mp3,,,
et bindeord,d0-l169-v12.mp3,,,
at dumpe,d0-l169-v15.mp3,,,
"Mange dumper ikke, fordi de mangler ord, men fordi de mangler en plan.",d0-l169-r1.mp3,,,
"Heldigvis findes der en løsning, men den kræver, at vi ændrer vaner.",d0-l170-a.mp3,,,
"En tekst kan være helt uden fejl og alligevel være kedelig at læse. Hvorfor? Fordi alle sætninger ligner hinanden. Læg mærke til denne version: «Jeg stod op og spiste morgenmad og tog bussen og kom for sent.» Alt er korrekt, men rytmen er flad som en pandekage. Nu en bedre version: «Jeg stod sent op. Da jeg endelig havde spist, styrtede jeg ud til bussen — men den var allerede kørt.» Her sker der noget. En kort sætning slår hårdt, og en lang sætning forklarer. Prøv også at flytte et adverbium frem: i stedet for «Jeg finder heldigvis en løsning» kan du skrive «Heldigvis finder jeg en løsning.» Husk blot, at verbet stadig skal stå på andenpladsen. Den største fælde er kæden af «og». Hver gang du skriver «og … og … og», så stop og spørg: hvad er den logiske forbindelse? Er det årsag, tid eller modsætning? Brug så «fordi», «da» eller «selvom» i stedet. På den måde får din tekst variation, rytme og et voksent sprog, som censor lægger mærke til.",d0-l170-t.mp3,,,
Mange bruger timer på telefonen hver dag. Det er et problem.,d0-l170-c1.mp3,,,
Heldigvis findes der en løsning på problemet.,d0-l170-c2.mp3,,,
"Da jeg var stået op, spiste jeg hurtigt, fordi jeg havde travlt.",d0-l170-c3.mp3,,,
Normalt spiser jeg klokken syv om morgenen.,d0-l170-c4.mp3,,,
"Han sagde ikke noget, fordi han ikke havde tid.",d0-l170-c5.mp3,,,
en variation,d0-l170-v01.mp3,,,
en sætningsbygning,d0-l170-v02.mp3,,,
et adverbium (adverbialer),d0-l170-v04.mp3,,,
en fronting,d0-l170-v05.mp3,,,
en inversion,d0-l170-v06.mp3,,,
monoton,d0-l170-v11.mp3,,,
flad (rytme),d0-l170-v12.mp3,,,
en modsætning,d0-l170-v13.mp3,,,
at lægge mærke til,d0-l170-v15.mp3,,,
En tekst kan være helt uden fejl og alligevel være kedelig at læse. Fordi alle sætninger ligner hinanden.,d0-l170-r1.mp3,,,
"Det kan der være noget om, men jeg vil nu mene noget andet.",d0-l95-a.mp3,,,
"På et møde skal to kolleger, Mette og Anders, blive enige om en ny mødeplan. «Jeg vil mene, at vi mødes for ofte,» siger Mette forsigtigt. «Vi kunne måske godt nøjes med hver anden uge?» Anders tøver lidt. «Det kan der være noget om,» svarer han, «men vi mister nok overblikket, hvis vi mødes for sjældent. Det ved du jo godt.» Mette nikker. «Det er rigtigt. Så lad os sige hver uge, men et kortere møde – det er du vel med på?» «Ja, det lyder fornuftigt,» siger Anders. «Jeg er tilbøjelig til at tro, at et møde på tyve minutter er rigeligt.» De griner begge. Ingen af dem siger noget skråsikkert"," i stedet føler de sig frem med små ord som «nok», «vel» og «måske godt». Sådan taler danskerne, når de vil være høflige og holde samtalen åben. At sige tingene lige ud kan virke hårdt – en let afdæmpning gør tonen venlig og inviterer den anden til at svare.",d0-l95-t.mp3,,
Han kommer nok lidt for sent.,d0-l95-c1.mp3,,,
Du er vel med til festen?,d0-l95-c2.mp3,,,
Det ved du jo godt.,d0-l95-c3.mp3,,,
"Jeg vil mene, at det er en dårlig idé.",d0-l95-c4.mp3,,,
Det kan der være noget om.,d0-l95-c5.mp3,,,
Vi kunne måske godt prøve igen.,d0-l95-c6.mp3,,,
at udveksle meninger,d0-l95-v01.mp3,,,
en modalpartikel,d0-l95-v02.mp3,,,
at afdæmpe,d0-l95-v03.mp3,,,
skråsikker,d0-l95-v05.mp3,,,
at tøve,d0-l95-v06.mp3,,,
at være tilbøjelig til,d0-l95-v07.mp3,,,
at nøjes med,d0-l95-v08.mp3,,,
et overblik,d0-l95-v09.mp3,,,
fornuftig,d0-l95-v10.mp3,,,
at føle sig frem,d0-l95-v12.mp3,,,
at holde samtalen åben,d0-l95-v13.mp3,,,
en indvending,d0-l95-v14.mp3,,,
Ingen af dem siger noget skråsikkert," i stedet føler de sig frem med små ord som «nok», «vel» og «måske godt». Sådan taler danskerne, når de vil være høflige og holde samtalen åben.",d0-l95-r1.mp3,,
"Vi har kigget på din sag, og desværre kan vi ikke sige ja denne gang.",d0-l96-a.mp3,,,
"Samme besked, to toner. Først den formelle, skriftlige udgave, som man finder i et brev fra en myndighed: «Efter en nærmere vurdering af sagen er det besluttet, at ansøgningen ikke kan imødekommes. Afgørelsen kan påklages inden fire uger.» Sproget er tungt: substantiverne bærer meningen, og handlingen er skjult i passiv – hvem der har besluttet noget, står der ikke. Så den mundtlige, dagligdags udgave, som en sagsbehandler måske ville sige i telefonen: «Vi har kigget på din sag, og desværre kan vi ikke sige ja denne gang. Men du kan klage, hvis du gør det inden for fire uger.» Her bærer verberne meningen, der er et tydeligt «vi», og tonen er menneskelig. Ingen af udgaverne er forkerte – de passer bare til hver sin situation. Kunsten er at kunne skifte bevidst: at vide, hvornår man skruer op for det formelle, og hvornår man taler ligeud af posen. En god sprogbruger vælger tonen med omhu.",d0-l96-t.mp3,,,
Ansøgningen behandles i næste uge.,d0-l96-c1.mp3,,,
Vi behandler din ansøgning i næste uge.,d0-l96-c2.mp3,,,
Beslutningen blev truffet af bestyrelsen.,d0-l96-c3.mp3,,,
Efter en grundig vurdering …,d0-l96-c4.mp3,,,
Da vi havde vurderet det grundigt …,d0-l96-c5.mp3,,,
"Jeg skriver for at høre, om …",d0-l96-c6.mp3,,,
et register (sprogligt),d0-l96-v01.mp3,,,
skriftsprog,d0-l96-v02.mp3,,,
talesprog,d0-l96-v03.mp3,,,
nominalstil,d0-l96-v04.mp3,,,
verbalstil,d0-l96-v05.mp3,,,
passiv,d0-l96-v06.mp3,,,
at imødekomme,d0-l96-v07.mp3,,,
at påklage,d0-l96-v09.mp3,,,
en sagsbehandler,d0-l96-v10.mp3,,,
at tale ligeud af posen,d0-l96-v12.mp3,,,
med omhu,d0-l96-v13.mp3,,,
"Sproget er tungt: substantiverne bærer meningen, og handlingen er skjult i passiv. Så den mundtlige udgave: her bærer verberne meningen, der er et tydeligt «vi», og tonen er menneskelig.",d0-l96-r1.mp3,,,
"Nu må du ikke gå som katten om den varme grød – sig det, du mener!",d0-l97-a.mp3,,,
"«Jeg tror, han har en finger med i spillet,» sagde Sofie og kiggede skeptisk på sin kollega. «Hver gang der sker noget mærkeligt, er han lige i nærheden.» Jonas grinede. «Nu må du ikke gå som katten om den varme grød – sig det, du mener!» Sofie tøvede. «Fint. Jeg tror, han skjuler noget. Men det kræver rygrad at sige det højt.» «Hør nu,» sagde Jonas, «hvis vi tager fat i det med det samme, slår vi to fluer med ét smæk: vi får sandheden frem, og vi rydder op i rodet.» Sofie nikkede langsomt. «Du har ret. Lad os ikke stikke en hvid pind i det. Bolden er givet op nu.» De to kolleger blev enige om at tale åbent med chefen dagen efter. Danskerne bruger den slags billedsprog hele tiden i daglig tale – det gør sproget levende, men man skal kende betydningen, for ordene betyder sjældent det, de bogstaveligt siger.",d0-l97-t.mp3,,,
Han slog to fluer med ét smæk.,d0-l97-c1.mp3,,,
Hun har en finger med i spillet.,d0-l97-c2.mp3,,,
Lad os stikke en hvid pind i den plan.,d0-l97-c3.mp3,,,
Du går som katten om den varme grød.,d0-l97-c4.mp3,,,
Det kræver rygrad at sige nej.,d0-l97-c5.mp3,,,
Nu er bolden givet op.,d0-l97-c6.mp3,,,
et idiom,d0-l97-v01.mp3,,,
billedsprog,d0-l97-v02.mp3,,,
en finger med i spillet,d0-l97-v03.mp3,,,
at slå to fluer med ét smæk,d0-l97-v04.mp3,,,
at gå som katten om den varme grød,d0-l97-v05.mp3,,,
at stikke en hvid pind i noget,d0-l97-v06.mp3,,,
at have rygrad,d0-l97-v07.mp3,,,
bolden er givet op,d0-l97-v08.mp3,,,
skeptisk,d0-l97-v09.mp3,,,
at skjule,d0-l97-v10.mp3,,,
bogstaveligt,d0-l97-v11.mp3,,,
at tage fat i noget,d0-l97-v12.mp3,,,
et rod,d0-l97-v13.mp3,,,
at rydde op,d0-l97-v14.mp3,,,
"Hvis vi tager fat i det med det samme, slår vi to fluer med ét smæk: vi får sandheden frem, og vi rydder op i rodet.",d0-l97-r1.mp3,,,
"Ganske vist er det svært, men alligevel bør vi prøve.",d0-l98-a.mp3,,,
"Skal man forbyde biler i byens centrum? Ganske vist vil et forbud skabe udfordringer for handlende og for folk, der er afhængige af deres bil – det skal man tage alvorligt. På den anden side viser erfaringer fra andre europæiske byer, at bilfrie centre giver renere luft, mindre støj og mere plads til mennesker. Man kan indvende, at butikkerne vil miste kunder, men undersøgelser peger faktisk i den modsatte retning: når gaderne bliver rarere at opholde sig i, kommer der flere besøgende, ikke færre. Det er rigtigt, at overgangen vil kræve tilvænning og gode alternativer som bedre busser og cykelstier. Alligevel er der efter min mening ingen tvivl om, at fordelene på længere sigt vejer tungere end ulemperne. Selvom forandringen møder modstand i begyndelsen, så plejer folk hurtigt at vænne sig til de nye rammer – og bagefter vil de færreste ønske bilerne tilbage. En god by bygges til mennesker, ikke til biler.",d0-l98-t.mp3,,,
"Ganske vist er det dyrt, men det er pengene værd.",d0-l98-c1.mp3,,,
På den ene side sparer vi tid, på den anden side koster det mere.,d0-l98-c2.mp3,,
"Det er rigtigt, at det er svært", alligevel bør vi prøve.,d0-l98-c3.mp3,,
"Man kan indvende, at det tager tid, men resultatet holder.",d0-l98-c4.mp3,,,
"Selvom kritikken er berettiget, så løser den ikke problemet.",d0-l98-c5.mp3,,,
"Der er noget om kritikken, men den overser en vigtig pointe.",d0-l98-c6.mp3,,,
en argumentation,d0-l98-v01.mp3,,,
en indrømmelse (koncession),d0-l98-v02.mp3,,,
en gendrivelse,d0-l98-v03.mp3,,,
berettiget,d0-l98-v07.mp3,,,
at veje tungere,d0-l98-v10.mp3,,,
en tilvænning,d0-l98-v11.mp3,,,
på længere sigt,d0-l98-v12.mp3,,,
at overse en pointe,d0-l98-v13.mp3,,,
modstand,d0-l98-v14.mp3,,,
"Man kan indvende, at butikkerne vil miste kunder, men undersøgelser peger faktisk i den modsatte retning: når gaderne bliver rarere at opholde sig i, kommer der flere besøgende, ikke færre.",d0-l98-r1.mp3,,,
"Det gik meget godt, men jeg vil nu ikke prale.",d0-l99-a.mp3,,,
"«Nå, hvordan gik din præsentation?» spurgte Lise. «Det gik meget godt,» svarede Mads roligt. Lise smilede, for hun vidste, at «meget godt» i Mads' mund sagtens kunne betyde «rigtig godt» – danskere praler nemlig ikke. Sådan er Janteloven: man skal ikke tro, at man er noget særligt, og derfor pakker man ros og succes ind i beskedne ord. Senere kiggede de ud ad vinduet, hvor regnen silede ned. «Sikke et pragtfuldt vejr til en gåtur,» sagde Mads tørt. Lise grinede – de forstod begge ironien. At sige det modsatte af det, man mener, er en dansk specialitet, når bare tonen røber det. En udlænding, der tager alt bogstaveligt, kan let misforstå situationen: han tror, at «det var da meget godt» er lunken ros, mens danskeren måske mente det pænt. Nøglen er tonen og sammenhængen. Forstår man først den danske underdrivelse og ironi, er man kommet langt – både sprogligt og kulturelt.",d0-l99-t.mp3,,,
Det var da meget godt.,d0-l99-c1.mp3,,,
Det var ikke helt tosset.,d0-l99-c2.mp3,,,
Sikke et dejligt vejr! (i regnvejr),d0-l99-c3.mp3,,,
Han er ikke ligefrem genert.,d0-l99-c4.mp3,,,
Det gik meget godt til eksamen.,d0-l99-c5.mp3,,,
Jeg er en anelse træt.,d0-l99-c6.mp3,,,
en underdrivelse,d0-l99-v01.mp3,,,
ironi,d0-l99-v02.mp3,,,
Janteloven,d0-l99-v04.mp3,,,
beskeden,d0-l99-v05.mp3,,,
lunken ros,d0-l99-v06.mp3,,,
ikke ligefrem,d0-l99-v07.mp3,,,
en anelse,d0-l99-v08.mp3,,,
tørt (tone),d0-l99-v09.mp3,,,
at tage noget bogstaveligt,d0-l99-v11.mp3,,,
pragtfuld,d0-l99-v13.mp3,,,
at misforstå,d0-l99-v14.mp3,,,
"«Det gik meget godt,» svarede Mads roligt. Lise smilede, for hun vidste, at «meget godt» i Mads' mund sagtens kunne betyde «rigtig godt» – danskere praler nemlig ikke.",d0-l99-r1.mp3,,,
"Kort sagt: fritid er ikke luksus, men en nødvendighed.",d0-l100-a.mp3,,,
"Jeg vil gerne tale om, hvor vigtigt det er at have fritid i en travl hverdag. For det første giver fri tid os energi til at holde længere. Ganske vist kan man nå meget ved at arbejde hele tiden, men på længere sigt bliver man udbrændt, og så falder kvaliteten. For det andet er fritiden ikke kun hvile"," det er også dér, vi dyrker venskaber, motion og de interesser, der gør livet rigt. Man kan indvende, at nogle simpelthen ikke har tid – og det er der noget om. Til gengæld handler det ofte om at prioritere: en halv time om dagen kan gøre en stor forskel. Endelig tror jeg, at et samfund, hvor folk har ordentlig fritid, i det hele taget er et sundere samfund. Kort sagt: fritid er ikke luksus, men en nødvendighed. Jeg vil mene, at vi alle sammen kunne blive lidt bedre til at værne om vores fri tid. Hvad tænker I selv – hvornår holdt I sidst en rigtig pause?",d0-l100-t.mp3,,
Jeg vil gerne tale om vigtigheden af fritid.,d0-l100-c1.mp3,,,
For det første giver fritid os energi.,d0-l100-c2.mp3,,,
"Til gengæld kræver det, at vi prioriterer.",d0-l100-c3.mp3,,,
Kort sagt er balancen afgørende.,d0-l100-c4.mp3,,,
"Til sidst vil jeg konkludere, at …",d0-l100-c5.mp3,,,
Hvad tænker I selv om det?,d0-l100-c6.mp3,,,
sammenhæng,d0-l100-v02.mp3,,,
at prioritere,d0-l100-v07.mp3,,,
udbrændt,d0-l100-v08.mp3,,,
en nødvendighed,d0-l100-v09.mp3,,,
at værne om noget,d0-l100-v10.mp3,,,
at dyrke (interesser),d0-l100-v12.mp3,,,
i det hele taget,d0-l100-v13.mp3,,,
afgørende,d0-l100-v14.mp3,,,
"Ganske vist kan man nå meget ved at arbejde hele tiden, men på længere sigt bliver man udbrændt, og så falder kvaliteten.",d0-l100-r1.mp3,,,
"Det fremgår af undersøgelsen, at tendensen er tydelig, men resultaterne skal tolkes med varsomhed.",d0-l127-a.mp3,,,
"I en akademisk tekst tilstræber forfatteren en neutral og objektiv tone. I stedet for at skrive «jeg synes, at prisen er steget for meget», vælger man en mere afdæmpet formulering: «Prisniveauet vurderes at være steget markant.» Personen forsvinder, og selve forholdet træder frem. Denne distance skabes især gennem to greb. For det første nominalstilen, hvor et verbum omdannes til et substantiv: «Da renten steg, faldt investeringerne» bliver til «Rentestigningen medførte et fald i investeringerne». For det andet passiven, hvor handlingen fremhæves frem for den, der udfører den: «Der blev gennemført en spørgeskemaundersøgelse», ikke «Vi lavede en undersøgelse». Henvisninger binder teksten sammen og signalerer, at påstandene hviler på et grundlag: «ifølge undersøgelsen», «det fremgår af tabellen», «som nævnt ovenfor». Men et godt akademisk sprog er ikke tørt kancellisprog. Overdreven brug af tunge substantiver gør teksten svær at læse. Den dygtige skribent finder balancen mellem præcise nominaliseringer og levende verber, så teksten både virker saglig og forbliver forståelig for læseren.",d0-l127-t.mp3,,,
Prisstigningen medførte et fald i efterspørgslen.,d0-l127-c1.mp3,,,
Temperaturen blev målt hver time.,d0-l127-c2.mp3,,,
Rapporten udgives hvert år i marts.,d0-l127-c3.mp3,,,
Ifølge undersøgelsen er tendensen klar.,d0-l127-c4.mp3,,,
"Det fremgår af tabellen, at forskellen er lille.",d0-l127-c5.mp3,,,
På baggrund af resultaterne anbefales en ny model.,d0-l127-c6.mp3,,,
at tilstræbe,d0-l127-v01.mp3,,,
en nominalstil,d0-l127-v02.mp3,,,
at omdanne,d0-l127-v03.mp3,,,
passiv (lideform),d0-l127-v05.mp3,,,
det fremgår af,d0-l127-v08.mp3,,,
på baggrund af,d0-l127-v10.mp3,,,
saglig,d0-l127-v11.mp3,,,
objektiv distance,d0-l127-v12.mp3,,,
kancellisprog,d0-l127-v13.mp3,,,
at vurdere,d0-l127-v14.mp3,,,
"Denne distance skabes især gennem to greb. For det første nominalstilen, hvor et verbum omdannes til et substantiv. For det andet passiven, hvor handlingen fremhæves frem for den, der udfører den.",d0-l127-r1.mp3,,,
"Tendensen tyder på en svag stigning, men tallene skal tages med forbehold.",d0-l128-a.mp3,,,
"Da lederen skulle præsentere årets tal, valgte hun sine ord med omhu. «Salget er steget med godt ti procent,» begyndte hun, «men tallene skal tages med et vist forbehold, for de dækker kun tre måneder.» Hun pegede på grafen. «Kurven stiger tydeligt i foråret og flader så ud hen over sommeren. Tendensen tyder på fortsat vækst, men det er for tidligt at konkludere, at fremgangen holder.» En kollega spurgte, om den nye reklamekampagne var årsagen. «Der er en sammenhæng,» svarede hun forsigtigt, «men korrelation er ikke det samme som årsag. Salget kan også være påvirket af sæsonen og af, at konkurrenten hævede sine priser.» Hun understregede en vigtig skelnen: en stigning på to procentpoint er ikke det samme som en vækst på to procent. «Alt andet lige forventer vi en svag stigning næste kvartal,» sluttede hun, «men vi bør indsamle flere data, før vi drager sikre konklusioner.» Netop den nuancerede omgang med tal gjorde hendes fremlæggelse troværdig.",d0-l128-t.mp3,,,
Tendensen tyder på en svag stigning.,d0-l128-c1.mp3,,,
Tallene skal tages med forbehold.,d0-l128-c2.mp3,,,
Kurven flader ud efter sommeren.,d0-l128-c3.mp3,,,
Korrelation er ikke det samme som årsag.,d0-l128-c4.mp3,,,
Knap halvdelen svarede ja.,d0-l128-c5.mp3,,,
Det er for tidligt at konkludere noget.,d0-l128-c6.mp3,,,
at stagnere,d0-l128-v04.mp3,,,
at flade ud,d0-l128-v05.mp3,,,
en korrelation,d0-l128-v06.mp3,,,
en årsagssammenhæng,d0-l128-v07.mp3,,,
knap,d0-l128-v09.mp3,,,
godt (om tal),d0-l128-v10.mp3,,,
alt andet lige,d0-l128-v11.mp3,,,
at drage en konklusion,d0-l128-v12.mp3,,,
et kvartal,d0-l128-v13.mp3,,,
troværdig,d0-l128-v14.mp3,,,
"En kollega spurgte, om den nye reklamekampagne var årsagen. «Der er en sammenhæng,» svarede hun forsigtigt, «men korrelation er ikke det samme som årsag.»",d0-l128-r1.mp3,,,
"Jeg forstår godt pointen, men kunne vi ikke mødes på halvvejen?",d0-l129-a.mp3,,,
"To virksomheder forhandler om en aftale. «Jeg forstår godt jeres pointe om prisen,» siger indkøberen, «men for os bliver det svært at gå over hundrede tusind.» Sælgeren nikker. «Det er et rimeligt hensyn. Kunne vi ikke mødes på halvvejen? Hvad hvis vi holdt prisen, men til gengæld strakte betalingen over seks måneder?» Indkøberen tøver. «Det lyder som en mulighed. Under forudsætning af at leveringen sker til tiden, kan vi nok acceptere det.» «Det kan vi godt love,» svarer sælgeren, «med det forbehold at I bestiller senest på fredag.» Ingen af parterne siger nej direkte"," i stedet stiller de forslag i form af spørgsmål og lægger små betingelser ind. «Jeg ville foreslå, at vi skriver det ned med det samme,» siger indkøberen til sidst, «så vi undgår misforståelser.» De giver hånd. Netop denne diplomatiske tone – hvor man anerkender modpartens synspunkt, foreslår kompromiser og afviser høfligt – gør det muligt at nå til enighed uden at nogen taber ansigt.",d0-l129-t.mp3,,
"Jeg forstår godt pointen, men vi må også tænke på budgettet.",d0-l129-c1.mp3,,,
Kunne vi ikke mødes på halvvejen?,d0-l129-c2.mp3,,,
Hvad hvis vi delte udgiften ligeligt?,d0-l129-c3.mp3,,,
Det bliver desværre svært for os lige nu.,d0-l129-c4.mp3,,,
"Under forudsætning af at prisen holder, siger vi ja.",d0-l129-c5.mp3,,,
Jeg ville foreslå en anden løsning.,d0-l129-c6.mp3,,,
en forudsætning,d0-l129-v03.mp3,,,
at anerkende,d0-l129-v05.mp3,,,
et hensyn,d0-l129-v06.mp3,,,
at mødes på halvvejen,d0-l129-v07.mp3,,,
at nå til enighed,d0-l129-v10.mp3,,,
at tabe ansigt,d0-l129-v11.mp3,,,
at strække (betalingen),d0-l129-v13.mp3,,,
en indkøber,d0-l129-v14.mp3,,,
"«Kunne vi ikke mødes på halvvejen? Hvad hvis vi holdt prisen, men til gengæld strakte betalingen over seks måneder?»",d0-l129-r1.mp3,,,
"Teksten kan læses som en fortælling om tab, og vinteren kan tolkes som et symbol på ensomhed.",d0-l130-a.mp3,,,
"Novellen begynder en kold vintermorgen. En gammel mand går alene langs stranden og samler sten, som han lægger i lommen. Ved første øjekast er det blot en enkel scene. Men teksten kan læses på flere måder. Vinteren og den golde strand kan tolkes som et symbol på alderdom og ensomhed, mens de tunge sten, manden samler, kan ses som et billede på de minder, han bærer med sig. Et gennemgående motiv er kulden, der vender tilbage igen og igen og understreger tekstens melankolske tone. Alligevel er slutningen ikke uden håb: da solen bryder frem, smiler manden for første gang. Man kan argumentere for, at lyset her bliver et symbol på forsoning – en accept af, at livet nærmer sig sin ende. Det er vigtigt at huske, at fortælleren ikke nødvendigvis er forfatteren selv"," stemmen i teksten er en litterær konstruktion. Netop fordi novellen ikke siger alt direkte, men lader billedsproget bære betydningen, inviterer den læseren til selv at fortolke. En god analyse nøjes ikke med at gengive handlingen, men knytter hver tolkning til konkrete steder i teksten.",d0-l130-t.mp3,,
Teksten kan læses som en fortælling om tab.,d0-l130-c1.mp3,,,
Vinteren kan tolkes som et symbol på ensomhed.,d0-l130-c2.mp3,,,
Tonen er melankolsk og eftertænksom.,d0-l130-c3.mp3,,,
Et gennemgående motiv er lyset i mørket.,d0-l130-c4.mp3,,,
Fortælleren er ikke nødvendigvis forfatteren.,d0-l130-c5.mp3,,,
"Man kan argumentere for, at slutningen er håbefuld.",d0-l130-c6.mp3,,,
at fortolke,d0-l130-v01.mp3,,,
en tolkning,d0-l130-v02.mp3,,,
et tema,d0-l130-v03.mp3,,,
et symbol,d0-l130-v04.mp3,,,
et motiv,d0-l130-v05.mp3,,,
tonen,d0-l130-v06.mp3,,,
melankolsk,d0-l130-v07.mp3,,,
en fortæller,d0-l130-v09.mp3,,,
gennemgående,d0-l130-v11.mp3,,,
en forsoning,d0-l130-v12.mp3,,,
at antyde,d0-l130-v13.mp3,,,
en novelle,d0-l130-v14.mp3,,,
"De tunge sten, manden samler, kan ses som et billede på de minder, han bærer med sig.",d0-l130-r1.mp3,,,
"Det var Anna, der reddede projektet i sidste øjeblik.",d0-l142-a.mp3,,,
"Hvad er det egentlig, der gør en sætning kraftfuld? Ofte er det ikke ordene selv, men rækkefølgen. På dansk står det bøjede verbum altid som nummer to, og netop den regel giver os et redskab: vi kan rykke et hvilket som helst led frem i sætningen og dermed fremhæve det, mens verbet bliver på sin plads. «Sådan har vi aldrig gjort før,» siger chefen, og med det ene ord «sådan» forrest lægger han al vægt på måden. Læg mærke til, at subjektet «vi» nu kommer efter verbet — det kalder man omvendt ordstilling. Et endnu stærkere greb er kløvningssætningen. I stedet for at sige «Anna reddede projektet», kan vi sige «Det var Anna, der reddede projektet». Sætningen kløves i to, og alt lyset falder på Anna. Vil man fremhæve tid eller sted, bruger man samme mønster: «Det var først bagefter, at jeg forstod det.» Endelig findes det foreløbige «der», som skubber et ubestemt subjekt bagud: «Der opstod tvivl om resultatet.» Det lyder mere naturligt end «Tvivl opstod om resultatet.» Tilsammen giver disse greb skribenten mulighed for at styre, hvor læserens opmærksomhed lander.",d0-l142-t.mp3,,,
I går mødte jeg en gammel ven på gaden.,d0-l142-c1.mp3,,,
"Det er dig, der bestemmer.",d0-l142-c2.mp3,,,
"Det var i København, at vi mødtes.",d0-l142-c3.mp3,,,
Der opstod et problem undervejs.,d0-l142-c4.mp3,,,
"Det er vigtigt, at alle bliver hørt.",d0-l142-c5.mp3,,,
Netop derfor siger jeg det nu.,d0-l142-c6.mp3,,,
omvendt ordstilling,d0-l142-v02.mp3,,,
en fremhævelse,d0-l142-v04.mp3,,,
at rykke frem,d0-l142-v05.mp3,,,
en kløvningssætning,d0-l142-v06.mp3,,,
et bøjet verbum,d0-l142-v07.mp3,,,
et foreløbigt subjekt,d0-l142-v09.mp3,,,
ubestemt,d0-l142-v10.mp3,,,
i sidste øjeblik,d0-l142-v13.mp3,,,
opmærksomhed,d0-l142-v14.mp3,,,
"Det var ikke chefen, der traf beslutningen", det var hele teamet. Først bagefter blev planen godkendt.,d0-l142-r1.mp3,,
"Havde jeg vidst det, ville jeg have handlet anderledes.",d0-l143-a.mp3,,,
"Hvis jeg havde vidst, hvor svært det ville blive, havde jeg måske valgt anderledes. Sådan tænker de fleste af os, når vi ser tilbage. Men fortiden lader sig ikke lave om, og alligevel fylder de hypotetiske tanker meget. På dansk udtrykker vi det uvirkelige ved at flytte tiden et skridt tilbage. Taler vi om noget, der kunne ske nu, bruger vi datid: «Hvis jeg var rig, rejste jeg jorden rundt.» Handler det om fortiden, går vi endnu længere tilbage: «Hvis jeg havde sparet op, kunne jeg have købt lejligheden.» Læg mærke til det lille, men vigtige ord «have» i svaret. Uden det bliver sætningen forkert. Man kan også lade hjælpeverbet stå forrest og droppe «hvis»: «Havde jeg blot lyttet, var alt gået anderledes.» Det lyder mere litterært. Ønsker og fortrydelse hører til samme familie. «Hvis bare jeg kunne begynde forfra,» sukker mange. Og med «gid» sætter vi ord på et håb, vi godt ved næppe går i opfyldelse: «Gid det var så vel.» Det uvirkelige sprog er altså ikke bare grammatik — det er måden, vi bearbejder de valg, vi ikke traf.",d0-l143-t.mp3,,,
"Hvis jeg havde tid, ville jeg rejse mere.",d0-l143-c1.mp3,,,
"Havde jeg vidst det, var jeg blevet hjemme.",d0-l143-c2.mp3,,,
Hvis bare jeg havde lyttet til dig!,d0-l143-c3.mp3,,,
Du skulle have sagt det noget før.,d0-l143-c4.mp3,,,
Det kunne godt have været værre.,d0-l143-c5.mp3,,,
Gid vejret var bedre i dag.,d0-l143-c6.mp3,,,
hypotetisk,d0-l143-v01.mp3,,,
uvirkelig,d0-l143-v02.mp3,,,
en betingelse,d0-l143-v03.mp3,,,
at fortryde,d0-l143-v04.mp3,,,
en anger,d0-l143-v05.mp3,,,
datid,d0-l143-v07.mp3,,,
førnutid,d0-l143-v08.mp3,,,
et hjælpeverbum,d0-l143-v09.mp3,,,
gid,d0-l143-v11.mp3,,,
hvis bare,d0-l143-v12.mp3,,,
at gå i opfyldelse,d0-l143-v13.mp3,,,
at handle anderledes,d0-l143-v14.mp3,,,
"Havde vi bestilt billetterne tidligere, kunne vi have fået bedre pladser. Nu måtte vi sidde bagerst.",d0-l143-r1.mp3,,,
Hvis bare jeg havde lyttet til dig.,d0-l143-l4.mp3,,,
Ved frihed forstås retten til at handle efter egen vilje.,d0-l144-a.mp3,,,
"Hvad mener vi egentlig, når vi bruger et ord som «frihed»? Store begreber virker selvindlysende, indtil man forsøger at afgrænse dem. En god definition består af to dele: den overordnede kategori og det særlige træk, der adskiller begrebet fra alt andet. Ved frihed forstås således ikke bare fravær af lænker, men retten til at handle efter egen vilje, så længe man ikke krænker andres tilsvarende ret. Tillid er et andet begreb, der ofte tages for givet. Tillid kan defineres som en villighed til at gøre sig sårbar over for en anden i forventning om, at den anden ikke udnytter det. Læg mærke til, at definitionen ikke nævner et konkret eksempel"," den peger på det almene træk. Et eksempel kunne være at låne en ven penge, men eksemplet er ikke selve begrebet. Endelig hjælper afgrænsningen os. Retfærdighed må ikke forveksles med hævn, og frihed er ikke det samme som grænseløshed. Ved at sige, hvad et begreb ikke er, skærper vi, hvad det er. Netop derfor begynder en klar tekst ofte med at definere sine centrale ord, før den overhovedet argumenterer.",d0-l144-t.mp3,,
Ved frihed forstås retten til at handle uden ydre tvang.,d0-l144-c1.mp3,,,
Tillid kan defineres som en villighed til at gøre sig sårbar.,d0-l144-c2.mp3,,,
"Retfærdighed indebærer, at lige tilfælde behandles lige.",d0-l144-c3.mp3,,,
I modsætning til magt hviler tillid på frivillighed.,d0-l144-c4.mp3,,,
Begrebet må ikke forveksles med sin modsætning.,d0-l144-c5.mp3,,,
Ansvar betegner pligten til at stå til regnskab.,d0-l144-c6.mp3,,,
et begreb,d0-l144-v01.mp3,,,
en definition,d0-l144-v02.mp3,,,
at definere,d0-l144-v03.mp3,,,
at afgrænse,d0-l144-v04.mp3,,,
en frihed,d0-l144-v05.mp3,,,
en tillid,d0-l144-v06.mp3,,,
en retfærdighed,d0-l144-v07.mp3,,,
en villighed,d0-l144-v09.mp3,,,
sårbar,d0-l144-v10.mp3,,,
at forveksle med,d0-l144-v11.mp3,,,
selvindlysende,d0-l144-v13.mp3,,,
at stå til regnskab,d0-l144-v14.mp3,,,
"Ved retfærdighed forstås her, at lige tilfælde behandles lige. Begrebet må ikke forveksles med hævn, som handler om gengældelse.",d0-l144-r1.mp3,,,
"Ja, jeg er jo altid så præcis, sagde han tørt.",d0-l145-a.mp3,,,
"«Nå, du kom da endelig,» sagde Mette med et skævt smil, da Jonas trådte ind en time for sent. Jonas stivnede et øjeblik. Var hun sur? Så opdagede han glimtet i øjet. «Ja, jeg er jo altid så præcis,» svarede han tørt, og de grinede begge. Det var selvironi — han gjorde grin med sin egen dårlige vane. Dansk humor bygger ofte på underdrivelse. Da chefen roste projektet som «ikke helt ueffent», forstod alle, at han faktisk var imponeret. At sige tingene lige ud ville virke pralende, og pral bryder man sig ikke om. Men ironi kan gå galt, især på skrift, hvor stemmen mangler. En kollega skrev i en mail: «Fantastisk, endnu et møde klokken syv om morgenen.» En ny medarbejder troede, han mente det oprigtigt, og mødte glad op. Derfor tilføjer mange en smiley eller skriver rent ud: «Det var ironisk ment.» Sarkasme er ironiens skarpe fætter. «Tak for hjælpen — den var uvurderlig,» kan være et venligt drilleri eller et bidsk stik, alt efter tonen. Kunsten er at læse situationen: er glimtet i øjet der, eller er det ment som en kritik? Tvivler man, kan man altid spørge: «Var det ironisk ment?»",d0-l145-t.mp3,,,
Sikke et pragtfuldt vejr! (sagt i silende regn),d0-l145-c1.mp3,,,
Det var ikke så ringe endda.,d0-l145-c2.mp3,,,
Han er ikke ligefrem beskeden.,d0-l145-c3.mp3,,,
"Bare rolig, det var ironisk ment.",d0-l145-c4.mp3,,,
"Jeg er jo ikke noget geni, men…",d0-l145-c5.mp3,,,
"Tak, det havde jeg virkelig brug for — ikke!",d0-l145-c6.mp3,,,
en ironi,d0-l145-v01.mp3,,,
en sarkasme,d0-l145-v02.mp3,,,
selvironi,d0-l145-v04.mp3,,,
et glimt i øjet,d0-l145-v05.mp3,,,
tørt,d0-l145-v06.mp3,,,
at drille,d0-l145-v07.mp3,,,
et drilleri,d0-l145-v08.mp3,,,
bidsk,d0-l145-v09.mp3,,,
oprigtigt,d0-l145-v10.mp3,,,
at gøre grin med,d0-l145-v11.mp3,,,
ikke ueffent,d0-l145-v13.mp3,,,
at læse situationen,d0-l145-v14.mp3,,,
"«Fantastisk, endnu et møde klokken syv,» skrev chefen i mailen. En ny kollega troede, han mente det oprigtigt, og mødte glad op.",d0-l145-r1.mp3,,,
Afslutningsvis vil jeg gerne samle trådene og gentage min hovedpointe.,d0-l146-a.mp3,,,
"At holde et godt oplæg handler mindre om at kunne alt og mere om at føre tilhøreren sikkert gennem stoffet. Begynd med en klar indledning: fortæl, hvad du vil tale om, og hvordan du har delt det op. «I dag vil jeg se på tre spørgsmål,» siger du, og med det samme ved salen, hvad der venter. I hoveddelen er signposting din bedste ven. Ord som «for det første», «desuden» og «på den anden side» fungerer som skilte langs vejen. Uden dem farer tilhøreren vild, uanset hvor kloge dine pointer er. Når du skifter emne, så marker det: «Det bringer mig til mit næste punkt.» Giv gerne et konkret eksempel, for et eksempel huskes bedre end en abstrakt påstand. Afslutningen skal samle trådene. «Afslutningsvis vil jeg fremhæve,» siger du og gentager kort din hovedpointe, så den sidder fast. Til sidst kommer spørgsmålene. Tag imod dem roligt. Sig «det er et godt spørgsmål», og omformulér, hvis du er i tvivl: «Hvis jeg forstår dig ret, spørger du om …». Ved du ikke svaret, så indrøm det ærligt — det virker mere troværdigt end at bluffe. Et godt oplæg slutter ikke, når du tier, men når publikum husker din pointe.",d0-l146-t.mp3,,,
I dag vil jeg tale om tre ting.,d0-l146-c1.mp3,,,
For det første vil jeg se på årsagerne.,d0-l146-c2.mp3,,,
Det bringer mig til mit næste punkt.,d0-l146-c3.mp3,,,
Afslutningsvis vil jeg samle trådene.,d0-l146-c4.mp3,,,
Det er et rigtig godt spørgsmål.,d0-l146-c5.mp3,,,
"Hvis jeg forstår dig ret, spørger du om budgettet.",d0-l146-c6.mp3,,,
en tilhører,d0-l146-v06.mp3,,,
en overgang,d0-l146-v08.mp3,,,
at samle trådene,d0-l146-v10.mp3,,,
at uddybe,d0-l146-v12.mp3,,,
et retorisk spørgsmål,d0-l146-v13.mp3,,,
"«Afslutningsvis vil jeg fremhæve min hovedpointe,» sagde taleren og gentog kort sin vigtigste konklusion, før hun åbnede for spørgsmål.",d0-l146-r1.mp3,,,
"Eftersom præmisserne er sande, følger det heraf, at konklusionen holder.",d0-l157-a.mp3,,,
"Hvordan bygger man en overbevisende argumentation? Det starter med en klar præmis — en påstand, man tager for givet. Lad os sige, at vi hævder: «Flere cykelstier gør byen sundere.» Den påstand kan ikke stå alene"," den skal underbygges. Derfor tilføjer vi et led: eftersom bedre cykelstier får flere til at cykle, og eftersom cykling øger den daglige motion, følger det heraf, at flere cykelstier på sigt forbedrer folkesundheden. Læg mærke til kæden: hvert led hviler på det forrige, og konklusionen falder ikke ned fra himlen. Men en god skribent stopper ikke der. Hun overvejer modargumentet: måske vælger nogle bilen alligevel, uanset stierne. Det svækker ikke nødvendigvis slutningen, men det nuancerer den. Faren er de skjulte fejlslutninger. At to ting sker efter hinanden, beviser ikke, at det ene forårsager det andet — sammenhæng er ikke det samme som årsag. Og at angribe modpartens person i stedet for hans pointe fører ingen vegne. Kort sagt: en holdbar argumentation kræver sande præmisser, en gyldig slutning og modet til at afprøve sit eget ræsonnement, før andre gør det.",d0-l157-t.mp3,,
"Eftersom priserne steg, faldt efterspørgslen — det følger heraf, at omsætningen faldt.",d0-l157-c1.mp3,,,
"Han nåede ikke toget, fordi han sov over sig.",d0-l157-c2.mp3,,,
Vejret var dårligt, derfor blev udflugten udskudt.,d0-l157-c3.mp3,,
På grund af strejken kørte togene ikke.,d0-l157-c4.mp3,,,
"Præmisserne er sande, og slutningen er gyldig", derfor er argumentet holdbart.,d0-l157-c5.mp3,,
en præmis,d0-l157-v01.mp3,,,
et ræsonnement,d0-l157-v04.mp3,,,
at ræsonnere,d0-l157-v05.mp3,,,
en virkning,d0-l157-v07.mp3,,,
en antagelse,d0-l157-v09.mp3,,,
at drage en slutning,d0-l157-v10.mp3,,,
en fejlslutning,d0-l157-v11.mp3,,,
gyldig,d0-l157-v12.mp3,,,
holdbar,d0-l157-v13.mp3,,,
at underbygge,d0-l157-v15.mp3,,,
"At to ting sker efter hinanden, beviser ikke, at det ene forårsager det andet — sammenhæng er ikke det samme som årsag.",d0-l157-r1.mp3,,,
"Jeg må desværre meddele, at jeg er nødsaget til at aflyse vores aftale.",d0-l158-a.mp3,,,
"Forestil dig, at du skal aflyse et møde. Samme budskab, tre registre. Til en offentlig myndighed skriver du: «Kære sagsbehandler. Jeg må desværre meddele, at jeg er nødsaget til at aflyse vores aftale den 12. juni grundet uforudsete omstændigheder. Jeg beklager ulejligheden og vil sætte pris på at få tildelt en ny tid. Med venlig hilsen, Sara Ahmadi.» Læg mærke til det: fulde sætninger, ord som «meddele», «nødsaget» og «grundet», og en høflig, distanceret tone. Til en ven lyder det helt anderledes: «Hej Mette! Øv, jeg er desværre nødt til at aflyse på onsdag — der er kcommet noget i vejen. Kan vi ikke bare finde en anden dag? Beklager! Kh Sara.» Her er tonen varm, sætningerne korte, og de små ord som «bare» og «øv» gør det personligt. Og til en sms bliver det skåret helt ind til benet: «Må aflyse ons, beklager! Ny dag? 🙏» — ingen indledning, ingen underskrift, næsten telegramstil. Bemærk, at indholdet er det samme hele vejen"," det er tonen, ordvalget og længden, der skifter. Kunsten er at ramme det rette register — og ikke blande dem sammen midt i teksten.",d0-l158-t.mp3,,
Jeg skal hermed anmode Dem om at fremsende de ønskede oplysninger.,d0-l158-c1.mp3,,,
"Kan du sende mig de der oplysninger, når du har tid?",d0-l158-c2.mp3,,,
Send lige info når du kan 🙏,d0-l158-c3.mp3,,,
Vedrørende Deres henvendelse af 3. maj oplyser vi følgende.,d0-l158-c4.mp3,,,
"Du kommer da til festen, ikke?",d0-l158-c5.mp3,,,
et register,d0-l158-v01.mp3,,,
vedrørende,d0-l158-v06.mp3,,,
en henvendelse,d0-l158-v08.mp3,,,
nødsaget til,d0-l158-v10.mp3,,,
at meddele,d0-l158-v11.mp3,,,
en talesprogspartikel,d0-l158-v12.mp3,,,
en tone,d0-l158-v15.mp3,,,
grundet,d0-l158-v16.mp3,,,
"Bemærk, at indholdet er det samme hele vejen"," det er tonen, ordvalget og længden, der skifter.",d0-l158-r1.mp3,,
Vedrørende Deres henvendelse oplyser vi følgende.,d0-l158-l4.mp3,,,
Bestyrelsen traf en vigtig beslutning og tog samtidig stilling til budgettet.,d0-l159-a.mp3,,,
"Hvorfor lyder nogle danske sætninger «næsten rigtige», men alligevel forkerte? Ofte er svaret kollokationer — de faste makkerpar af ord, som modersmålstalere bruger uden at tænke over det. Tag verbet at træffe: man træffer en beslutning og træffer et valg, men man «gør» dem ikke, selv om det ville give mening på engelsk. På samme måde tager man stilling til en sag, tager hensyn til andre og tager ansvar for sine handlinger — altid med tage, aldrig med «lave». Og når man skal slutte noget ud fra beviser, drager man en konklusion. Læg mærke til, hvor let det går galt: en fejl begår man, en tale holder man, en aftale indgår man, og en risiko løber man. Ingen af disse følger en logisk regel, man kan regne sig frem til — de skal læres som par. Netop derfor er det en god vane at notere nye gloser sammen med det verbum, de optræder med. Skriver du bare «beslutning» i din ordbog, ved du ikke, om du skal træffe, tage eller gøre den. Skriver du «træffe en beslutning», har du fanget hele vendingen. Det er forskellen på oversat dansk og ægte dansk.",d0-l159-t.mp3,,,
Bestyrelsen traf en vigtig beslutning på mødet.,d0-l159-c1.mp3,,,
Vi må tage stilling til forslaget inden fredag.,d0-l159-c2.mp3,,,
"Heraf kan vi drage den konklusion, at planen virker.",d0-l159-c3.mp3,,,
Han begik en alvorlig fejl i regnskabet.,d0-l159-c4.mp3,,,
Måtte jeg stille et enkelt spørgsmål?,d0-l159-c5.mp3,,,
en kollokation,d0-l159-v01.mp3,,,
at træffe et valg,d0-l159-v03.mp3,,,
at tage hensyn til,d0-l159-v05.mp3,,,
at tage ansvar for,d0-l159-v06.mp3,,,
at drage nytte af,d0-l159-v08.mp3,,,
at stille et spørgsmål,d0-l159-v10.mp3,,,
at holde en tale,d0-l159-v11.mp3,,,
at indgå en aftale,d0-l159-v12.mp3,,,
at løbe en risiko,d0-l159-v13.mp3,,,
at gøre en indsats,d0-l159-v14.mp3,,,
en fast vending,d0-l159-v15.mp3,,,
"Skriver du bare «beslutning» i din ordbog, ved du ikke, om du skal træffe, tage eller gøre den.",d0-l159-r1.mp3,,,
Bestyrelsen traf en vigtig beslutning og tog stilling til budgettet.,d0-l159-l4.mp3,,,
"Det var ikke ligefrem en succes, men det stod der ikke direkte.",d0-l160-a.mp3,,,
"En avisartikel er sjældent så neutral, som den ser ud. Læs de to overskrifter om samme begivenhed: «Regeringen tilpasser den upopulære reform» og «Regeringen bakker ud af sit løfte». Faktisk er indholdet det samme — en plan bliver ændret — men ordvalget peger i hver sin retning. «Tilpasser» lyder ansvarligt og fleksibelt"," «bakker ud» antyder svaghed og løftebrud. Ingen af delene er direkte løgn, men vinklen er tydelig. Læg også mærke til, hvad der ikke står. Når en artikel skriver, at «der blev begået fejl», forsvinder den, der begik dem, ud af sætningen — den passive form skjuler ansvaret. Og små ord bærer store betydninger: kalder man et forslag «billigt», lyder det sjusket"," kalder man det «økonomisk», lyder det klogt. En kritisk læser spørger derfor hele tiden: hvem taler her, til hvem, og hvad er udeladt? At læse mellem linjerne betyder ikke at være mistroisk over for alt, men at høre både det, der siges, og det, der antydes. Ofte ligger den egentlige pointe netop i det, forfatteren lader stå usagt — og det er der, en øvet læser fanger vinklen.",d0-l160-t.mp3,
Det var ikke ligefrem en succes.,d0-l160-c1.mp3,,,
Nogle af eleverne bestod prøven.,d0-l160-c2.mp3,,,
Sikke en «hjælp» du var.,d0-l160-c3.mp3,,,
Der blev begået fejl under processen.,d0-l160-c4.mp3,,,
"Det ligger i kortene, at priserne stiger.",d0-l160-c5.mp3,,,
en implikatur,d0-l160-v01.mp3,,,
underforstået,d0-l160-v02.mp3,,,
en antydning,d0-l160-v04.mp3,,,
mellem linjerne,d0-l160-v05.mp3,,,
en vinkel,d0-l160-v06.mp3,,,
at vinkle,d0-l160-v07.mp3,,,
en konnotation,d0-l160-v08.mp3,,,
tvetydig,d0-l160-v09.mp3,,,
ironisk,d0-l160-v10.mp3,,,
en fortolkning,d0-l160-v13.mp3,,,
tendentiøs,d0-l160-v14.mp3,,,
ladet,d0-l160-v15.mp3,,,
det ligger i kortene,d0-l160-v16.mp3,,,
"At læse mellem linjerne betyder ikke at være mistroisk over for alt, men at høre både det, der siges, og det, der antydes.",d0-l160-r1.mp3,,,
Det er faktisk et godt spørgsmål — lad mig lige tænke over det.,d0-l161-a.mp3,,,
"Til den mundtlige eksamen bliver du bedømt på mere end korrekt grammatik. Censor lytter efter, om du kan holde en samtale i gang, uddybe dine pointer og nuancere dine svar. Forestil dig, at du får spørgsmålet: «Er det en god idé, at unge flytter tidligt hjemmefra?» Et svagt svar er: «Ja, det synes jeg.» Punktum. Et stærkt svar folder sig ud: «Overordnet mener jeg ja — for det lærer unge at tage ansvar. For eksempel skal man selv lave mad og styre sin økonomi. På den anden side kan det være ensomt i starten, så det kommer an på personen.» Læg mærke til rytmen: en holdning, en begrundelse, et eksempel og en nuance. Skulle du gå i stå, så tie ikke bare stille. Køb tid med en fyldpause: «Det er faktisk et godt spørgsmål — lad mig lige tænke.» Og hvis du mangler et ord, så omskriv det i stedet for at gå i panik. Får du et svært spørgsmål, du ikke kender svaret på, så anerkend det ærligt og gæt kvalificeret: «Det er jeg ikke helt sikker på, men jeg vil tro, at…» Til sidst: tag selv ordet, når det er passende, og byg bro til dit næste punkt. Mestring handler ikke om at være fejlfri, men om at styre samtalen med ro.",d0-l161-t.mp3,,,
Det er et godt spørgsmål, lad mig lige tænke over det.,d0-l161-c1.mp3,,
"På den ene side sparer man tid, men på den anden side koster det mere.",d0-l161-c2.mp3,,,
"Må jeg lige tilføje en enkelt ting, før vi går videre?",d0-l161-c3.mp3,,,
"Hvis jeg forstår dig ret, spørger du om fordelene?",d0-l161-c4.mp3,,,
"Det ved jeg ikke med sikkerhed, men jeg vil tro, at…",d0-l161-c5.mp3,,,
en mundtlig eksamen,d0-l161-v01.mp3,,,
at nuancere,d0-l161-v05.mp3,,,
at tage ordet,d0-l161-v06.mp3,,,
en fyldpause,d0-l161-v07.mp3,,,
at omskrive,d0-l161-v08.mp3,,,
at omformulere,d0-l161-v09.mp3,,,
kvalificeret,d0-l161-v16.mp3,,,
"Mestring handler ikke om at være fejlfri, men om at styre samtalen med ro.",d0-l161-r1.mp3,,,
"Ordene betyder næsten det samme, men de klinger forskelligt.",d0-l162-a.mp3,,,
"Da jeg begyndte at skrive akademisk på dansk, troede jeg, at synonymer var udskiftelige. Hvis ordbogen sagde, at ""stor"" og ""betydelig"" betød det samme, brugte jeg dem i flæng. En vejleder rettede mig venligt: ""Ordene betyder næsten det samme, men de klinger forskelligt."" Det åbnede en helt ny verden. Tag verberne ""sige"", ""hævde"" og ""påstå"". På overfladen handler de alle om at udtrykke noget. Men ""sige"" er neutralt, ""hævde"" er en fast, saglig påstand, og ""påstå"" antyder, at taleren måske tager fejl. Vælger man det forkerte, sender man et signal, man ikke havde tænkt sig. At skrive ""forskerne påstår"" i stedet for ""forskerne påpeger"" gør uforvarende forskningen utroværdig. Det samme gælder adjektiver. En ""betydelig"" ændring er mærkbar og målbar"," en ""omfattende"" reform dækker meget og går i dybden. At vælge ordet med den rette nuance er ikke pedanteri — det er præcision. God stil handler ikke om at kende mange ord, men om at vælge det ene rigtige ord på det rigtige sted. Præcision er høflighed over for læseren.",d0-l162-t.mp3,,
Reformen medførte en betydelig stigning i antallet af ansøgere.,d0-l162-c1.mp3,,,
Der venter os en omfattende ombygning af hele systemet.,d0-l162-c2.mp3,,,
"Forfatteren påstår, at metoden virker — men beviset mangler.",d0-l162-c3.mp3,,,
"Rapporten hævder, at tallene er pålidelige.",d0-l162-c4.mp3,,,
Undersøgelsen viser en markant forskel mellem de to grupper.,d0-l162-c5.mp3,,,
et synonym,d0-l162-v01.mp3,,,
præcision (en),d0-l162-v03.mp3,,,
udskiftelig,d0-l162-v04.mp3,,,
at klinge (forskelligt),d0-l162-v05.mp3,,,
betydelig,d0-l162-v06.mp3,,,
omfattende,d0-l162-v07.mp3,,,
uforvarende,d0-l162-v14.mp3,,,
et ordvalg,d0-l162-v15.mp3,,,
"En tekst er som en bro: den holder kun, hvis leddene er bundet sammen.",d0-l163-a.mp3,,,
"En tekst er som en bro: den holder kun, hvis leddene er bundet sammen. Mange skriver gode enkeltsætninger, men glemmer trådene mellem dem. Så bliver teksten en bunke af rigtige udsagn uden retning. Det vigtigste redskab er henvisning. Når du har nævnt noget, kan du pege tilbage på det med ""den"", ""det"", ""denne"" eller ""dette"". Skriver du ""Projektet blev dyrt. Projektet blev også forsinket"", lyder det klodset. Skriver du ""Projektet blev dyrt. Det blev også forsinket"", glider læseren videre uden at snuble. Henvisning sparer ord og skaber sammenhæng på samme tid. Lige så vigtigt er rækkefølgen. Dansk foretrækker det kendte først og det nye sidst. Derfor begynder en sætning gerne med noget, læseren allerede har mødt, og slutter med den nye oplysning. På den måde bliver hver sætning en trædesten til den næste. Til sidst binder de små tekstord det hele sammen: ""derudover"", ""til gengæld"", ""af samme grund"", ""med andre ord"". De fortæller læseren, hvordan tanken bevæger sig. Uden dem må læseren selv gætte forbindelsen — og gætter ofte forkert.",d0-l163-t.mp3,,,
Projektet blev forsinket. Det skyldtes en fejl i planlægningen.,d0-l163-c1.mp3,,,
"Vi fik to tilbud. Det første var billigt, det sidste var bedst.",d0-l163-c2.mp3,,,
Reglerne er nye. Derfor kender mange dem ikke endnu.,d0-l163-c3.mp3,,,
Løsningen er dyr. Til gengæld holder den i mange år.,d0-l163-c4.mp3,,,
Hun forklarede idéen grundigt. Dette hjalp alle med at forstå.,d0-l163-c5.mp3,,,
sammenhæng (en),d0-l163-v01.mp3,,,
kohæsion (en),d0-l163-v02.mp3,,,
at henvise (til),d0-l163-v04.mp3,,,
et henvisningsord,d0-l163-v05.mp3,,,
en trædesten,d0-l163-v06.mp3,,,
klodset,d0-l163-v07.mp3,,,
at snuble,d0-l163-v08.mp3,,,
rækkefølge (en),d0-l163-v09.mp3,,,
derudover,d0-l163-v11.mp3,,,
af samme grund,d0-l163-v12.mp3,,,
et tekstbånd,d0-l163-v14.mp3,,,
et udsagn,d0-l163-v15.mp3,,,
Henvisning sparer ord og skaber sammenhæng på samme tid.,d0-l163-r1.mp3,,,
At gennemskue disse greb gør dig ikke kynisk — det gør dig fri.,d0-l164-a.mp3,,,
"Læs enhver god tale, og du finder de samme greb igen og igen. De er ikke tilfældige"," de er retorikkens værktøjskasse. Først etos: afsenderen skal virke troværdig. ""Som læge med tyve års erfaring"" — sådan en indledning køber vores tillid, før argumentet overhovedet er fremsat. Dernæst patos: taleren rører vores følelser. ""Tænk på de børn, der går sultne i seng."" Vi mærker det i maven, og pludselig er sagen ikke længere abstrakt. Endelig logos: fornuften får sit. ""Udslippet er faldet med fyrre procent."" Tallet virker køligt og sagligt, og netop derfor overbeviser det. Oven i de tre appelformer kommer sproglige tricks. Det retoriske spørgsmål — ""Hvem ønsker et samfund uden tillid?"" — tvinger os til selv at svare, og dermed er vi allerede enige. Tretrinsraketten giver rytme: ""Vi lyttede, vi lærte, vi handlede."" Og gentagelsen borer budskabet fast. At gennemskue disse greb gør dig ikke kynisk. Tværtimod: når du kan se, hvordan en tekst prøver at overbevise dig, kan du selv afgøre, om den fortjener det.",d0-l164-t.mp3,,
"Som læge med tyve års erfaring ved jeg, hvad der virker.",d0-l164-c1.mp3,,,
"Tænk på de børn, der går sultne i seng hver aften.",d0-l164-c2.mp3,,,
Tallene taler for sig selv: udslippet er faldet med 40 %.,d0-l164-c3.mp3,,,
Hvem ønsker egentlig et samfund uden tillid?,d0-l164-c4.mp3,,,
"Vi lyttede, vi lærte, vi handlede.",d0-l164-c5.mp3,,,
retorik (en),d0-l164-v01.mp3,,,
en appelform,d0-l164-v03.mp3,,,
en tretrinsraket,d0-l164-v07.mp3,,,
et greb,d0-l164-v09.mp3,,,
at gennemskue,d0-l164-v10.mp3,,,
et budskab,d0-l164-v11.mp3,,,
at røre (følelser),d0-l164-v13.mp3,,,
kynisk,d0-l164-v15.mp3,,,
En god skribent læser altid sin tekst højt til sidst.,d0-l165-a.mp3,,,
"Tegnsætning er tekstens vejskilte. De fortæller læseren, hvornår han skal holde en kort pause, og hvornår en tanke slutter. På avanceret niveau er de groveste fejl væk"," tilbage står de små, der alligevel afslører en uøvet skribent. Kommaet driller mest. Reglen er enklere, end mange tror: sæt komma, hvor en ledsætning begynder. ""Jeg tror, at det passer."" ""Manden, der bor ved siden af, er læge."" Glemmer man det komma foran ""at"" eller ""der"", snubler læseren et øjeblik. Til gengæld sætter mange fejlagtigt komma foran ""og"" i en simpel opremsning, hvor dansk ikke ønsker det. Semikolon og kolon bliver ofte forvekslet. Semikolon binder to hele sætninger, der hører sammen: ""Det blæste kraftigt"," alligevel tog vi afsted."" Kolon derimod åbner for noget — en liste, en forklaring, et citat: ""Der var kun ét problem: ingen havde nøglen."" Den værste, men mest almindelige fejl er kommasplittelsen: to hele sætninger klistret sammen med et enkelt komma. Ret det med et punktum, et semikolon eller et ""og"". En god skribent læser altid sin tekst højt til sidst"," ørerne hører ofte, hvad øjnene overser.",d0-l165-t.mp3
"Jeg ved, at du kommer i morgen.",d0-l165-c1.mp3,,,
"Bogen, som jeg lånte på biblioteket, var spændende.",d0-l165-c2.mp3,,,
Det regnede hele dagen, vi blev derfor hjemme.,d0-l165-c3.mp3,,
"Vi manglede tre ting: tid, penge og mod.",d0-l165-c4.mp3,,,
"Hun kom for sent, fordi toget var forsinket.",d0-l165-c5.mp3,,,
tegnsætning (en),d0-l165-v01.mp3,,,
korrektur (en),d0-l165-v02.mp3,,,
et komma,d0-l165-v03.mp3,,,
et semikolon,d0-l165-v04.mp3,,,
et kolon,d0-l165-v05.mp3,,,
et punktum,d0-l165-v06.mp3,,,
et indskud,d0-l165-v08.mp3,,,
en opremsning,d0-l165-v09.mp3,,,
en kommasplittelse,d0-l165-v10.mp3,,,
et vejskilt,d0-l165-v11.mp3,,,
en skribent,d0-l165-v12.mp3,,,
at forveksle,d0-l165-v14.mp3,,,
"Den værste, men mest almindelige fejl er kommasplittelsen: to hele sætninger klistret sammen med et enkelt komma.",d0-l165-r1.mp3,,,
Sprog er aldrig kun ord, det er en hel usynlig kode.,d0-l166-a.mp3,,
"De sværeste regler i dansk står ikke i nogen grammatikbog. De er uskrevne, og alligevel mærker man dem med det samme. En udlænding kan tale fejlfrit og stadig virke lidt fremmed, fordi han ikke har fanget tonen. Tag stilheden. I mange lande er tavshed mellem to mennesker pinlig og skal fyldes med small talk. I Danmark er den ofte helt naturlig. To kolleger kan sidde stille i frokostpausen uden at føle sig utilpasse. Stilhed er ikke afvisning"," den er en form for ro. Så er der direktheden. Danskere sætter pris på at være ligefremme og sige tingene, som de er. Men den direkte tone blødes op af små ord — modalpartikler. ""Kan du lige række mig saltet?"" lyder venligt"," uden ""lige"" bliver det næsten en ordre. Disse ord er lette at overse, men de bærer hele forskellen mellem høflig og hård. Og så det ømtålelige: den såkaldte hyggeracisme, hvor en tilsyneladende uskyldig spøg alligevel sårer. At forstå, hvorfor nogle grin ikke er harmløse, er også kulturforståelse. Sprog er aldrig kun ord", det er en hel usynlig kode.,d0-l166-t.mp3
Kan du lige hjælpe mig med det her?,d0-l166-c1.mp3,,,
"Det er jo ikke så svært, vel?",d0-l166-c2.mp3,,,
Det går nok — bare rolig.,d0-l166-c3.mp3,,,
Man taler sjældent med fremmede i toget.,d0-l166-c4.mp3,,,
Stilheden er ikke pinlig, den er helt normal.,d0-l166-c5.mp3,,
en uskreven regel,d0-l166-v01.mp3,,,
kulturforståelse (en),d0-l166-v02.mp3,,,
stilhed / tavshed (en),d0-l166-v03.mp3,,,
ligefrem,d0-l166-v05.mp3,,,
at bløde op,d0-l166-v07.mp3,,,
høflig,d0-l166-v08.mp3,,,
utilpas,d0-l166-v09.mp3,,,
en afvisning,d0-l166-v10.mp3,,,
ømtålelig,d0-l166-v11.mp3,,,
en spøg,d0-l166-v12.mp3,,,
harmløs,d0-l166-v13.mp3,,,
en kode,d0-l166-v14.mp3,,,
at fange tonen,d0-l166-v15.mp3,,,
"En udlænding kan tale fejlfrit og stadig virke lidt fremmed, fordi han ikke har fanget tonen.",d0-l166-r1.mp3,,,
"Den, der kopierer hele sætninger, har intet forstået.",d0-l167-a.mp3,,,
"At læse en fagtekst er en anden disciplin end at læse en roman. Målet er ikke nydelse, men udvinding: hvad påstår teksten, hvordan underbygger den det, og hvad kan jeg bruge? Derfor læser den øvede studerende i to tempi. Først skimmer han — titel, første sætning i hvert afsnit, konklusion — for at få overblik. Bagefter nærlæser han og tager noter undervejs. God notatteknik handler ikke om at skrive alt ned. Tværtimod: den, der kopierer hele sætninger, har intet forstået. Skriv med dine egne ord, kort, og fang kun nøgleordene. Mange deler siden i to: nøgleord til venstre, forklaring til højre, og nederst en linje med tekstens pointe, som man selv formulerer. Vigtigst er loyaliteten over for kilden. Når du refererer, skal du gengive forfatterens mening trofast — ikke fordreje den, og ikke lade, som om den er din egen. Brug vendinger som ""ifølge forfatteren"" eller ""forfatteren hævder, at"". Og hold altid din egen stemme adskilt: læseren skal kunne se, hvor kilden slutter, og hvor du selv begynder. At referere loyalt er ikke bare høflighed — det er grundlaget for al redelig videnskab.",d0-l167-t.mp3,,,
Ifølge rapporten er arbejdsløsheden faldet det seneste år.,d0-l167-c1.mp3,,,
"Forfatteren argumenterer for, at reformen var nødvendig.",d0-l167-c2.mp3,,,
"Hun sagde, at hun ville deltage næste gang.",d0-l167-c3.mp3,,,
Ifølge forfatteren er metoden god, efter min vurdering er den dyr.,d0-l167-c4.mp3,,
"Jeg noterede kun nøgleordene, ikke hele sætninger.",d0-l167-c5.mp3,,,
en fagtekst,d0-l167-v01.mp3,,,
akademisk,d0-l167-v02.mp3,,,
at nærlæse,d0-l167-v04.mp3,,,
notatteknik (en),d0-l167-v05.mp3,,,
at referere,d0-l167-v07.mp3,,,
loyal / trofast,d0-l167-v09.mp3,,,
en kilde,d0-l167-v10.mp3,,,
ifølge (X),d0-l167-v11.mp3,,,
at fordreje,d0-l167-v12.mp3,,,
redelig,d0-l167-v15.mp3,,,
"Målet er ikke nydelse, men udvinding: hvad påstår teksten, hvordan underbygger den det, og hvad kan jeg bruge?",d0-l167-r1.mp3,,,
"Sprog har altid ændret sig — det er ikke forfald, men liv.",d0-l177-a.mp3,,,
"»Er slang ødelæggende for sproget?« spurgte læreren, og klassen blev straks livlig. Mikkel mente, at unges sprog var ved at »forsimple« dansk. »Ingen skriver ordentligt mere,« sagde han. Yasmin var uenig. »Sprog har altid ændret sig,« svarede hun roligt. »Vi låner ord fra engelsk i dag, ligesom man lånte fra tysk og fransk for hundrede år siden. Det er ikke forfald — det er liv.« Læreren nikkede og tilføjede en vigtig pointe: et ord er hverken fint eller grimt i sig selv. Det afgørende er, om det passer til situationen. »At chille« lyder helt naturligt blandt venner, men skæmmer en ansøgning. Omvendt virker meget formelt sprog stift og køligt i en sms til en kammerat. »Så I skal ikke lære at undgå slang,« sluttede læreren. »I skal lære at skifte gear. Det kaldes at have flere registre. Den, der kun kan tale én måde, er faktisk dårligere klædt på end den, der kan veksle mellem det uformelle og det formelle alt efter, hvem man taler med.« Yasmin smilede — netop dét var forskellen på at kunne et sprog og at mestre det.",d0-l177-t.mp3,,,
"Jeg googlede det lige, før jeg svarede.",d0-l177-c1.mp3,,,
Filmen var sygt god — helt vildt.,d0-l177-c2.mp3,,,
I daglig tale siger man bare »en mobil«.,d0-l177-c3.mp3,,,
"Ordet er en anglicisme, der er blevet fordansket.",d0-l177-c4.mp3,,,
Sådan et udtryk passer ikke i en formel mail.,d0-l177-c5.mp3,,,
et forfald,d0-l177-v02.mp3,,,
en anglicisme,d0-l177-v03.mp3,,,
at fordanske (noget),d0-l177-v04.mp3,,,
et ungdomssprog,d0-l177-v05.mp3,,,
et standardsprog,d0-l177-v06.mp3,,,
passende,d0-l177-v08.mp3,,,
at skifte gear,d0-l177-v09.mp3,,,
at forsimple (noget),d0-l177-v10.mp3,,,
at låne ord,d0-l177-v11.mp3,,,
i daglig tale,d0-l177-v12.mp3,,,
stift,d0-l177-v14.mp3,,,
"»Så I skal ikke lære at undgå slang,« sluttede læreren. »I skal lære at skifte gear.« Den, der kun kan tale én måde, er dårligere klædt på end den, der kan veksle mellem det uformelle og det formelle.",d0-l177-r1.mp3,,,
I daglig tale siger man bare en mobil.,d0-l177-l13.mp3,,,
"Han siger, at han kommer til mødet i morgen.",d0-l178-a.mp3,,,
"I en akademisk tekst er det afgørende at gengive andres synspunkter loyalt. Man kan citere direkte, når de præcise ord betyder noget: Klimaforskeren Anne Holm skriver, at »hvert eneste tiendedels grad tæller«. Her står ordene i anførselstegn, og kilden er nævnt. Men ofte er det bedre at referere indirekte, altså at gengive indholdet med egne ord. I stedet for at kopiere en hel sætning skriver man: Ifølge Holm har selv små temperaturstigninger store konsekvenser. På den måde viser man, at man har forstået stoffet — ikke bare afskrevet det. Det farlige er plagiat. Hvis man tager en andens formulering ordret uden anførselstegn og uden kilde, er det snyd, uanset om det sker med vilje eller ej. Reglen er enkel: enten citerer man præcist og henviser, eller også omskriver man grundigt og henviser alligevel. Bemærk verberne. »Hun hævder« antyder en vis afstand, mens »hun påviser« signalerer, at man accepterer beviset. »Ifølge« er neutralt. Den, der vælger sine referatverber med omhu, styrer, hvordan læseren opfatter kilden — og fremstår selv som en troværdig og reflekteret skribent.",d0-l178-t.mp3,,,
"»Jeg kommer i morgen,« siger han.",d0-l178-c1.mp3,,,
"Han siger, at han kommer i morgen.",d0-l178-c2.mp3,,,
Ifølge forskeren er tallet steget.,d0-l178-c3.mp3,,,
"Ministeren hævder, at reformen virker.",d0-l178-c4.mp3,,,
"Hun pointerer, at vi ikke må glemme det.",d0-l178-c5.mp3,,,
at referere (til noget),d0-l178-v01.mp3,,,
at citere,d0-l178-v02.mp3,,,
direkte tale,d0-l178-v04.mp3,,,
at gengive (noget),d0-l178-v06.mp3,,,
loyalt,d0-l178-v07.mp3,,,
et anførselstegn,d0-l178-v08.mp3,,,
et plagiat,d0-l178-v11.mp3,,,
at omskrive (noget),d0-l178-v12.mp3,,,
at hævde (noget),d0-l178-v13.mp3,,,
"Hvis man tager en andens formulering ordret uden anførselstegn og uden kilde, er det snyd, uanset om det sker med vilje eller ej.",d0-l178-r1.mp3,,,
Ifølge rapporten stiger antallet af ansøgere.,d0-l178-l12.mp3,,,
"Jeg er delvist enig, men jeg ser det lidt anderledes.",d0-l179-a.mp3,,,
"På mødet lagde Sofie en plan frem om at spare ved at skære i kurserne. Der blev stille. Så tog Jonas ordet — roligt og venligt. »Du har fat i noget vigtigt,« begyndte han. »Vi er nødt til at spare, det er jeg helt enig i.« Sofie slappede lidt af. »Men,« fortsatte han, »jeg er ikke helt sikker på, at kurserne er det rigtige sted at skære. Man kunne indvende, at netop uddannelse på lang sigt sparer os penge, fordi folk bliver dygtigere og bliver længere i jobbet.« Han pegede ikke på Sofie som person"," han pegede på ideen. »Hvad hvis vi i stedet så på rejsebudgettet?« foreslog han. »Så rammer vi ikke medarbejdernes udvikling.« Sofie nikkede. Selvom hun blev modsagt, følte hun sig ikke angrebet. Jonas havde anerkendt hendes pointe først, dæmpet sin kritik med et forsigtigt »ikke helt sikker«, og sluttet med et konkret forslag frem for bare en afvisning. Det er forskellen på at nedgøre en idé og at forbedre den — og på en arbejdsplads er dén forskel guld værd.",d0-l179-t.mp3,,
"Du har fat i noget, og alligevel vil jeg indvende, at…",d0-l179-c2.mp3,,,
Det er nok ikke helt rigtigt.,d0-l179-c3.mp3,,,
Man kunne overveje en anden løsning.,d0-l179-c4.mp3,,,
"Jo, men set fra en anden vinkel virker det anderledes.",d0-l179-c5.mp3,,,
en kritik,d0-l179-v03.mp3,,,
konstruktiv,d0-l179-v04.mp3,,,
at indvende (noget),d0-l179-v05.mp3,,,
en modsigelse,d0-l179-v06.mp3,,,
at bløde (noget) op,d0-l179-v07.mp3,,,
ansigtsbevarende,d0-l179-v08.mp3,,,
at anerkende (noget),d0-l179-v09.mp3,,,
at dæmpe (noget),d0-l179-v10.mp3,,,
at nedgøre (nogen),d0-l179-v11.mp3,,,
at forbedre (noget),d0-l179-v14.mp3,,,
"Selvom hun blev modsagt, følte hun sig ikke angrebet. Jonas havde anerkendt hendes pointe først, dæmpet sin kritik og sluttet med et konkret forslag frem for bare en afvisning.",d0-l179-r1.mp3,,,
Hvad hvis vi i stedet så på rejsebudgettet?,d0-l179-l12.mp3,,,
Fejl er ikke noget at skamme sig over — de er vejen fremad.,d0-l180-a.mp3,,,
"Til den sidste time bad læreren ikke om en prøve. Hun bad om en plan. »I har lært utrolig meget,« sagde hun. »Men det vigtigste er ikke, hvad I kan i dag. Det er, hvordan I bliver ved efter eksamen.« Hun tegnede tre spørgsmål på tavlen. Hvad er jeg allerede god til? Hvor halter det stadig? Og hvad gør jeg helt konkret ved det? »Et mål som ›jeg vil blive bedre‹ er ubrugeligt,« forklarede hun. »Skriv i stedet: ›Jeg lytter til en podcast ti minutter hver morgen i tre uger.‹ Så kan I måle det.« Yasmin rakte hånden op. »Men hvad med alle de fejl, vi stadig laver?« Læreren smilede. »Før en fejllog. Hver gang nogen retter dig, så skriv fejlen og den rigtige form ned. Fejl er ikke noget at skamme sig over — de er selve vejen fremad.« Til sidst sagde hun noget, klassen huskede længe: »I dag holder I op med at være elever, der venter på at få stof. I bliver mennesker, der selv opsøger sproget. Dét er forskellen på at bestå en prøve og på virkelig at kunne et sprog. Held og lykke — og bliv ved.«",d0-l180-t.mp3,,,
Jeg vil læse en dansk artikel hver dag i en måned.,d0-l180-c1.mp3,,,
Jeg fører en fejllog for at lære af mine fejl.,d0-l180-c2.mp3,,,
"Det kommer til at tage tid, men jeg giver ikke op.",d0-l180-c3.mp3,,,
"Hvad er jeg god til, og hvor halter det?",d0-l180-c4.mp3,,,
Fejl er ikke fjender — de er data.,d0-l180-c5.mp3,,,
en mestring,d0-l180-v01.mp3,,,
at sætte sig et mål,d0-l180-v04.mp3,,,
en selvevaluering,d0-l180-v05.mp3,,,
en fejllog,d0-l180-v06.mp3,,,
at halte,d0-l180-v07.mp3,,,
at opsøge (noget),d0-l180-v09.mp3,,,
konkret,d0-l180-v10.mp3,,,
at måle (noget),d0-l180-v11.mp3,,,
et fremskridt,d0-l180-v13.mp3,,,
"»Det vigtigste er ikke, hvad I kan i dag. Det er, hvordan I bliver ved efter eksamen.« I dag holder I op med at være elever, der venter på at få stof. I bliver mennesker, der selv opsøger sproget.",d0-l180-r1.mp3,,,
Fejl er ikke noget at skamme sig over.,d0-l180-l5.mp3,,,
Jeg sætter mig et konkret mål hver uge.,d0-l180-l12.mp3,,,
